cluster_id,cluster_size,splits_involved,n_kept,n_removed,removal_reasons
24716,4,{'train': 4},1,3,DUPLICATE_NEAR
2,1,{'train': 1},1,0,
4,1,{'train': 1},1,0,
5,1,{'train': 1},1,0,
6,1,{'train': 1},1,0,
24718,3,{'train': 3},1,2,DUPLICATE_NEAR
8,1,{'train': 1},1,0,
9,1,{'train': 1},1,0,
10,1,{'train': 1},1,0,
11,1,{'train': 1},1,0,
13,2,{'train': 2},2,0,
24719,3,{'train': 3},1,2,DUPLICATE_NEAR
15,1,{'train': 1},1,0,
16,1,{'train': 1},1,0,
18,3,{'train': 3},1,2,DUPLICATE_NEAR
20,1,{'train': 1},1,0,
21,1,{'train': 1},1,0,
22,1,{'train': 1},1,0,
23,1,{'train': 1},1,0,
25,2,{'train': 2},2,0,
26,1,{'train': 1},1,0,
27,1,{'train': 1},1,0,
28,1,{'train': 1},1,0,
29,1,{'train': 1},1,0,
30,1,{'train': 1},1,0,
31,1,{'train': 1},1,0,
32,1,{'train': 1},1,0,
34,2,{'train': 2},2,0,
35,1,{'train': 1},1,0,
36,1,{'train': 1},1,0,
39,3,{'train': 3},1,2,DUPLICATE_NEAR
38,1,{'train': 1},1,0,
40,1,{'train': 1},1,0,
41,1,{'train': 1},1,0,
42,1,{'train': 1},1,0,
43,1,{'train': 1},1,0,
44,1,{'train': 1},1,0,
47,2,{'train': 2},2,0,
46,1,{'train': 1},1,0,
48,1,{'train': 1},1,0,
49,1,{'train': 1},1,0,
51,2,{'train': 2},2,0,
52,1,{'train': 1},1,0,
53,1,{'train': 1},1,0,
54,1,{'train': 1},1,0,
55,1,{'train': 1},1,0,
56,1,{'train': 1},1,0,
57,1,{'train': 1},1,0,
58,1,{'train': 1},1,0,
59,1,{'train': 1},1,0,
60,1,{'train': 1},1,0,
63,2,{'train': 2},2,0,
62,1,{'train': 1},1,0,
64,1,{'train': 1},1,0,
66,2,{'train': 2},2,0,
67,1,{'train': 1},1,0,
68,1,{'train': 1},1,0,
69,1,{'train': 1},1,0,
24723,3,{'train': 3},1,2,DUPLICATE_NEAR
72,1,{'train': 1},1,0,
73,1,{'train': 1},1,0,
45075,2,"{'train': 1, 'test': 1}",1,1,CROSS_SPLIT_NEARDUP_LEAKAGE
75,1,{'train': 1},1,0,
76,1,{'train': 1},1,0,
77,1,{'train': 1},1,0,
78,1,{'train': 1},1,0,
79,1,{'train': 1},1,0,
82,3,{'train': 3},1,2,DUPLICATE_NEAR
83,1,{'train': 1},1,0,
84,1,{'train': 1},1,0,
24725,3,{'train': 3},1,2,DUPLICATE_NEAR
86,1,{'train': 1},1,0,
87,1,{'train': 1},1,0,
88,1,{'train': 1},1,0,
89,1,{'train': 1},1,0,
92,2,{'train': 2},2,0,
91,1,{'train': 1},1,0,
93,1,{'train': 1},1,0,
94,1,{'train': 1},1,0,
95,1,{'train': 1},1,0,
96,1,{'train': 1},1,0,
97,1,{'train': 1},1,0,
98,1,{'train': 1},1,0,
99,1,{'train': 1},1,0,
100,1,{'train': 1},1,0,
101,1,{'train': 1},1,0,
102,1,{'train': 1},1,0,
103,1,{'train': 1},1,0,
104,1,{'train': 1},1,0,
105,1,{'train': 1},1,0,
106,1,{'train': 1},1,0,
107,1,{'train': 1},1,0,
108,1,{'train': 1},1,0,
109,1,{'train': 1},1,0,
110,1,{'train': 1},1,0,
111,1,{'train': 1},1,0,
112,1,{'train': 1},1,0,
113,1,{'train': 1},1,0,
114,1,{'train': 1},1,0,
115,1,{'train': 1},1,0,
116,1,{'train': 1},1,0,
117,1,{'train': 1},1,0,
118,1,{'train': 1},1,0,
119,1,{'train': 1},1,0,
120,1,{'train': 1},1,0,
121,1,{'train': 1},1,0,
122,1,{'train': 1},1,0,
123,1,{'train': 1},1,0,
124,1,{'train': 1},1,0,
125,1,{'train': 1},1,0,
126,1,{'train': 1},1,0,
127,1,{'train': 1},1,0,
128,1,{'train': 1},1,0,
129,1,{'train': 1},1,0,
130,1,{'train': 1},1,0,
131,1,{'train': 1},1,0,
132,1,{'train': 1},1,0,
133,1,{'train': 1},1,0,
134,1,{'train': 1},1,0,
135,1,{'train': 1},1,0,
136,1,{'train': 1},1,0,
137,1,{'train': 1},1,0,
138,1,{'train': 1},1,0,
139,1,{'train': 1},1,0,
140,1,{'train': 1},1,0,
141,1,{'train': 1},1,0,
142,1,{'train': 1},1,0,
143,1,{'train': 1},1,0,
144,1,{'train': 1},1,0,
145,1,{'train': 1},1,0,
146,1,{'train': 1},1,0,
147,1,{'train': 1},1,0,
148,1,{'train': 1},1,0,
149,1,{'train': 1},1,0,
150,1,{'train': 1},1,0,
151,1,{'train': 1},1,0,
152,1,{'train': 1},1,0,
153,1,{'train': 1},1,0,
154,1,{'train': 1},1,0,
155,1,{'train': 1},1,0,
156,1,{'train': 1},1,0,
157,1,{'train': 1},1,0,
158,1,{'train': 1},1,0,
159,1,{'train': 1},1,0,
160,1,{'train': 1},1,0,
161,1,{'train': 1},1,0,
162,1,{'train': 1},1,0,
163,1,{'train': 1},1,0,
164,1,{'train': 1},1,0,
165,1,{'train': 1},1,0,
166,1,{'train': 1},1,0,
167,1,{'train': 1},1,0,
168,1,{'train': 1},1,0,
169,1,{'train': 1},1,0,
170,1,{'train': 1},1,0,
171,1,{'train': 1},1,0,
172,1,{'train': 1},1,0,
173,1,{'train': 1},1,0,
174,1,{'train': 1},1,0,
175,1,{'train': 1},1,0,
176,1,{'train': 1},1,0,
177,1,{'train': 1},1,0,
178,1,{'train': 1},1,0,
179,1,{'train': 1},1,0,
180,1,{'train': 1},1,0,
181,1,{'train': 1},1,0,
182,1,{'train': 1},1,0,
183,1,{'train': 1},1,0,
184,1,{'train': 1},1,0,
185,1,{'train': 1},1,0,
186,1,{'train': 1},1,0,
187,1,{'train': 1},1,0,
188,1,{'train': 1},1,0,
189,1,{'train': 1},1,0,
190,1,{'train': 1},1,0,
191,1,{'train': 1},1,0,
192,1,{'train': 1},1,0,
193,1,{'train': 1},1,0,
194,1,{'train': 1},1,0,
195,1,{'train': 1},1,0,
196,1,{'train': 1},1,0,
197,1,{'train': 1},1,0,
198,1,{'train': 1},1,0,
199,1,{'train': 1},1,0,
200,1,{'train': 1},1,0,
201,1,{'train': 1},1,0,
202,1,{'train': 1},1,0,
203,1,{'train': 1},1,0,
204,1,{'train': 1},1,0,
205,1,{'train': 1},1,0,
206,1,{'train': 1},1,0,
207,1,{'train': 1},1,0,
208,1,{'train': 1},1,0,
209,1,{'train': 1},1,0,
210,1,{'train': 1},1,0,
211,1,{'train': 1},1,0,
212,1,{'train': 1},1,0,
213,1,{'train': 1},1,0,
214,1,{'train': 1},1,0,
215,1,{'train': 1},1,0,
216,1,{'train': 1},1,0,
217,1,{'train': 1},1,0,
218,1,{'train': 1},1,0,
219,1,{'train': 1},1,0,
220,1,{'train': 1},1,0,
221,1,{'train': 1},1,0,
222,1,{'train': 1},1,0,
223,1,{'train': 1},1,0,
224,1,{'train': 1},1,0,
225,1,{'train': 1},1,0,
226,1,{'train': 1},1,0,
227,1,{'train': 1},1,0,
228,1,{'train': 1},1,0,
229,1,{'train': 1},1,0,
230,1,{'train': 1},1,0,
231,1,{'train': 1},1,0,
232,1,{'train': 1},1,0,
233,1,{'train': 1},1,0,
234,1,{'train': 1},1,0,
235,1,{'train': 1},1,0,
236,1,{'train': 1},1,0,
237,1,{'train': 1},1,0,
238,1,{'train': 1},1,0,
239,1,{'train': 1},1,0,
240,1,{'train': 1},1,0,
241,1,{'train': 1},1,0,
242,1,{'train': 1},1,0,
243,1,{'train': 1},1,0,
244,1,{'train': 1},1,0,
245,1,{'train': 1},1,0,
246,1,{'train': 1},1,0,
247,1,{'train': 1},1,0,
248,1,{'train': 1},1,0,
249,1,{'train': 1},1,0,
250,1,{'train': 1},1,0,
251,1,{'train': 1},1,0,
252,1,{'train': 1},1,0,
253,1,{'train': 1},1,0,
254,1,{'train': 1},1,0,
255,1,{'train': 1},1,0,
256,1,{'train': 1},1,0,
257,1,{'train': 1},1,0,
258,1,{'train': 1},1,0,
259,1,{'train': 1},1,0,
260,1,{'train': 1},1,0,
261,1,{'train': 1},1,0,
262,1,{'train': 1},1,0,
263,1,{'train': 1},1,0,
264,1,{'train': 1},1,0,
265,1,{'train': 1},1,0,
266,1,{'train': 1},1,0,
267,1,{'train': 1},1,0,
268,1,{'train': 1},1,0,
269,1,{'train': 1},1,0,
270,1,{'train': 1},1,0,
271,1,{'train': 1},1,0,
272,1,{'train': 1},1,0,
273,1,{'train': 1},1,0,
274,1,{'train': 1},1,0,
275,1,{'train': 1},1,0,
276,1,{'train': 1},1,0,
277,1,{'train': 1},1,0,
278,1,{'train': 1},1,0,
279,1,{'train': 1},1,0,
280,1,{'train': 1},1,0,
281,1,{'train': 1},1,0,
282,1,{'train': 1},1,0,
283,1,{'train': 1},1,0,
284,1,{'train': 1},1,0,
285,1,{'train': 1},1,0,
286,1,{'train': 1},1,0,
287,1,{'train': 1},1,0,
288,1,{'train': 1},1,0,
289,1,{'train': 1},1,0,
290,1,{'train': 1},1,0,
291,1,{'train': 1},1,0,
292,1,{'train': 1},1,0,
293,1,{'train': 1},1,0,
294,1,{'train': 1},1,0,
295,1,{'train': 1},1,0,
296,1,{'train': 1},1,0,
297,1,{'train': 1},1,0,
298,1,{'train': 1},1,0,
299,1,{'train': 1},1,0,
300,1,{'train': 1},1,0,
301,1,{'train': 1},1,0,
302,1,{'train': 1},1,0,
303,1,{'train': 1},1,0,
304,1,{'train': 1},1,0,
305,1,{'train': 1},1,0,
306,1,{'train': 1},1,0,
307,1,{'train': 1},1,0,
308,1,{'train': 1},1,0,
309,1,{'train': 1},1,0,
310,1,{'train': 1},1,0,
311,1,{'train': 1},1,0,
312,1,{'train': 1},1,0,
313,1,{'train': 1},1,0,
314,1,{'train': 1},1,0,
315,1,{'train': 1},1,0,
316,1,{'train': 1},1,0,
317,1,{'train': 1},1,0,
318,1,{'train': 1},1,0,
319,1,{'train': 1},1,0,
320,1,{'train': 1},1,0,
321,1,{'train': 1},1,0,
322,1,{'train': 1},1,0,
323,1,{'train': 1},1,0,
324,1,{'train': 1},1,0,
325,1,{'train': 1},1,0,
326,1,{'train': 1},1,0,
327,1,{'train': 1},1,0,
328,1,{'train': 1},1,0,
329,1,{'train': 1},1,0,
330,1,{'train': 1},1,0,
331,1,{'train': 1},1,0,
332,1,{'train': 1},1,0,
333,1,{'train': 1},1,0,
334,1,{'train': 1},1,0,
335,1,{'train': 1},1,0,
336,1,{'train': 1},1,0,
337,1,{'train': 1},1,0,
338,1,{'train': 1},1,0,
339,1,{'train': 1},1,0,
340,1,{'train': 1},1,0,
341,1,{'train': 1},1,0,
342,1,{'train': 1},1,0,
343,1,{'train': 1},1,0,
344,1,{'train': 1},1,0,
345,1,{'train': 1},1,0,
346,1,{'train': 1},1,0,
347,1,{'train': 1},1,0,
348,1,{'train': 1},1,0,
349,1,{'train': 1},1,0,
350,1,{'train': 1},1,0,
351,1,{'train': 1},1,0,
352,1,{'train': 1},1,0,
353,1,{'train': 1},1,0,
354,1,{'train': 1},1,0,
355,1,{'train': 1},1,0,
356,1,{'train': 1},1,0,
357,1,{'train': 1},1,0,
358,1,{'train': 1},1,0,
359,1,{'train': 1},1,0,
360,1,{'train': 1},1,0,
361,1,{'train': 1},1,0,
362,1,{'train': 1},1,0,
363,1,{'train': 1},1,0,
364,1,{'train': 1},1,0,
365,1,{'train': 1},1,0,
366,1,{'train': 1},1,0,
367,1,{'train': 1},1,0,
368,1,{'train': 1},1,0,
369,1,{'train': 1},1,0,
370,1,{'train': 1},1,0,
371,1,{'train': 1},1,0,
372,1,{'train': 1},1,0,
373,1,{'train': 1},1,0,
374,1,{'train': 1},1,0,
375,1,{'train': 1},1,0,
376,1,{'train': 1},1,0,
377,1,{'train': 1},1,0,
378,1,{'train': 1},1,0,
379,1,{'train': 1},1,0,
380,1,{'train': 1},1,0,
381,1,{'train': 1},1,0,
382,1,{'train': 1},1,0,
383,1,{'train': 1},1,0,
384,1,{'train': 1},1,0,
385,1,{'train': 1},1,0,
386,1,{'train': 1},1,0,
387,1,{'train': 1},1,0,
388,1,{'train': 1},1,0,
389,1,{'train': 1},1,0,
390,1,{'train': 1},1,0,
391,1,{'train': 1},1,0,
392,1,{'train': 1},1,0,
393,1,{'train': 1},1,0,
394,1,{'train': 1},1,0,
395,1,{'train': 1},1,0,
396,1,{'train': 1},1,0,
397,1,{'train': 1},1,0,
398,1,{'train': 1},1,0,
399,1,{'train': 1},1,0,
400,1,{'train': 1},1,0,
401,1,{'train': 1},1,0,
402,1,{'train': 1},1,0,
403,1,{'train': 1},1,0,
404,1,{'train': 1},1,0,
405,1,{'train': 1},1,0,
406,1,{'train': 1},1,0,
407,1,{'train': 1},1,0,
408,1,{'train': 1},1,0,
409,1,{'train': 1},1,0,
410,1,{'train': 1},1,0,
411,1,{'train': 1},1,0,
412,1,{'train': 1},1,0,
413,1,{'train': 1},1,0,
414,1,{'train': 1},1,0,
415,1,{'train': 1},1,0,
416,1,{'train': 1},1,0,
417,1,{'train': 1},1,0,
418,1,{'train': 1},1,0,
419,1,{'train': 1},1,0,
420,1,{'train': 1},1,0,
421,1,{'train': 1},1,0,
422,1,{'train': 1},1,0,
423,1,{'train': 1},1,0,
424,1,{'train': 1},1,0,
425,1,{'train': 1},1,0,
426,1,{'train': 1},1,0,
427,1,{'train': 1},1,0,
428,1,{'train': 1},1,0,
429,1,{'train': 1},1,0,
430,1,{'train': 1},1,0,
431,1,{'train': 1},1,0,
432,1,{'train': 1},1,0,
433,1,{'train': 1},1,0,
434,1,{'train': 1},1,0,
435,1,{'train': 1},1,0,
436,1,{'train': 1},1,0,
437,1,{'train': 1},1,0,
438,1,{'train': 1},1,0,
439,1,{'train': 1},1,0,
33501,24,{'train': 24},1,23,DUPLICATE_NEAR
33675,14,{'train': 14},1,13,DUPLICATE_NEAR
31875,10,{'train': 10},1,9,DUPLICATE_NEAR
444,1,{'train': 1},1,0,
448,2,{'train': 2},2,0,
447,1,{'train': 1},1,0,
451,3,{'train': 3},1,2,DUPLICATE_NEAR
452,1,{'train': 1},1,0,
453,1,{'train': 1},1,0,
454,1,{'train': 1},1,0,
455,1,{'train': 1},1,0,
456,1,{'train': 1},1,0,
457,1,{'train': 1},1,0,
458,1,{'train': 1},1,0,
459,1,{'train': 1},1,0,
460,1,{'train': 1},1,0,
461,1,{'train': 1},1,0,
462,1,{'train': 1},1,0,
465,2,{'train': 2},2,0,
464,1,{'train': 1},1,0,
24728,4,{'train': 4},1,3,DUPLICATE_NEAR
469,1,{'train': 1},1,0,
470,1,{'train': 1},1,0,
6734,38,{'train': 38},1,37,DUPLICATE_NEAR
473,1,{'train': 1},1,0,
475,1,{'train': 1},1,0,
476,1,{'train': 1},1,0,
478,1,{'train': 1},1,0,
4559,3,{'train': 3},1,2,DUPLICATE_NEAR
483,1,{'train': 1},1,0,
485,1,{'train': 1},1,0,
11784,14,{'train': 14},1,13,DUPLICATE_NEAR
487,1,{'train': 1},1,0,
488,1,{'train': 1},1,0,
624,4,{'train': 4},1,3,DUPLICATE_NEAR
490,1,{'train': 1},1,0,
31652,46,{'train': 46},1,45,DUPLICATE_NEAR
12770,149,{'train': 149},1,148,DUPLICATE_NEAR
495,1,{'train': 1},1,0,
3437,49,{'train': 49},1,48,DUPLICATE_NEAR
500,1,{'train': 1},1,0,
501,1,{'train': 1},1,0,
503,1,{'train': 1},1,0,
521,2,{'train': 2},2,0,
505,1,{'train': 1},1,0,
506,1,{'train': 1},1,0,
507,1,{'train': 1},1,0,
508,1,{'train': 1},1,0,
510,2,{'train': 2},2,0,
511,1,{'train': 1},1,0,
512,1,{'train': 1},1,0,
513,1,{'train': 1},1,0,
514,1,{'train': 1},1,0,
515,1,{'train': 1},1,0,
516,1,{'train': 1},1,0,
517,1,{'train': 1},1,0,
518,1,{'train': 1},1,0,
519,1,{'train': 1},1,0,
520,1,{'train': 1},1,0,
522,1,{'train': 1},1,0,
523,1,{'train': 1},1,0,
524,1,{'train': 1},1,0,
525,1,{'train': 1},1,0,
526,1,{'train': 1},1,0,
528,2,{'train': 2},2,0,
529,1,{'train': 1},1,0,
530,1,{'train': 1},1,0,
531,1,{'train': 1},1,0,
546,4,{'train': 4},1,3,DUPLICATE_NEAR
534,1,{'train': 1},1,0,
535,1,{'train': 1},1,0,
552,5,{'train': 5},1,4,DUPLICATE_NEAR
548,2,{'train': 2},2,0,
30491,37,{'train': 37},1,36,DUPLICATE_NEAR
547,1,{'train': 1},1,0,
30493,10,{'train': 10},1,9,DUPLICATE_NEAR
24750,4,{'train': 4},1,3,DUPLICATE_NEAR
555,1,{'train': 1},1,0,
45136,2,"{'train': 1, 'test': 1}",1,1,CROSS_SPLIT_NEARDUP_LEAKAGE
557,1,{'train': 1},1,0,
558,1,{'train': 1},1,0,
559,1,{'train': 1},1,0,
560,1,{'train': 1},1,0,
6765,17,{'train': 17},1,16,DUPLICATE_NEAR
563,1,{'train': 1},1,0,
593,2,{'train': 2},2,0,
569,1,{'train': 1},1,0,
574,1,{'train': 1},1,0,
577,1,{'train': 1},1,0,
578,1,{'train': 1},1,0,
581,3,{'train': 3},1,2,DUPLICATE_NEAR
583,1,{'train': 1},1,0,
586,1,{'train': 1},1,0,
587,1,{'train': 1},1,0,
589,1,{'train': 1},1,0,
592,2,{'train': 2},2,0,
591,1,{'train': 1},1,0,
596,1,{'train': 1},1,0,
597,1,{'train': 1},1,0,
598,1,{'train': 1},1,0,
600,2,{'train': 2},2,0,
45144,2,"{'train': 1, 'test': 1}",1,1,CROSS_SPLIT_NEARDUP_LEAKAGE
9734,3,{'train': 3},1,2,DUPLICATE_NEAR
9757,12,{'train': 12},1,11,DUPLICATE_NEAR
608,1,{'train': 1},1,0,
609,1,{'train': 1},1,0,
610,1,{'train': 1},1,0,
611,1,{'train': 1},1,0,
613,1,{'train': 1},1,0,
40011,2,"{'train': 1, 'val': 1}",1,1,CROSS_SPLIT_NEARDUP_LEAKAGE
616,1,{'train': 1},1,0,
12777,7,{'train': 7},1,6,DUPLICATE_NEAR
30497,9,{'train': 9},1,8,DUPLICATE_NEAR
620,1,{'train': 1},1,0,
623,1,{'train': 1},1,0,
630,2,{'train': 2},2,0,
631,1,{'train': 1},1,0,
634,2,{'train': 2},2,0,
24768,2,{'train': 2},2,0,
636,2,{'train': 2},2,0,
637,1,{'train': 1},1,0,
638,1,{'train': 1},1,0,
639,1,{'train': 1},1,0,
640,1,{'train': 1},1,0,
641,1,{'train': 1},1,0,
642,1,{'train': 1},1,0,
643,1,{'train': 1},1,0,
644,1,{'train': 1},1,0,
646,2,{'train': 2},2,0,
647,1,{'train': 1},1,0,
24769,2,{'train': 2},2,0,
649,1,{'train': 1},1,0,
651,3,{'train': 3},1,2,DUPLICATE_NEAR
660,3,{'train': 3},1,2,DUPLICATE_NEAR
654,1,{'train': 1},1,0,
656,1,{'train': 1},1,0,
657,1,{'train': 1},1,0,
658,1,{'train': 1},1,0,
659,1,{'train': 1},1,0,
661,1,{'train': 1},1,0,
3266,2,{'train': 2},2,0,
663,1,{'train': 1},1,0,
678,10,{'train': 10},1,9,DUPLICATE_NEAR
28086,36,{'train': 36},1,35,DUPLICATE_NEAR
677,5,{'train': 5},1,4,DUPLICATE_NEAR
668,1,{'train': 1},1,0,
670,1,{'train': 1},1,0,
672,1,{'train': 1},1,0,
674,1,{'train': 1},1,0,
675,1,{'train': 1},1,0,
679,1,{'train': 1},1,0,
680,1,{'train': 1},1,0,
681,1,{'train': 1},1,0,
24776,2,{'train': 2},2,0,
4854,6,{'train': 6},1,5,DUPLICATE_NEAR
684,1,{'train': 1},1,0,
3264,2,{'train': 2},2,0,
686,1,{'train': 1},1,0,
24777,2,{'train': 2},2,0,
24778,2,{'train': 2},2,0,
689,1,{'train': 1},1,0,
690,1,{'train': 1},1,0,
692,1,{'train': 1},1,0,
693,1,{'train': 1},1,0,
24780,2,{'train': 2},2,0,
695,1,{'train': 1},1,0,
696,1,{'train': 1},1,0,
24782,3,{'train': 3},1,2,DUPLICATE_NEAR
699,2,{'train': 2},2,0,
700,1,{'train': 1},1,0,
701,1,{'train': 1},1,0,
702,1,{'train': 1},1,0,
703,1,{'train': 1},1,0,
704,1,{'train': 1},1,0,
705,1,{'train': 1},1,0,
706,1,{'train': 1},1,0,
707,1,{'train': 1},1,0,
725,2,{'train': 2},2,0,
709,1,{'train': 1},1,0,
710,1,{'train': 1},1,0,
711,1,{'train': 1},1,0,
712,1,{'train': 1},1,0,
11799,2,{'train': 2},2,0,
715,1,{'train': 1},1,0,
11789,3,{'train': 3},1,2,DUPLICATE_NEAR
24790,113,{'train': 113},1,112,DUPLICATE_NEAR
722,1,{'train': 1},1,0,
4920,3,{'train': 3},1,2,DUPLICATE_NEAR
731,10,{'train': 10},1,9,DUPLICATE_NEAR
727,1,{'train': 1},1,0,
729,1,{'train': 1},1,0,
730,1,{'train': 1},1,0,
733,2,{'train': 2},2,0,
734,1,{'train': 1},1,0,
735,1,{'train': 1},1,0,
736,1,{'train': 1},1,0,
737,1,{'train': 1},1,0,
738,1,{'train': 1},1,0,
739,1,{'train': 1},1,0,
740,1,{'train': 1},1,0,
741,1,{'train': 1},1,0,
748,2,{'train': 2},2,0,
783,2,{'train': 2},2,0,
751,1,{'train': 1},1,0,
754,1,{'train': 1},1,0,
11830,3,{'train': 3},1,2,DUPLICATE_NEAR
757,1,{'train': 1},1,0,
759,1,{'train': 1},1,0,
760,1,{'train': 1},1,0,
762,1,{'train': 1},1,0,
764,1,{'train': 1},1,0,
768,1,{'train': 1},1,0,
5748,8,{'train': 8},1,7,DUPLICATE_NEAR
773,1,{'train': 1},1,0,
774,1,{'train': 1},1,0,
775,1,{'train': 1},1,0,
784,2,{'train': 2},2,0,
778,1,{'train': 1},1,0,
781,2,{'train': 2},2,0,
782,1,{'train': 1},1,0,
785,1,{'train': 1},1,0,
786,1,{'train': 1},1,0,
787,1,{'train': 1},1,0,
788,1,{'train': 1},1,0,
789,1,{'train': 1},1,0,
790,1,{'train': 1},1,0,
952,132,"{'train': 131, 'test': 1}",1,131,CROSS_SPLIT_NEARDUP_LEAKAGE;DUPLICATE_NEAR
792,1,{'train': 1},1,0,
793,1,{'train': 1},1,0,
1305,147,{'train': 147},1,146,DUPLICATE_NEAR
2484,134,{'train': 134},1,133,DUPLICATE_NEAR
3795,107,"{'train': 101, 'test': 6}",1,106,CROSS_SPLIT_NEARDUP_LEAKAGE;DUPLICATE_NEAR
797,1,{'train': 1},1,0,
798,1,{'train': 1},1,0,
799,1,{'train': 1},1,0,
802,1,{'train': 1},1,0,
803,1,{'train': 1},1,0,
804,1,{'train': 1},1,0,
1039,85,{'train': 85},1,84,DUPLICATE_NEAR
3283,2,{'train': 2},2,0,
807,1,{'train': 1},1,0,
811,1,{'train': 1},1,0,
813,1,{'train': 1},1,0,
814,1,{'train': 1},1,0,
11796,2,{'train': 2},2,0,
823,1,{'train': 1},1,0,
825,1,{'train': 1},1,0,
829,2,{'train': 2},2,0,
830,1,{'train': 1},1,0,
3785,131,{'train': 131},1,130,DUPLICATE_NEAR
837,1,{'train': 1},1,0,
838,1,{'train': 1},1,0,
839,1,{'train': 1},1,0,
24816,4,{'train': 4},1,3,DUPLICATE_NEAR
841,1,{'train': 1},1,0,
844,1,{'train': 1},1,0,
845,1,{'train': 1},1,0,
846,1,{'train': 1},1,0,
852,1,{'train': 1},1,0,
853,1,{'train': 1},1,0,
5110,2,{'train': 2},2,0,
855,1,{'train': 1},1,0,
861,1,{'train': 1},1,0,
862,1,{'train': 1},1,0,
864,1,{'train': 1},1,0,
874,2,{'train': 2},2,0,
11785,2,{'train': 2},2,0,
870,6,{'train': 6},1,5,DUPLICATE_NEAR
873,1,{'train': 1},1,0,
878,1,{'train': 1},1,0,
880,1,{'train': 1},1,0,
882,1,{'train': 1},1,0,
885,1,{'train': 1},1,0,
24824,2,{'train': 2},2,0,
24825,3,{'train': 3},1,2,DUPLICATE_NEAR
890,1,{'train': 1},1,0,
893,1,{'train': 1},1,0,
894,1,{'train': 1},1,0,
896,2,{'train': 2},2,0,
898,1,{'train': 1},1,0,
5180,3,{'train': 3},1,2,DUPLICATE_NEAR
900,1,{'train': 1},1,0,
901,1,{'train': 1},1,0,
5181,2,{'train': 2},2,0,
906,1,{'train': 1},1,0,
907,1,{'train': 1},1,0,
911,1,{'train': 1},1,0,
912,1,{'train': 1},1,0,
913,1,{'train': 1},1,0,
914,1,{'train': 1},1,0,
915,1,{'train': 1},1,0,
916,1,{'train': 1},1,0,
920,1,{'train': 1},1,0,
922,1,{'train': 1},1,0,
994,2,{'train': 2},2,0,
925,1,{'train': 1},1,0,
926,1,{'train': 1},1,0,
7856,95,{'train': 95},1,94,DUPLICATE_NEAR
931,1,{'train': 1},1,0,
932,1,{'train': 1},1,0,
26064,34,{'train': 34},1,33,DUPLICATE_NEAR
30512,111,{'train': 111},1,110,DUPLICATE_NEAR
11226,12,"{'train': 9, 'test': 3}",1,11,CROSS_SPLIT_NEARDUP_LEAKAGE;DUPLICATE_NEAR
12802,271,{'train': 271},1,270,DUPLICATE_NEAR
11257,4,{'train': 4},1,3,DUPLICATE_NEAR
942,1,{'train': 1},1,0,
944,1,{'train': 1},1,0,
3976,12,"{'train': 11, 'test': 1}",1,11,CROSS_SPLIT_NEARDUP_LEAKAGE;DUPLICATE_NEAR
949,1,{'train': 1},1,0,
954,1,{'train': 1},1,0,
959,1,{'train': 1},1,0,
964,1,{'train': 1},1,0,
965,1,{'train': 1},1,0,
966,1,{'train': 1},1,0,
968,1,{'train': 1},1,0,
969,1,{'train': 1},1,0,
24839,2,{'train': 2},2,0,
971,1,{'train': 1},1,0,
972,1,{'train': 1},1,0,
974,2,{'train': 2},2,0,
975,1,{'train': 1},1,0,
976,1,{'train': 1},1,0,
978,1,{'train': 1},1,0,
4082,3,{'train': 3},1,2,DUPLICATE_NEAR
981,1,{'train': 1},1,0,
3916,7,{'train': 7},1,6,DUPLICATE_NEAR
984,1,{'train': 1},1,0,
24840,2,{'train': 2},2,0,
989,1,{'train': 1},1,0,
990,1,{'train': 1},1,0,
992,2,{'train': 2},2,0,
993,1,{'train': 1},1,0,
998,2,{'train': 2},2,0,
999,1,{'train': 1},1,0,
5279,3,{'train': 3},1,2,DUPLICATE_NEAR
1003,1,{'train': 1},1,0,
1021,2,{'train': 2},2,0,
11847,2,{'train': 2},2,0,
30278,129,{'train': 129},1,128,DUPLICATE_NEAR
2856,59,{'train': 59},1,58,DUPLICATE_NEAR
26451,18,{'train': 18},1,17,DUPLICATE_NEAR
1011,1,{'train': 1},1,0,
25507,42,{'train': 42},1,41,DUPLICATE_NEAR
5832,2,{'train': 2},2,0,
1014,1,{'train': 1},1,0,
11849,2,{'train': 2},2,0,
11898,18,"{'train': 17, 'val': 1}",1,17,CROSS_SPLIT_NEARDUP_LEAKAGE;DUPLICATE_NEAR
11901,21,"{'train': 19, 'test': 2}",1,20,CROSS_SPLIT_NEARDUP_LEAKAGE;DUPLICATE_NEAR
1023,1,{'train': 1},1,0,
1300,4,{'train': 4},1,3,DUPLICATE_NEAR
1027,2,{'train': 2},2,0,
1026,1,{'train': 1},1,0,
1029,1,{'train': 1},1,0,
5280,2,{'train': 2},2,0,
5301,2,{'train': 2},2,0,
1036,1,{'train': 1},1,0,
1038,1,{'train': 1},1,0,
1041,1,{'train': 1},1,0,
1042,1,{'train': 1},1,0,
24851,6,{'train': 6},1,5,DUPLICATE_NEAR
1045,1,{'train': 1},1,0,
1047,1,{'train': 1},1,0,
1048,1,{'train': 1},1,0,
1049,1,{'train': 1},1,0,
1050,1,{'train': 1},1,0,
1051,1,{'train': 1},1,0,
1108,3,{'train': 3},1,2,DUPLICATE_NEAR
1054,1,{'train': 1},1,0,
1055,1,{'train': 1},1,0,
1056,1,{'train': 1},1,0,
1058,1,{'train': 1},1,0,
3287,2,{'train': 2},2,0,
1060,1,{'train': 1},1,0,
1061,1,{'train': 1},1,0,
1062,1,{'train': 1},1,0,
1063,1,{'train': 1},1,0,
1065,2,{'train': 2},2,0,
1066,1,{'train': 1},1,0,
1068,2,{'train': 2},2,0,
1071,1,{'train': 1},1,0,
1077,2,{'train': 2},2,0,
1078,1,{'train': 1},1,0,
1713,5,{'train': 5},1,4,DUPLICATE_NEAR
1083,1,{'train': 1},1,0,
1093,3,{'train': 3},1,2,DUPLICATE_NEAR
1098,5,{'train': 5},1,4,DUPLICATE_NEAR
1087,1,{'train': 1},1,0,
39723,2,"{'train': 1, 'val': 1}",1,1,CROSS_SPLIT_NEARDUP_LEAKAGE
1096,1,{'train': 1},1,0,
1100,1,{'train': 1},1,0,
1101,1,{'train': 1},1,0,
1103,1,{'train': 1},1,0,
1104,1,{'train': 1},1,0,
24861,2,{'train': 2},2,0,
1112,1,{'train': 1},1,0,
1113,1,{'train': 1},1,0,
1114,1,{'train': 1},1,0,
24862,2,{'train': 2},2,0,
1121,1,{'train': 1},1,0,
5338,2,{'train': 2},2,0,
1124,1,{'train': 1},1,0,
1133,3,{'train': 3},1,2,DUPLICATE_NEAR
1128,1,{'train': 1},1,0,
1129,1,{'train': 1},1,0,
1131,2,{'train': 2},2,0,
1134,1,{'train': 1},1,0,
5366,2,{'train': 2},2,0,
1136,1,{'train': 1},1,0,
1137,1,{'train': 1},1,0,
1138,1,{'train': 1},1,0,
1140,2,{'train': 2},2,0,
1142,1,{'train': 1},1,0,
1145,1,{'train': 1},1,0,
24863,4,{'train': 4},1,3,DUPLICATE_NEAR
1148,1,{'train': 1},1,0,
1152,1,{'train': 1},1,0,
1224,57,{'train': 57},1,56,DUPLICATE_NEAR
1155,1,{'train': 1},1,0,
24979,10,{'train': 10},1,9,DUPLICATE_NEAR
26852,13,{'train': 13},1,12,DUPLICATE_NEAR
1159,1,{'train': 1},1,0,
1163,1,{'train': 1},1,0,
1164,1,{'train': 1},1,0,
1165,1,{'train': 1},1,0,
1167,1,{'train': 1},1,0,
1168,1,{'train': 1},1,0,
1169,1,{'train': 1},1,0,
1172,1,{'train': 1},1,0,
1175,1,{'train': 1},1,0,
12236,63,{'train': 63},1,62,DUPLICATE_NEAR
1179,1,{'train': 1},1,0,
11914,11,{'train': 11},1,10,DUPLICATE_NEAR
11927,12,{'train': 12},1,11,DUPLICATE_NEAR
24848,3,{'train': 3},1,2,DUPLICATE_NEAR
30642,5,{'train': 5},1,4,DUPLICATE_NEAR
24868,3,{'train': 3},1,2,DUPLICATE_NEAR
1192,1,{'train': 1},1,0,
1193,1,{'train': 1},1,0,
1200,1,{'train': 1},1,0,
1201,1,{'train': 1},1,0,
1213,3,{'train': 3},1,2,DUPLICATE_NEAR
1203,1,{'train': 1},1,0,
24877,3,{'train': 3},1,2,DUPLICATE_NEAR
1210,1,{'train': 1},1,0,
1211,1,{'train': 1},1,0,
1214,1,{'train': 1},1,0,
1215,1,{'train': 1},1,0,
1216,1,{'train': 1},1,0,
1219,1,{'train': 1},1,0,
1227,1,{'train': 1},1,0,
1228,1,{'train': 1},1,0,
1231,1,{'train': 1},1,0,
1232,1,{'train': 1},1,0,
1236,1,{'train': 1},1,0,
1240,1,{'train': 1},1,0,
1245,1,{'train': 1},1,0,
1246,1,{'train': 1},1,0,
1247,1,{'train': 1},1,0,
1257,2,{'train': 2},2,0,
1256,1,{'train': 1},1,0,
26080,27,{'train': 27},1,26,DUPLICATE_NEAR
1261,1,{'train': 1},1,0,
1264,1,{'train': 1},1,0,
1265,1,{'train': 1},1,0,
1266,1,{'train': 1},1,0,
1268,1,{'train': 1},1,0,
1276,2,{'train': 2},2,0,
1273,1,{'train': 1},1,0,
1278,1,{'train': 1},1,0,
1280,1,{'train': 1},1,0,
1281,1,{'train': 1},1,0,
1282,1,{'train': 1},1,0,
1286,1,{'train': 1},1,0,
1287,1,{'train': 1},1,0,
1289,2,{'train': 2},2,0,
1290,1,{'train': 1},1,0,
1292,1,{'train': 1},1,0,
1293,1,{'train': 1},1,0,
1294,1,{'train': 1},1,0,
1295,1,{'train': 1},1,0,
1296,1,{'train': 1},1,0,
1297,1,{'train': 1},1,0,
1298,1,{'train': 1},1,0,
1299,1,{'train': 1},1,0,
1308,1,{'train': 1},1,0,
1311,1,{'train': 1},1,0,
1315,1,{'train': 1},1,0,
1316,1,{'train': 1},1,0,
11871,5,{'train': 5},1,4,DUPLICATE_NEAR
1320,1,{'train': 1},1,0,
1324,2,{'train': 2},2,0,
1333,4,{'train': 4},1,3,DUPLICATE_NEAR
1327,1,{'train': 1},1,0,
1331,1,{'train': 1},1,0,
1335,1,{'train': 1},1,0,
1338,1,{'train': 1},1,0,
1340,1,{'train': 1},1,0,
1341,1,{'train': 1},1,0,
1343,1,{'train': 1},1,0,
1344,1,{'train': 1},1,0,
1346,1,{'train': 1},1,0,
1351,1,{'train': 1},1,0,
1352,1,{'train': 1},1,0,
1354,1,{'train': 1},1,0,
1357,1,{'train': 1},1,0,
1363,3,{'train': 3},1,2,DUPLICATE_NEAR
1366,1,{'train': 1},1,0,
1368,1,{'train': 1},1,0,
1369,1,{'train': 1},1,0,
1370,1,{'train': 1},1,0,
4742,4,{'train': 4},1,3,DUPLICATE_NEAR
1377,1,{'train': 1},1,0,
11930,5,{'train': 5},1,4,DUPLICATE_NEAR
1384,2,{'train': 2},2,0,
1383,1,{'train': 1},1,0,
1404,2,{'train': 2},2,0,
1389,1,{'train': 1},1,0,
1390,1,{'train': 1},1,0,
1394,1,{'train': 1},1,0,
1398,1,{'train': 1},1,0,
1400,1,{'train': 1},1,0,
1401,1,{'train': 1},1,0,
1405,1,{'train': 1},1,0,
1406,1,{'train': 1},1,0,
1409,1,{'train': 1},1,0,
1411,1,{'train': 1},1,0,
1412,1,{'train': 1},1,0,
1413,1,{'train': 1},1,0,
1414,1,{'train': 1},1,0,
1416,1,{'train': 1},1,0,
1425,1,{'train': 1},1,0,
1429,1,{'train': 1},1,0,
1431,1,{'train': 1},1,0,
1432,1,{'train': 1},1,0,
4201,4,{'train': 4},1,3,DUPLICATE_NEAR
1435,1,{'train': 1},1,0,
1438,1,{'train': 1},1,0,
1439,1,{'train': 1},1,0,
1440,1,{'train': 1},1,0,
1443,1,{'train': 1},1,0,
1735,3,{'train': 3},1,2,DUPLICATE_NEAR
1445,1,{'train': 1},1,0,
1449,1,{'train': 1},1,0,
1450,1,{'train': 1},1,0,
1455,2,{'train': 2},2,0,
1453,1,{'train': 1},1,0,
24912,4,{'train': 4},1,3,DUPLICATE_NEAR
5629,2,{'train': 2},2,0,
1462,1,{'train': 1},1,0,
1464,1,{'train': 1},1,0,
5630,2,{'train': 2},2,0,
5655,3,{'train': 3},1,2,DUPLICATE_NEAR
1470,1,{'train': 1},1,0,
1471,1,{'train': 1},1,0,
1474,1,{'train': 1},1,0,
1475,1,{'train': 1},1,0,
1489,1,{'train': 1},1,0,
1491,1,{'train': 1},1,0,
1492,1,{'train': 1},1,0,
1494,1,{'train': 1},1,0,
1504,1,{'train': 1},1,0,
1505,1,{'train': 1},1,0,
1508,2,{'train': 2},2,0,
1507,1,{'train': 1},1,0,
1511,1,{'train': 1},1,0,
1512,1,{'train': 1},1,0,
5681,2,{'train': 2},2,0,
1521,1,{'train': 1},1,0,
1522,1,{'train': 1},1,0,
1523,1,{'train': 1},1,0,
1524,1,{'train': 1},1,0,
1525,1,{'train': 1},1,0,
1526,1,{'train': 1},1,0,
1527,1,{'train': 1},1,0,
1528,1,{'train': 1},1,0,
1529,1,{'train': 1},1,0,
30875,25,{'train': 25},1,24,DUPLICATE_NEAR
1537,1,{'train': 1},1,0,
45541,5,"{'train': 4, 'test': 1}",1,4,CROSS_SPLIT_NEARDUP_LEAKAGE;DUPLICATE_NEAR
30874,32,{'train': 32},1,31,DUPLICATE_NEAR
1543,1,{'train': 1},1,0,
1545,1,{'train': 1},1,0,
1546,1,{'train': 1},1,0,
1548,1,{'train': 1},1,0,
26820,8,{'train': 8},1,7,DUPLICATE_NEAR
1558,2,{'train': 2},2,0,
1556,2,{'train': 2},2,0,
1559,1,{'train': 1},1,0,
1560,1,{'train': 1},1,0,
1569,1,{'train': 1},1,0,
45225,2,"{'train': 1, 'test': 1}",1,1,CROSS_SPLIT_NEARDUP_LEAKAGE
1575,1,{'train': 1},1,0,
1577,1,{'train': 1},1,0,
4114,4,{'train': 4},1,3,DUPLICATE_NEAR
1581,1,{'train': 1},1,0,
24954,30,{'train': 30},1,29,DUPLICATE_NEAR
1586,2,{'train': 2},2,0,
1589,1,{'train': 1},1,0,
1590,1,{'train': 1},1,0,
1591,1,{'train': 1},1,0,
1594,1,{'train': 1},1,0,
30879,4,{'train': 4},1,3,DUPLICATE_NEAR
1597,1,{'train': 1},1,0,
26836,11,{'train': 11},1,10,DUPLICATE_NEAR
1600,1,{'train': 1},1,0,
1602,1,{'train': 1},1,0,
1613,1,{'train': 1},1,0,
1614,1,{'train': 1},1,0,
1617,1,{'train': 1},1,0,
1620,1,{'train': 1},1,0,
1632,1,{'train': 1},1,0,
1635,1,{'train': 1},1,0,
11240,25,{'train': 25},1,24,DUPLICATE_NEAR
28257,100,{'train': 100},1,99,DUPLICATE_NEAR
1646,2,{'train': 2},2,0,
26398,63,{'train': 63},1,62,DUPLICATE_NEAR
1645,1,{'train': 1},1,0,
1647,1,{'train': 1},1,0,
1659,1,{'train': 1},1,0,
1660,1,{'train': 1},1,0,
1661,1,{'train': 1},1,0,
26863,48,{'train': 48},1,47,DUPLICATE_NEAR
1667,1,{'train': 1},1,0,
1668,1,{'train': 1},1,0,
7114,2,{'train': 2},2,0,
7118,2,{'train': 2},2,0,
1677,1,{'train': 1},1,0,
1678,1,{'train': 1},1,0,
24985,14,{'train': 14},1,13,DUPLICATE_NEAR
7124,2,{'train': 2},2,0,
1685,1,{'train': 1},1,0,
1686,1,{'train': 1},1,0,
25096,54,{'train': 54},1,53,DUPLICATE_NEAR
1694,1,{'train': 1},1,0,
24998,4,{'train': 4},1,3,DUPLICATE_NEAR
1697,1,{'train': 1},1,0,
24993,9,{'train': 9},1,8,DUPLICATE_NEAR
1703,1,{'train': 1},1,0,
1706,1,{'train': 1},1,0,
1707,1,{'train': 1},1,0,
1710,1,{'train': 1},1,0,
1721,1,{'train': 1},1,0,
12416,3,{'train': 3},1,2,DUPLICATE_NEAR
7219,4,{'train': 4},1,3,DUPLICATE_NEAR
7218,8,{'train': 8},1,7,DUPLICATE_NEAR
26880,17,{'train': 17},1,16,DUPLICATE_NEAR
1738,2,{'train': 2},2,0,
1736,1,{'train': 1},1,0,
1813,3,{'train': 3},1,2,DUPLICATE_NEAR
1740,1,{'train': 1},1,0,
1743,1,{'train': 1},1,0,
1748,1,{'train': 1},1,0,
1749,1,{'train': 1},1,0,
1751,1,{'train': 1},1,0,
1755,1,{'train': 1},1,0,
39776,3,"{'train': 2, 'val': 1}",2,1,CROSS_SPLIT_NEARDUP_LEAKAGE
1764,1,{'train': 1},1,0,
1765,1,{'train': 1},1,0,
26905,29,{'train': 29},1,28,DUPLICATE_NEAR
26906,14,{'train': 14},1,13,DUPLICATE_NEAR
1769,1,{'train': 1},1,0,
1770,1,{'train': 1},1,0,
1777,1,{'train': 1},1,0,
4123,4,{'train': 4},1,3,DUPLICATE_NEAR
1779,1,{'train': 1},1,0,
1781,1,{'train': 1},1,0,
1782,1,{'train': 1},1,0,
1784,1,{'train': 1},1,0,
1787,1,{'train': 1},1,0,
1789,1,{'train': 1},1,0,
30917,8,{'train': 8},1,7,DUPLICATE_NEAR
1796,1,{'train': 1},1,0,
1800,1,{'train': 1},1,0,
7335,14,{'train': 14},1,13,DUPLICATE_NEAR
1803,1,{'train': 1},1,0,
1805,1,{'train': 1},1,0,
26937,8,{'train': 8},1,7,DUPLICATE_NEAR
1811,1,{'train': 1},1,0,
1814,1,{'train': 1},1,0,
1815,1,{'train': 1},1,0,
7357,9,{'train': 9},1,8,DUPLICATE_NEAR
1817,1,{'train': 1},1,0,
25041,4,{'train': 4},1,3,DUPLICATE_NEAR
1820,1,{'train': 1},1,0,
26941,7,{'train': 7},1,6,DUPLICATE_NEAR
25046,4,{'train': 4},1,3,DUPLICATE_NEAR
1824,1,{'train': 1},1,0,
7382,2,{'train': 2},2,0,
26947,50,{'train': 50},1,49,DUPLICATE_NEAR
1827,1,{'train': 1},1,0,
12538,6,{'train': 6},1,5,DUPLICATE_NEAR
25353,18,{'train': 18},1,17,DUPLICATE_NEAR
1832,1,{'train': 1},1,0,
26952,16,{'train': 16},1,15,DUPLICATE_NEAR
1834,1,{'train': 1},1,0,
1837,1,{'train': 1},1,0,
1838,1,{'train': 1},1,0,
1839,1,{'train': 1},1,0,
7454,17,{'train': 17},1,16,DUPLICATE_NEAR
30933,7,{'train': 7},1,6,DUPLICATE_NEAR
26966,34,{'train': 34},1,33,DUPLICATE_NEAR
1845,1,{'train': 1},1,0,
1847,1,{'train': 1},1,0,
1848,1,{'train': 1},1,0,
1851,1,{'train': 1},1,0,
1853,1,{'train': 1},1,0,
1854,1,{'train': 1},1,0,
2342,5,{'train': 5},1,4,DUPLICATE_NEAR
1856,1,{'train': 1},1,0,
1857,1,{'train': 1},1,0,
1858,1,{'train': 1},1,0,
1859,1,{'train': 1},1,0,
1860,1,{'train': 1},1,0,
1861,1,{'train': 1},1,0,
1862,1,{'train': 1},1,0,
1863,1,{'train': 1},1,0,
1864,1,{'train': 1},1,0,
1865,1,{'train': 1},1,0,
1866,1,{'train': 1},1,0,
1867,1,{'train': 1},1,0,
1868,1,{'train': 1},1,0,
30986,67,{'train': 67},1,66,DUPLICATE_NEAR
7597,2,{'train': 2},2,0,
31961,171,{'train': 171},1,170,DUPLICATE_NEAR
27045,52,{'train': 52},1,51,DUPLICATE_NEAR
7702,10,{'train': 10},1,9,DUPLICATE_NEAR
1874,1,{'train': 1},1,0,
1877,1,{'train': 1},1,0,
1880,1,{'train': 1},1,0,
7781,5,{'train': 5},1,4,DUPLICATE_NEAR
1885,1,{'train': 1},1,0,
1887,1,{'train': 1},1,0,
1948,2,{'train': 2},2,0,
45271,2,"{'train': 1, 'test': 1}",1,1,CROSS_SPLIT_NEARDUP_LEAKAGE
1890,1,{'train': 1},1,0,
1891,1,{'train': 1},1,0,
7701,18,{'train': 18},1,17,DUPLICATE_NEAR
1895,1,{'train': 1},1,0,
1898,1,{'train': 1},1,0,
1900,1,{'train': 1},1,0,
1902,1,{'train': 1},1,0,
7754,3,{'train': 3},1,2,DUPLICATE_NEAR
1906,1,{'train': 1},1,0,
12702,4,{'train': 4},1,3,DUPLICATE_NEAR
7801,3,{'train': 3},1,2,DUPLICATE_NEAR
1909,1,{'train': 1},1,0,
1910,1,{'train': 1},1,0,
1911,1,{'train': 1},1,0,
1936,83,{'train': 83},1,82,DUPLICATE_NEAR
1913,1,{'train': 1},1,0,
8044,25,{'train': 25},1,24,DUPLICATE_NEAR
1920,2,{'train': 2},2,0,
2924,26,{'train': 26},1,25,DUPLICATE_NEAR
1927,2,{'train': 2},2,0,
5339,3,{'train': 3},1,2,DUPLICATE_NEAR
40937,3,"{'train': 1, 'val': 2}",2,1,CROSS_SPLIT_NEARDUP_LEAKAGE
1925,1,{'train': 1},1,0,
1926,1,{'train': 1},1,0,
1930,1,{'train': 1},1,0,
1931,1,{'train': 1},1,0,
1933,1,{'train': 1},1,0,
1935,2,{'train': 2},2,0,
8040,2,{'train': 2},2,0,
1940,1,{'train': 1},1,0,
1941,1,{'train': 1},1,0,
1942,1,{'train': 1},1,0,
1944,1,{'train': 1},1,0,
1945,1,{'train': 1},1,0,
1947,1,{'train': 1},1,0,
1949,1,{'train': 1},1,0,
1954,2,{'train': 2},2,0,
1957,1,{'train': 1},1,0,
1959,2,{'train': 2},2,0,
27130,15,{'train': 15},1,14,DUPLICATE_NEAR
1961,1,{'train': 1},1,0,
27108,37,{'train': 37},1,36,DUPLICATE_NEAR
1964,1,{'train': 1},1,0,
1965,1,{'train': 1},1,0,
45265,2,"{'train': 1, 'test': 1}",1,1,CROSS_SPLIT_NEARDUP_LEAKAGE
1987,2,{'train': 2},2,0,
1968,1,{'train': 1},1,0,
27121,17,{'train': 17},1,16,DUPLICATE_NEAR
1972,1,{'train': 1},1,0,
7973,4,{'train': 4},1,3,DUPLICATE_NEAR
27133,9,{'train': 9},1,8,DUPLICATE_NEAR
31033,22,{'train': 22},1,21,DUPLICATE_NEAR
1977,1,{'train': 1},1,0,
1978,1,{'train': 1},1,0,
27137,13,{'train': 13},1,12,DUPLICATE_NEAR
1980,1,{'train': 1},1,0,
1982,1,{'train': 1},1,0,
1984,1,{'train': 1},1,0,
25113,10,{'train': 10},1,9,DUPLICATE_NEAR
1996,2,{'train': 2},2,0,
1991,1,{'train': 1},1,0,
1992,1,{'train': 1},1,0,
1993,1,{'train': 1},1,0,
1994,1,{'train': 1},1,0,
1995,1,{'train': 1},1,0,
1997,1,{'train': 1},1,0,
45304,2,"{'train': 1, 'test': 1}",1,1,CROSS_SPLIT_NEARDUP_LEAKAGE
1999,1,{'train': 1},1,0,
2000,1,{'train': 1},1,0,
2001,1,{'train': 1},1,0,
2002,1,{'train': 1},1,0,
2034,4,{'train': 4},1,3,DUPLICATE_NEAR
25697,65,{'train': 65},1,64,DUPLICATE_NEAR
26887,26,{'train': 26},1,25,DUPLICATE_NEAR
2007,1,{'train': 1},1,0,
8080,2,{'train': 2},2,0,
2009,1,{'train': 1},1,0,
2011,2,{'train': 2},2,0,
2012,1,{'train': 1},1,0,
2013,1,{'train': 1},1,0,
2014,1,{'train': 1},1,0,
31058,21,{'train': 21},1,20,DUPLICATE_NEAR
8157,6,{'train': 6},1,5,DUPLICATE_NEAR
8169,9,{'train': 9},1,8,DUPLICATE_NEAR
2022,1,{'train': 1},1,0,
2025,1,{'train': 1},1,0,
2026,1,{'train': 1},1,0,
2031,1,{'train': 1},1,0,
2036,1,{'train': 1},1,0,
2037,1,{'train': 1},1,0,
2038,1,{'train': 1},1,0,
2039,1,{'train': 1},1,0,
2040,1,{'train': 1},1,0,
2041,1,{'train': 1},1,0,
2043,2,{'train': 2},2,0,
2044,1,{'train': 1},1,0,
2047,2,{'train': 2},2,0,
2046,1,{'train': 1},1,0,
2048,1,{'train': 1},1,0,
2049,1,{'train': 1},1,0,
26521,42,{'train': 42},1,41,DUPLICATE_NEAR
2051,1,{'train': 1},1,0,
26513,20,{'train': 20},1,19,DUPLICATE_NEAR
2215,2,{'train': 2},2,0,
2055,1,{'train': 1},1,0,
2056,1,{'train': 1},1,0,
8583,3,{'train': 3},1,2,DUPLICATE_NEAR
31114,22,{'train': 22},1,21,DUPLICATE_NEAR
8778,7,{'train': 7},1,6,DUPLICATE_NEAR
27415,123,{'train': 123},1,122,DUPLICATE_NEAR
8758,3,{'train': 3},1,2,DUPLICATE_NEAR
27400,43,{'train': 43},1,42,DUPLICATE_NEAR
2066,1,{'train': 1},1,0,
2082,3,{'train': 3},1,2,DUPLICATE_NEAR
8961,14,{'train': 14},1,13,DUPLICATE_NEAR
39946,72,"{'train': 62, 'val': 10}",1,71,CROSS_SPLIT_NEARDUP_LEAKAGE;DUPLICATE_NEAR
2073,3,{'train': 3},1,2,DUPLICATE_NEAR
2072,1,{'train': 1},1,0,
2074,1,{'train': 1},1,0,
2075,1,{'train': 1},1,0,
25150,2,{'train': 2},2,0,
46335,6,"{'train': 4, 'val': 1, 'test': 1}",1,5,CROSS_SPLIT_NEARDUP_LEAKAGE;DUPLICATE_NEAR
2085,1,{'train': 1},1,0,
2086,1,{'train': 1},1,0,
2088,1,{'train': 1},1,0,
27486,61,{'train': 61},1,60,DUPLICATE_NEAR
2090,1,{'train': 1},1,0,
3969,23,{'train': 23},1,22,DUPLICATE_NEAR
2092,1,{'train': 1},1,0,
27506,21,{'train': 21},1,20,DUPLICATE_NEAR
9128,8,{'train': 8},1,7,DUPLICATE_NEAR
2098,1,{'train': 1},1,0,
2099,1,{'train': 1},1,0,
2103,1,{'train': 1},1,0,
41487,3,"{'train': 2, 'val': 1}",2,1,CROSS_SPLIT_NEARDUP_LEAKAGE
2106,1,{'train': 1},1,0,
2107,1,{'train': 1},1,0,
2109,1,{'train': 1},1,0,
2110,1,{'train': 1},1,0,
2111,1,{'train': 1},1,0,
2113,1,{'train': 1},1,0,
2116,1,{'train': 1},1,0,
2117,1,{'train': 1},1,0,
2118,1,{'train': 1},1,0,
2124,3,{'train': 3},1,2,DUPLICATE_NEAR
2123,1,{'train': 1},1,0,
2127,1,{'train': 1},1,0,
12506,2,{'train': 2},2,0,
2130,1,{'train': 1},1,0,
2131,1,{'train': 1},1,0,
8093,2,{'train': 2},2,0,
2133,1,{'train': 1},1,0,
2134,1,{'train': 1},1,0,
2135,1,{'train': 1},1,0,
2136,1,{'train': 1},1,0,
27657,58,{'train': 58},1,57,DUPLICATE_NEAR
9701,2,{'train': 2},2,0,
45513,59,"{'train': 44, 'test': 15}",1,58,CROSS_SPLIT_NEARDUP_LEAKAGE;DUPLICATE_NEAR
27757,74,{'train': 74},1,73,DUPLICATE_NEAR
2143,1,{'train': 1},1,0,
2144,1,{'train': 1},1,0,
9862,48,{'train': 48},1,47,DUPLICATE_NEAR
2147,1,{'train': 1},1,0,
10932,154,{'train': 154},1,153,DUPLICATE_NEAR
8989,3,{'train': 3},1,2,DUPLICATE_NEAR
6924,27,{'train': 27},1,26,DUPLICATE_NEAR
2152,1,{'train': 1},1,0,
2153,1,{'train': 1},1,0,
2154,1,{'train': 1},1,0,
2155,1,{'train': 1},1,0,
2156,1,{'train': 1},1,0,
2157,1,{'train': 1},1,0,
2158,1,{'train': 1},1,0,
2159,1,{'train': 1},1,0,
2160,1,{'train': 1},1,0,
31374,10,{'train': 10},1,9,DUPLICATE_NEAR
25191,8,{'train': 8},1,7,DUPLICATE_NEAR
31370,10,{'train': 10},1,9,DUPLICATE_NEAR
2164,1,{'train': 1},1,0,
2166,1,{'train': 1},1,0,
2167,1,{'train': 1},1,0,
31375,11,{'train': 11},1,10,DUPLICATE_NEAR
2170,1,{'train': 1},1,0,
2173,2,{'train': 2},2,0,
2172,1,{'train': 1},1,0,
10221,2,{'train': 2},2,0,
5738,5,{'train': 5},1,4,DUPLICATE_NEAR
10268,12,{'train': 12},1,11,DUPLICATE_NEAR
4972,52,{'train': 52},1,51,DUPLICATE_NEAR
2178,1,{'train': 1},1,0,
2180,1,{'train': 1},1,0,
27918,19,{'train': 19},1,18,DUPLICATE_NEAR
2186,1,{'train': 1},1,0,
2187,1,{'train': 1},1,0,
2188,1,{'train': 1},1,0,
2192,1,{'train': 1},1,0,
2193,1,{'train': 1},1,0,
25205,13,{'train': 13},1,12,DUPLICATE_NEAR
2195,1,{'train': 1},1,0,
31393,3,{'train': 3},1,2,DUPLICATE_NEAR
2197,1,{'train': 1},1,0,
2198,1,{'train': 1},1,0,
2200,1,{'train': 1},1,0,
25396,168,{'train': 168},1,167,DUPLICATE_NEAR
2202,1,{'train': 1},1,0,
2203,1,{'train': 1},1,0,
2724,69,{'train': 69},1,68,DUPLICATE_NEAR
10288,6,{'train': 6},1,5,DUPLICATE_NEAR
2210,1,{'train': 1},1,0,
31400,8,{'train': 8},1,7,DUPLICATE_NEAR
2212,1,{'train': 1},1,0,
2213,1,{'train': 1},1,0,
2216,1,{'train': 1},1,0,
2217,1,{'train': 1},1,0,
2221,1,{'train': 1},1,0,
30360,21,{'train': 21},1,20,DUPLICATE_NEAR
2224,1,{'train': 1},1,0,
2230,1,{'train': 1},1,0,
25762,30,{'train': 30},1,29,DUPLICATE_NEAR
5068,57,{'train': 57},1,56,DUPLICATE_NEAR
31402,20,{'train': 20},1,19,DUPLICATE_NEAR
3858,4,{'train': 4},1,3,DUPLICATE_NEAR
2248,1,{'train': 1},1,0,
10316,3,{'train': 3},1,2,DUPLICATE_NEAR
2253,1,{'train': 1},1,0,
2486,49,{'train': 49},1,48,DUPLICATE_NEAR
9432,2,{'train': 2},2,0,
2373,2,{'train': 2},2,0,
2262,1,{'train': 1},1,0,
2264,2,{'train': 2},2,0,
2265,1,{'train': 1},1,0,
2267,1,{'train': 1},1,0,
2268,1,{'train': 1},1,0,
2269,1,{'train': 1},1,0,
2274,1,{'train': 1},1,0,
2278,1,{'train': 1},1,0,
2281,1,{'train': 1},1,0,
2482,2,{'train': 2},2,0,
2292,1,{'train': 1},1,0,
2293,1,{'train': 1},1,0,
2300,1,{'train': 1},1,0,
2301,1,{'train': 1},1,0,
2304,1,{'train': 1},1,0,
2308,2,{'train': 2},2,0,
2307,1,{'train': 1},1,0,
2309,1,{'train': 1},1,0,
2311,1,{'train': 1},1,0,
10850,36,{'train': 36},1,35,DUPLICATE_NEAR
10899,30,{'train': 30},1,29,DUPLICATE_NEAR
2320,1,{'train': 1},1,0,
2324,3,{'train': 3},1,2,DUPLICATE_NEAR
2325,2,{'train': 2},2,0,
2326,1,{'train': 1},1,0,
2327,1,{'train': 1},1,0,
2328,1,{'train': 1},1,0,
2334,1,{'train': 1},1,0,
26369,41,{'train': 41},1,40,DUPLICATE_NEAR
2336,1,{'train': 1},1,0,
2337,1,{'train': 1},1,0,
31511,9,{'train': 9},1,8,DUPLICATE_NEAR
2341,1,{'train': 1},1,0,
2345,1,{'train': 1},1,0,
2347,1,{'train': 1},1,0,
2348,1,{'train': 1},1,0,
11098,12,{'train': 12},1,11,DUPLICATE_NEAR
2351,1,{'train': 1},1,0,
2353,1,{'train': 1},1,0,
28172,41,{'train': 41},1,40,DUPLICATE_NEAR
2357,1,{'train': 1},1,0,
2365,1,{'train': 1},1,0,
11068,2,{'train': 2},2,0,
2378,1,{'train': 1},1,0,
2381,1,{'train': 1},1,0,
2382,1,{'train': 1},1,0,
2386,2,{'train': 2},2,0,
2387,1,{'train': 1},1,0,
28222,30,{'train': 30},1,29,DUPLICATE_NEAR
2394,1,{'train': 1},1,0,
31534,32,{'train': 32},1,31,DUPLICATE_NEAR
28218,97,{'train': 97},1,96,DUPLICATE_NEAR
2467,3,{'train': 3},1,2,DUPLICATE_NEAR
2404,1,{'train': 1},1,0,
2412,1,{'train': 1},1,0,
2413,1,{'train': 1},1,0,
2420,1,{'train': 1},1,0,
2426,1,{'train': 1},1,0,
2427,1,{'train': 1},1,0,
2428,1,{'train': 1},1,0,
2429,1,{'train': 1},1,0,
2430,1,{'train': 1},1,0,
2431,1,{'train': 1},1,0,
2433,1,{'train': 1},1,0,
2441,1,{'train': 1},1,0,
2444,1,{'train': 1},1,0,
2447,1,{'train': 1},1,0,
2452,1,{'train': 1},1,0,
2457,2,{'train': 2},2,0,
32004,28,{'train': 28},1,27,DUPLICATE_NEAR
25336,7,{'train': 7},1,6,DUPLICATE_NEAR
2460,1,{'train': 1},1,0,
2461,1,{'train': 1},1,0,
2465,1,{'train': 1},1,0,
2466,1,{'train': 1},1,0,
2468,1,{'train': 1},1,0,
2474,1,{'train': 1},1,0,
2480,1,{'train': 1},1,0,
2492,1,{'train': 1},1,0,
26587,38,{'train': 38},1,37,DUPLICATE_NEAR
28322,106,{'train': 106},1,105,DUPLICATE_NEAR
28371,49,{'train': 49},1,48,DUPLICATE_NEAR
2508,1,{'train': 1},1,0,
2513,1,{'train': 1},1,0,
2514,1,{'train': 1},1,0,
3797,2,{'train': 2},2,0,
2517,1,{'train': 1},1,0,
2519,1,{'train': 1},1,0,
2520,1,{'train': 1},1,0,
2521,1,{'train': 1},1,0,
2522,1,{'train': 1},1,0,
2525,1,{'train': 1},1,0,
2526,1,{'train': 1},1,0,
2528,1,{'train': 1},1,0,
2529,1,{'train': 1},1,0,
2531,1,{'train': 1},1,0,
2533,1,{'train': 1},1,0,
2537,1,{'train': 1},1,0,
2540,1,{'train': 1},1,0,
2547,1,{'train': 1},1,0,
2549,1,{'train': 1},1,0,
2550,1,{'train': 1},1,0,
2555,1,{'train': 1},1,0,
2557,1,{'train': 1},1,0,
2559,1,{'train': 1},1,0,
2567,1,{'train': 1},1,0,
2569,1,{'train': 1},1,0,
2572,1,{'train': 1},1,0,
2573,1,{'train': 1},1,0,
2574,1,{'train': 1},1,0,
2580,1,{'train': 1},1,0,
47523,11,"{'train': 9, 'test': 2}",1,10,CROSS_SPLIT_NEARDUP_LEAKAGE;DUPLICATE_NEAR
2587,1,{'train': 1},1,0,
2590,1,{'train': 1},1,0,
2593,1,{'train': 1},1,0,
2594,1,{'train': 1},1,0,
2595,1,{'train': 1},1,0,
2599,1,{'train': 1},1,0,
41602,3,"{'train': 2, 'val': 1}",2,1,CROSS_SPLIT_NEARDUP_LEAKAGE
2601,1,{'train': 1},1,0,
2602,1,{'train': 1},1,0,
2603,1,{'train': 1},1,0,
2606,1,{'train': 1},1,0,
2609,1,{'train': 1},1,0,
2612,1,{'train': 1},1,0,
2613,1,{'train': 1},1,0,
2620,1,{'train': 1},1,0,
12563,2,{'train': 2},2,0,
2622,1,{'train': 1},1,0,
2628,1,{'train': 1},1,0,
2629,1,{'train': 1},1,0,
2630,1,{'train': 1},1,0,
2631,1,{'train': 1},1,0,
2637,1,{'train': 1},1,0,
2638,1,{'train': 1},1,0,
2643,1,{'train': 1},1,0,
2649,1,{'train': 1},1,0,
2650,1,{'train': 1},1,0,
2651,1,{'train': 1},1,0,
2653,1,{'train': 1},1,0,
2660,2,{'train': 2},2,0,
2661,1,{'train': 1},1,0,
2662,1,{'train': 1},1,0,
26159,41,{'train': 41},1,40,DUPLICATE_NEAR
2668,1,{'train': 1},1,0,
2669,1,{'train': 1},1,0,
2670,1,{'train': 1},1,0,
2672,1,{'train': 1},1,0,
45364,2,"{'train': 1, 'test': 1}",1,1,CROSS_SPLIT_NEARDUP_LEAKAGE
2674,1,{'train': 1},1,0,
2677,1,{'train': 1},1,0,
2680,1,{'train': 1},1,0,
2686,1,{'train': 1},1,0,
46654,9,"{'train': 7, 'test': 2}",1,8,CROSS_SPLIT_NEARDUP_LEAKAGE;DUPLICATE_NEAR
11191,4,{'train': 4},1,3,DUPLICATE_NEAR
2699,1,{'train': 1},1,0,
30702,135,{'train': 135},1,134,DUPLICATE_NEAR
2713,1,{'train': 1},1,0,
2715,1,{'train': 1},1,0,
30830,49,{'train': 49},1,48,DUPLICATE_NEAR
11325,2,{'train': 2},2,0,
2725,1,{'train': 1},1,0,
11377,2,{'train': 2},2,0,
9463,27,{'train': 27},1,26,DUPLICATE_NEAR
2734,1,{'train': 1},1,0,
2735,1,{'train': 1},1,0,
31190,95,{'train': 95},1,94,DUPLICATE_NEAR
10045,38,{'train': 38},1,37,DUPLICATE_NEAR
2742,1,{'train': 1},1,0,
11577,108,{'train': 108},1,107,DUPLICATE_NEAR
11589,6,{'train': 6},1,5,DUPLICATE_NEAR
2747,1,{'train': 1},1,0,
2749,1,{'train': 1},1,0,
31413,46,{'train': 46},1,45,DUPLICATE_NEAR
11601,5,{'train': 5},1,4,DUPLICATE_NEAR
2754,1,{'train': 1},1,0,
2760,1,{'train': 1},1,0,
2766,1,{'train': 1},1,0,
2767,1,{'train': 1},1,0,
2768,1,{'train': 1},1,0,
2769,1,{'train': 1},1,0,
2770,1,{'train': 1},1,0,
2775,1,{'train': 1},1,0,
2838,4,{'train': 4},1,3,DUPLICATE_NEAR
12004,2,{'train': 2},2,0,
2794,2,{'train': 2},2,0,
25421,12,{'train': 12},1,11,DUPLICATE_NEAR
6034,2,{'train': 2},2,0,
2791,1,{'train': 1},1,0,
2792,1,{'train': 1},1,0,
2795,1,{'train': 1},1,0,
2796,1,{'train': 1},1,0,
2797,1,{'train': 1},1,0,
2798,1,{'train': 1},1,0,
2799,1,{'train': 1},1,0,
2800,1,{'train': 1},1,0,
2801,1,{'train': 1},1,0,
2803,2,{'train': 2},2,0,
2804,1,{'train': 1},1,0,
2805,1,{'train': 1},1,0,
2806,1,{'train': 1},1,0,
2807,1,{'train': 1},1,0,
2808,1,{'train': 1},1,0,
2809,1,{'train': 1},1,0,
2810,1,{'train': 1},1,0,
25491,14,{'train': 14},1,13,DUPLICATE_NEAR
12059,3,{'train': 3},1,2,DUPLICATE_NEAR
2814,1,{'train': 1},1,0,
2815,1,{'train': 1},1,0,
31595,48,{'train': 48},1,47,DUPLICATE_NEAR
11945,2,{'train': 2},2,0,
2818,1,{'train': 1},1,0,
2819,1,{'train': 1},1,0,
12322,2,{'train': 2},2,0,
2824,1,{'train': 1},1,0,
2825,1,{'train': 1},1,0,
2830,1,{'train': 1},1,0,
2840,3,{'train': 3},1,2,DUPLICATE_NEAR
28547,7,{'train': 7},1,6,DUPLICATE_NEAR
2839,1,{'train': 1},1,0,
2841,1,{'train': 1},1,0,
2843,2,{'train': 2},2,0,
39496,52,{'train': 52},1,51,DUPLICATE_NEAR
39502,24,{'train': 24},1,23,DUPLICATE_NEAR
11721,2,{'train': 2},2,0,
2848,1,{'train': 1},1,0,
2849,1,{'train': 1},1,0,
2850,1,{'train': 1},1,0,
2854,1,{'train': 1},1,0,
2859,1,{'train': 1},1,0,
2862,1,{'train': 1},1,0,
2863,1,{'train': 1},1,0,
25510,3,{'train': 3},1,2,DUPLICATE_NEAR
2866,1,{'train': 1},1,0,
2867,1,{'train': 1},1,0,
46871,8,"{'train': 1, 'test': 7}",1,7,CROSS_SPLIT_NEARDUP_LEAKAGE;DUPLICATE_NEAR
25511,2,{'train': 2},2,0,
25512,3,{'train': 3},1,2,DUPLICATE_NEAR
2944,2,{'train': 2},2,0,
2873,1,{'train': 1},1,0,
25561,46,{'train': 46},1,45,DUPLICATE_NEAR
2942,12,{'train': 12},1,11,DUPLICATE_NEAR
3317,2,{'train': 2},2,0,
2879,1,{'train': 1},1,0,
2880,1,{'train': 1},1,0,
2881,1,{'train': 1},1,0,
12602,3,{'train': 3},1,2,DUPLICATE_NEAR
3446,2,{'train': 2},2,0,
2884,1,{'train': 1},1,0,
2885,1,{'train': 1},1,0,
2886,1,{'train': 1},1,0,
2887,1,{'train': 1},1,0,
30378,98,{'train': 98},1,97,DUPLICATE_NEAR
2892,1,{'train': 1},1,0,
26279,10,{'train': 10},1,9,DUPLICATE_NEAR
2894,1,{'train': 1},1,0,
2895,1,{'train': 1},1,0,
2897,1,{'train': 1},1,0,
2898,1,{'train': 1},1,0,
2900,1,{'train': 1},1,0,
2901,1,{'train': 1},1,0,
2903,1,{'train': 1},1,0,
2904,1,{'train': 1},1,0,
2905,1,{'train': 1},1,0,
2906,1,{'train': 1},1,0,
2907,1,{'train': 1},1,0,
2908,1,{'train': 1},1,0,
2910,1,{'train': 1},1,0,
2911,1,{'train': 1},1,0,
2912,1,{'train': 1},1,0,
2915,1,{'train': 1},1,0,
2916,1,{'train': 1},1,0,
4822,2,{'train': 2},2,0,
2919,1,{'train': 1},1,0,
2920,1,{'train': 1},1,0,
2921,1,{'train': 1},1,0,
2923,1,{'train': 1},1,0,
2925,1,{'train': 1},1,0,
2927,1,{'train': 1},1,0,
9705,56,{'train': 56},1,55,DUPLICATE_NEAR
26225,21,{'train': 21},1,20,DUPLICATE_NEAR
2931,1,{'train': 1},1,0,
45369,2,"{'train': 1, 'test': 1}",1,1,CROSS_SPLIT_NEARDUP_LEAKAGE
5113,3,{'train': 3},1,2,DUPLICATE_NEAR
2940,1,{'train': 1},1,0,
2941,1,{'train': 1},1,0,
2946,1,{'train': 1},1,0,
2949,1,{'train': 1},1,0,
2950,1,{'train': 1},1,0,
5137,3,{'train': 3},1,2,DUPLICATE_NEAR
2953,1,{'train': 1},1,0,
2954,1,{'train': 1},1,0,
2955,1,{'train': 1},1,0,
2957,1,{'train': 1},1,0,
30574,15,{'train': 15},1,14,DUPLICATE_NEAR
5121,2,{'train': 2},2,0,
2965,1,{'train': 1},1,0,
2966,1,{'train': 1},1,0,
2967,1,{'train': 1},1,0,
2968,1,{'train': 1},1,0,
10084,17,{'train': 17},1,16,DUPLICATE_NEAR
5186,2,{'train': 2},2,0,
27789,64,{'train': 64},1,63,DUPLICATE_NEAR
11959,2,{'train': 2},2,0,
2976,1,{'train': 1},1,0,
41188,11,"{'train': 9, 'val': 2}",1,10,CROSS_SPLIT_NEARDUP_LEAKAGE;DUPLICATE_NEAR
2979,1,{'train': 1},1,0,
2982,1,{'train': 1},1,0,
25679,31,{'train': 31},1,30,DUPLICATE_NEAR
2985,1,{'train': 1},1,0,
2986,1,{'train': 1},1,0,
2989,1,{'train': 1},1,0,
30661,8,{'train': 8},1,7,DUPLICATE_NEAR
2993,2,{'train': 2},2,0,
2994,1,{'train': 1},1,0,
2995,1,{'train': 1},1,0,
25564,38,{'train': 38},1,37,DUPLICATE_NEAR
2997,1,{'train': 1},1,0,
2998,1,{'train': 1},1,0,
28081,13,{'train': 13},1,12,DUPLICATE_NEAR
5620,4,{'train': 4},1,3,DUPLICATE_NEAR
3002,1,{'train': 1},1,0,
3003,1,{'train': 1},1,0,
3007,1,{'train': 1},1,0,
5979,2,{'train': 2},2,0,
3010,2,{'train': 2},2,0,
25573,3,{'train': 3},1,2,DUPLICATE_NEAR
3012,1,{'train': 1},1,0,
3013,1,{'train': 1},1,0,
6439,2,{'train': 2},2,0,
26660,26,{'train': 26},1,25,DUPLICATE_NEAR
3016,1,{'train': 1},1,0,
26662,88,{'train': 88},1,87,DUPLICATE_NEAR
3020,2,{'train': 2},2,0,
3021,1,{'train': 1},1,0,
26663,36,{'train': 36},1,35,DUPLICATE_NEAR
25647,38,{'train': 38},1,37,DUPLICATE_NEAR
3026,1,{'train': 1},1,0,
30316,58,{'train': 58},1,57,DUPLICATE_NEAR
25699,27,{'train': 27},1,26,DUPLICATE_NEAR
3260,2,{'train': 2},2,0,
3031,1,{'train': 1},1,0,
45373,2,"{'train': 1, 'test': 1}",1,1,CROSS_SPLIT_NEARDUP_LEAKAGE
12793,7,"{'train': 6, 'val': 1}",1,6,CROSS_SPLIT_NEARDUP_LEAKAGE;DUPLICATE_NEAR
3042,1,{'train': 1},1,0,
3044,1,{'train': 1},1,0,
6408,2,{'train': 2},2,0,
3049,1,{'train': 1},1,0,
6416,2,{'train': 2},2,0,
3051,1,{'train': 1},1,0,
3053,1,{'train': 1},1,0,
3056,1,{'train': 1},1,0,
45795,3,"{'train': 2, 'test': 1}",2,1,CROSS_SPLIT_NEARDUP_LEAKAGE
3060,1,{'train': 1},1,0,
3063,1,{'train': 1},1,0,
3066,1,{'train': 1},1,0,
3067,1,{'train': 1},1,0,
3071,1,{'train': 1},1,0,
3072,1,{'train': 1},1,0,
6504,4,{'train': 4},1,3,DUPLICATE_NEAR
26687,14,{'train': 14},1,13,DUPLICATE_NEAR
26688,25,{'train': 25},1,24,DUPLICATE_NEAR
6489,2,{'train': 2},2,0,
3079,1,{'train': 1},1,0,
3080,1,{'train': 1},1,0,
3082,1,{'train': 1},1,0,
26685,11,{'train': 11},1,10,DUPLICATE_NEAR
3085,1,{'train': 1},1,0,
3086,1,{'train': 1},1,0,
3107,3,{'train': 3},1,2,DUPLICATE_NEAR
3088,1,{'train': 1},1,0,
3106,5,{'train': 5},1,4,DUPLICATE_NEAR
3095,1,{'train': 1},1,0,
3098,1,{'train': 1},1,0,
3099,1,{'train': 1},1,0,
3101,1,{'train': 1},1,0,
3103,1,{'train': 1},1,0,
12016,3,{'train': 3},1,2,DUPLICATE_NEAR
3109,1,{'train': 1},1,0,
26764,37,{'train': 37},1,36,DUPLICATE_NEAR
30811,108,{'train': 108},1,107,DUPLICATE_NEAR
6666,3,{'train': 3},1,2,DUPLICATE_NEAR
3114,1,{'train': 1},1,0,
3115,1,{'train': 1},1,0,
3117,1,{'train': 1},1,0,
3118,1,{'train': 1},1,0,
12703,2,{'train': 2},2,0,
3124,1,{'train': 1},1,0,
3126,1,{'train': 1},1,0,
3130,1,{'train': 1},1,0,
3132,1,{'train': 1},1,0,
3133,1,{'train': 1},1,0,
27127,6,{'train': 6},1,5,DUPLICATE_NEAR
25637,4,{'train': 4},1,3,DUPLICATE_NEAR
3137,1,{'train': 1},1,0,
27654,38,{'train': 38},1,37,DUPLICATE_NEAR
3140,1,{'train': 1},1,0,
3141,1,{'train': 1},1,0,
3143,1,{'train': 1},1,0,
3145,1,{'train': 1},1,0,
3147,1,{'train': 1},1,0,
3149,1,{'train': 1},1,0,
3150,1,{'train': 1},1,0,
3151,1,{'train': 1},1,0,
3152,1,{'train': 1},1,0,
3156,1,{'train': 1},1,0,
8615,11,{'train': 11},1,10,DUPLICATE_NEAR
3160,1,{'train': 1},1,0,
3162,1,{'train': 1},1,0,
3163,1,{'train': 1},1,0,
30545,22,{'train': 22},1,21,DUPLICATE_NEAR
3169,1,{'train': 1},1,0,
12024,2,{'train': 2},2,0,
27791,40,{'train': 40},1,39,DUPLICATE_NEAR
32065,10,{'train': 10},1,9,DUPLICATE_NEAR
3177,1,{'train': 1},1,0,
3179,2,{'train': 2},2,0,
31310,18,{'train': 18},1,17,DUPLICATE_NEAR
3182,1,{'train': 1},1,0,
3183,1,{'train': 1},1,0,
11964,6,{'train': 6},1,5,DUPLICATE_NEAR
3186,1,{'train': 1},1,0,
3187,1,{'train': 1},1,0,
9923,2,{'train': 2},2,0,
3190,1,{'train': 1},1,0,
3191,1,{'train': 1},1,0,
3192,1,{'train': 1},1,0,
3193,1,{'train': 1},1,0,
9973,21,{'train': 21},1,20,DUPLICATE_NEAR
9965,33,{'train': 33},1,32,DUPLICATE_NEAR
3197,1,{'train': 1},1,0,
27861,13,{'train': 13},1,12,DUPLICATE_NEAR
3199,1,{'train': 1},1,0,
10079,19,{'train': 19},1,18,DUPLICATE_NEAR
3201,1,{'train': 1},1,0,
31342,17,{'train': 17},1,16,DUPLICATE_NEAR
3203,1,{'train': 1},1,0,
10656,33,{'train': 33},1,32,DUPLICATE_NEAR
26357,85,{'train': 85},1,84,DUPLICATE_NEAR
3206,1,{'train': 1},1,0,
3207,1,{'train': 1},1,0,
3211,1,{'train': 1},1,0,
3212,1,{'train': 1},1,0,
3214,1,{'train': 1},1,0,
3215,1,{'train': 1},1,0,
3217,1,{'train': 1},1,0,
3218,1,{'train': 1},1,0,
3219,1,{'train': 1},1,0,
3221,1,{'train': 1},1,0,
30676,7,{'train': 7},1,6,DUPLICATE_NEAR
3227,1,{'train': 1},1,0,
3228,1,{'train': 1},1,0,
3229,1,{'train': 1},1,0,
3230,1,{'train': 1},1,0,
3231,1,{'train': 1},1,0,
3232,1,{'train': 1},1,0,
3233,1,{'train': 1},1,0,
3234,1,{'train': 1},1,0,
3235,1,{'train': 1},1,0,
3236,1,{'train': 1},1,0,
3876,4,"{'train': 3, 'val': 1}",1,3,CROSS_SPLIT_NEARDUP_LEAKAGE;DUPLICATE_NEAR
3238,1,{'train': 1},1,0,
3241,1,{'train': 1},1,0,
3244,1,{'train': 1},1,0,
3245,1,{'train': 1},1,0,
3247,1,{'train': 1},1,0,
3249,1,{'train': 1},1,0,
3253,1,{'train': 1},1,0,
3255,1,{'train': 1},1,0,
3256,1,{'train': 1},1,0,
3263,3,{'train': 3},1,2,DUPLICATE_NEAR
3265,1,{'train': 1},1,0,
3268,1,{'train': 1},1,0,
3269,1,{'train': 1},1,0,
3271,1,{'train': 1},1,0,
3272,1,{'train': 1},1,0,
3273,1,{'train': 1},1,0,
3277,1,{'train': 1},1,0,
3278,1,{'train': 1},1,0,
4978,2,{'train': 2},2,0,
3280,1,{'train': 1},1,0,
3282,1,{'train': 1},1,0,
3284,1,{'train': 1},1,0,
6888,6,{'train': 6},1,5,DUPLICATE_NEAR
5308,2,{'train': 2},2,0,
3288,1,{'train': 1},1,0,
3290,2,{'train': 2},2,0,
3291,1,{'train': 1},1,0,
7068,5,{'train': 5},1,4,DUPLICATE_NEAR
12721,3,{'train': 3},1,2,DUPLICATE_NEAR
3298,1,{'train': 1},1,0,
3299,1,{'train': 1},1,0,
3301,1,{'train': 1},1,0,
3304,1,{'train': 1},1,0,
30345,19,{'train': 19},1,18,DUPLICATE_NEAR
3306,1,{'train': 1},1,0,
3307,1,{'train': 1},1,0,
3308,1,{'train': 1},1,0,
3310,1,{'train': 1},1,0,
3312,1,{'train': 1},1,0,
3327,1,{'train': 1},1,0,
27235,80,{'train': 80},1,79,DUPLICATE_NEAR
3352,3,{'train': 3},1,2,DUPLICATE_NEAR
3330,1,{'train': 1},1,0,
3331,1,{'train': 1},1,0,
3332,1,{'train': 1},1,0,
3333,1,{'train': 1},1,0,
3334,1,{'train': 1},1,0,
3337,2,{'train': 2},2,0,
3336,1,{'train': 1},1,0,
3340,1,{'train': 1},1,0,
3342,1,{'train': 1},1,0,
3343,1,{'train': 1},1,0,
3346,1,{'train': 1},1,0,
3347,1,{'train': 1},1,0,
6354,2,{'train': 2},2,0,
26943,28,{'train': 28},1,27,DUPLICATE_NEAR
6589,2,{'train': 2},2,0,
3361,1,{'train': 1},1,0,
25715,2,{'train': 2},2,0,
25714,2,{'train': 2},2,0,
3364,1,{'train': 1},1,0,
3366,2,{'train': 2},2,0,
25716,2,{'train': 2},2,0,
3369,2,{'train': 2},2,0,
3370,1,{'train': 1},1,0,
3371,1,{'train': 1},1,0,
3372,1,{'train': 1},1,0,
3391,2,{'train': 2},2,0,
3388,3,{'train': 3},1,2,DUPLICATE_NEAR
3375,1,{'train': 1},1,0,
3377,1,{'train': 1},1,0,
3379,1,{'train': 1},1,0,
3380,1,{'train': 1},1,0,
11832,4,{'train': 4},1,3,DUPLICATE_NEAR
3386,1,{'train': 1},1,0,
3389,1,{'train': 1},1,0,
3390,1,{'train': 1},1,0,
3393,1,{'train': 1},1,0,
4332,2,{'train': 2},2,0,
3396,1,{'train': 1},1,0,
3403,1,{'train': 1},1,0,
3405,1,{'train': 1},1,0,
3406,1,{'train': 1},1,0,
30547,10,{'train': 10},1,9,DUPLICATE_NEAR
3408,1,{'train': 1},1,0,
3410,1,{'train': 1},1,0,
3413,1,{'train': 1},1,0,
3414,1,{'train': 1},1,0,
3416,1,{'train': 1},1,0,
3417,1,{'train': 1},1,0,
3418,1,{'train': 1},1,0,
3419,1,{'train': 1},1,0,
3421,1,{'train': 1},1,0,
3423,1,{'train': 1},1,0,
46198,13,"{'train': 12, 'test': 1}",1,12,CROSS_SPLIT_NEARDUP_LEAKAGE;DUPLICATE_NEAR
3434,1,{'train': 1},1,0,
3436,1,{'train': 1},1,0,
26475,6,{'train': 6},1,5,DUPLICATE_NEAR
3445,1,{'train': 1},1,0,
3448,1,{'train': 1},1,0,
3449,1,{'train': 1},1,0,
3450,1,{'train': 1},1,0,
3452,1,{'train': 1},1,0,
3461,1,{'train': 1},1,0,
3463,1,{'train': 1},1,0,
3467,1,{'train': 1},1,0,
3471,3,{'train': 3},1,2,DUPLICATE_NEAR
25747,4,{'train': 4},1,3,DUPLICATE_NEAR
25746,2,{'train': 2},2,0,
3475,1,{'train': 1},1,0,
3477,2,{'train': 2},2,0,
25787,36,{'train': 36},1,35,DUPLICATE_NEAR
3479,1,{'train': 1},1,0,
3480,1,{'train': 1},1,0,
3481,1,{'train': 1},1,0,
3482,1,{'train': 1},1,0,
12113,104,{'train': 104},1,103,DUPLICATE_NEAR
3488,1,{'train': 1},1,0,
3489,1,{'train': 1},1,0,
3490,1,{'train': 1},1,0,
3492,2,{'train': 2},2,0,
3494,2,{'train': 2},2,0,
3495,1,{'train': 1},1,0,
3496,1,{'train': 1},1,0,
30550,9,{'train': 9},1,8,DUPLICATE_NEAR
25758,2,{'train': 2},2,0,
3502,1,{'train': 1},1,0,
3503,1,{'train': 1},1,0,
3512,8,{'train': 8},1,7,DUPLICATE_NEAR
3506,1,{'train': 1},1,0,
3511,1,{'train': 1},1,0,
3521,1,{'train': 1},1,0,
3522,1,{'train': 1},1,0,
3523,1,{'train': 1},1,0,
3524,1,{'train': 1},1,0,
30383,31,{'train': 31},1,30,DUPLICATE_NEAR
3528,1,{'train': 1},1,0,
3529,1,{'train': 1},1,0,
3530,1,{'train': 1},1,0,
3531,1,{'train': 1},1,0,
12252,2,{'train': 2},2,0,
3533,1,{'train': 1},1,0,
25771,2,{'train': 2},2,0,
25772,2,{'train': 2},2,0,
3536,1,{'train': 1},1,0,
3551,5,{'train': 5},1,4,DUPLICATE_NEAR
3539,1,{'train': 1},1,0,
3682,39,{'train': 39},1,38,DUPLICATE_NEAR
3544,1,{'train': 1},1,0,
3545,1,{'train': 1},1,0,
3546,1,{'train': 1},1,0,
3549,1,{'train': 1},1,0,
3550,1,{'train': 1},1,0,
25760,33,{'train': 33},1,32,DUPLICATE_NEAR
3554,1,{'train': 1},1,0,
25779,5,{'train': 5},1,4,DUPLICATE_NEAR
3557,1,{'train': 1},1,0,
3559,2,{'train': 2},2,0,
3560,1,{'train': 1},1,0,
25780,2,{'train': 2},2,0,
25781,2,{'train': 2},2,0,
25797,6,{'train': 6},1,5,DUPLICATE_NEAR
3564,1,{'train': 1},1,0,
3565,1,{'train': 1},1,0,
25782,6,{'train': 6},1,5,DUPLICATE_NEAR
3569,1,{'train': 1},1,0,
25786,3,{'train': 3},1,2,DUPLICATE_NEAR
3777,2,{'train': 2},2,0,
3578,3,{'train': 3},1,2,DUPLICATE_NEAR
3580,1,{'train': 1},1,0,
3583,1,{'train': 1},1,0,
3584,1,{'train': 1},1,0,
3585,1,{'train': 1},1,0,
3586,1,{'train': 1},1,0,
3587,1,{'train': 1},1,0,
30553,6,{'train': 6},1,5,DUPLICATE_NEAR
3594,1,{'train': 1},1,0,
3596,1,{'train': 1},1,0,
3598,1,{'train': 1},1,0,
3600,1,{'train': 1},1,0,
3603,1,{'train': 1},1,0,
3604,1,{'train': 1},1,0,
12317,3,{'train': 3},1,2,DUPLICATE_NEAR
3613,1,{'train': 1},1,0,
12402,2,{'train': 2},2,0,
3633,8,{'train': 8},1,7,DUPLICATE_NEAR
25807,6,{'train': 6},1,5,DUPLICATE_NEAR
3634,2,{'train': 2},2,0,
6672,5,{'train': 5},1,4,DUPLICATE_NEAR
3631,1,{'train': 1},1,0,
3635,1,{'train': 1},1,0,
3640,1,{'train': 1},1,0,
3642,1,{'train': 1},1,0,
25809,4,{'train': 4},1,3,DUPLICATE_NEAR
3645,1,{'train': 1},1,0,
11269,7,{'train': 7},1,6,DUPLICATE_NEAR
3657,1,{'train': 1},1,0,
3673,1,{'train': 1},1,0,
3679,1,{'train': 1},1,0,
3685,1,{'train': 1},1,0,
3688,1,{'train': 1},1,0,
3690,1,{'train': 1},1,0,
3691,1,{'train': 1},1,0,
3697,1,{'train': 1},1,0,
3700,1,{'train': 1},1,0,
3708,2,{'train': 2},2,0,
3709,1,{'train': 1},1,0,
7307,3,{'train': 3},1,2,DUPLICATE_NEAR
3719,1,{'train': 1},1,0,
3723,1,{'train': 1},1,0,
3729,1,{'train': 1},1,0,
45338,4,"{'train': 2, 'val': 1, 'test': 1}",2,2,CROSS_SPLIT_NEARDUP_LEAKAGE
12423,4,{'train': 4},1,3,DUPLICATE_NEAR
3736,1,{'train': 1},1,0,
3738,1,{'train': 1},1,0,
12428,3,{'train': 3},1,2,DUPLICATE_NEAR
3741,1,{'train': 1},1,0,
3745,1,{'train': 1},1,0,
3746,1,{'train': 1},1,0,
3747,1,{'train': 1},1,0,
3857,5,{'train': 5},1,4,DUPLICATE_NEAR
4314,4,{'train': 4},1,3,DUPLICATE_NEAR
3775,1,{'train': 1},1,0,
3778,1,{'train': 1},1,0,
3779,1,{'train': 1},1,0,
25840,7,{'train': 7},1,6,DUPLICATE_NEAR
3788,1,{'train': 1},1,0,
3794,4,{'train': 4},1,3,DUPLICATE_NEAR
3790,1,{'train': 1},1,0,
3792,1,{'train': 1},1,0,
3798,1,{'train': 1},1,0,
3801,1,{'train': 1},1,0,
3802,1,{'train': 1},1,0,
3809,1,{'train': 1},1,0,
3810,1,{'train': 1},1,0,
25842,2,{'train': 2},2,0,
3813,1,{'train': 1},1,0,
3815,1,{'train': 1},1,0,
3827,2,{'train': 2},2,0,
3826,1,{'train': 1},1,0,
26597,33,{'train': 33},1,32,DUPLICATE_NEAR
3838,1,{'train': 1},1,0,
3840,1,{'train': 1},1,0,
3842,1,{'train': 1},1,0,
3847,1,{'train': 1},1,0,
3852,1,{'train': 1},1,0,
3862,1,{'train': 1},1,0,
3865,1,{'train': 1},1,0,
6271,2,{'train': 2},2,0,
3868,1,{'train': 1},1,0,
3871,1,{'train': 1},1,0,
3880,1,{'train': 1},1,0,
3882,1,{'train': 1},1,0,
3883,1,{'train': 1},1,0,
3884,1,{'train': 1},1,0,
3885,1,{'train': 1},1,0,
3886,1,{'train': 1},1,0,
3887,1,{'train': 1},1,0,
25855,4,{'train': 4},1,3,DUPLICATE_NEAR
3889,1,{'train': 1},1,0,
3893,2,{'train': 2},2,0,
3892,1,{'train': 1},1,0,
25856,3,{'train': 3},1,2,DUPLICATE_NEAR
3896,1,{'train': 1},1,0,
3899,1,{'train': 1},1,0,
3907,1,{'train': 1},1,0,
3910,2,{'train': 2},2,0,
3911,1,{'train': 1},1,0,
27215,8,{'train': 8},1,7,DUPLICATE_NEAR
3919,1,{'train': 1},1,0,
4053,2,{'train': 2},2,0,
25859,3,{'train': 3},1,2,DUPLICATE_NEAR
3935,1,{'train': 1},1,0,
3944,2,{'train': 2},2,0,
3945,1,{'train': 1},1,0,
3948,1,{'train': 1},1,0,
6288,3,{'train': 3},1,2,DUPLICATE_NEAR
3953,1,{'train': 1},1,0,
3955,5,{'train': 5},1,4,DUPLICATE_NEAR
3957,1,{'train': 1},1,0,
3964,2,{'train': 2},2,0,
3965,2,{'train': 2},2,0,
3972,2,{'train': 2},2,0,
3971,1,{'train': 1},1,0,
3974,2,{'train': 2},2,0,
25864,2,{'train': 2},2,0,
5271,4,{'train': 4},1,3,DUPLICATE_NEAR
26676,32,{'train': 32},1,31,DUPLICATE_NEAR
3981,1,{'train': 1},1,0,
3983,1,{'train': 1},1,0,
3985,1,{'train': 1},1,0,
3989,1,{'train': 1},1,0,
3990,1,{'train': 1},1,0,
3993,1,{'train': 1},1,0,
25875,32,{'train': 32},1,31,DUPLICATE_NEAR
3998,1,{'train': 1},1,0,
4000,1,{'train': 1},1,0,
4001,1,{'train': 1},1,0,
4005,1,{'train': 1},1,0,
4006,1,{'train': 1},1,0,
4007,1,{'train': 1},1,0,
4008,1,{'train': 1},1,0,
4009,1,{'train': 1},1,0,
4013,2,{'train': 2},2,0,
4011,1,{'train': 1},1,0,
4012,1,{'train': 1},1,0,
4014,1,{'train': 1},1,0,
4015,1,{'train': 1},1,0,
25878,3,{'train': 3},1,2,DUPLICATE_NEAR
4017,1,{'train': 1},1,0,
4019,1,{'train': 1},1,0,
26205,8,{'train': 8},1,7,DUPLICATE_NEAR
26207,2,{'train': 2},2,0,
4023,1,{'train': 1},1,0,
30428,52,{'train': 52},1,51,DUPLICATE_NEAR
4025,1,{'train': 1},1,0,
4026,1,{'train': 1},1,0,
4028,1,{'train': 1},1,0,
30420,17,{'train': 17},1,16,DUPLICATE_NEAR
4032,2,{'train': 2},2,0,
4031,1,{'train': 1},1,0,
4034,1,{'train': 1},1,0,
4042,4,{'train': 4},1,3,DUPLICATE_NEAR
4038,1,{'train': 1},1,0,
4039,1,{'train': 1},1,0,
4041,2,{'train': 2},2,0,
4043,1,{'train': 1},1,0,
4046,1,{'train': 1},1,0,
4049,1,{'train': 1},1,0,
4050,1,{'train': 1},1,0,
4052,1,{'train': 1},1,0,
4056,1,{'train': 1},1,0,
4058,2,{'train': 2},2,0,
4059,1,{'train': 1},1,0,
27897,20,{'train': 20},1,19,DUPLICATE_NEAR
4065,1,{'train': 1},1,0,
25889,3,{'train': 3},1,2,DUPLICATE_NEAR
4071,1,{'train': 1},1,0,
4077,1,{'train': 1},1,0,
25892,2,{'train': 2},2,0,
25891,3,{'train': 3},1,2,DUPLICATE_NEAR
4081,1,{'train': 1},1,0,
4084,1,{'train': 1},1,0,
4085,1,{'train': 1},1,0,
25893,3,{'train': 3},1,2,DUPLICATE_NEAR
4088,1,{'train': 1},1,0,
4089,1,{'train': 1},1,0,
4090,1,{'train': 1},1,0,
4092,1,{'train': 1},1,0,
4095,1,{'train': 1},1,0,
4096,1,{'train': 1},1,0,
9669,3,{'train': 3},1,2,DUPLICATE_NEAR
4101,1,{'train': 1},1,0,
27570,27,{'train': 27},1,26,DUPLICATE_NEAR
4106,2,{'train': 2},2,0,
4116,1,{'train': 1},1,0,
4117,1,{'train': 1},1,0,
4118,1,{'train': 1},1,0,
4121,1,{'train': 1},1,0,
4193,2,{'train': 2},2,0,
4147,5,{'train': 5},1,4,DUPLICATE_NEAR
4130,1,{'train': 1},1,0,
10382,2,{'train': 2},2,0,
4133,1,{'train': 1},1,0,
4136,1,{'train': 1},1,0,
4137,1,{'train': 1},1,0,
4140,1,{'train': 1},1,0,
4148,3,{'train': 3},1,2,DUPLICATE_NEAR
4142,1,{'train': 1},1,0,
4153,1,{'train': 1},1,0,
4156,1,{'train': 1},1,0,
4168,1,{'train': 1},1,0,
4171,2,{'train': 2},2,0,
4173,3,{'train': 3},1,2,DUPLICATE_NEAR
4175,1,{'train': 1},1,0,
4177,1,{'train': 1},1,0,
30719,46,{'train': 46},1,45,DUPLICATE_NEAR
30726,12,{'train': 12},1,11,DUPLICATE_NEAR
4180,1,{'train': 1},1,0,
4182,1,{'train': 1},1,0,
4184,1,{'train': 1},1,0,
4190,1,{'train': 1},1,0,
4197,1,{'train': 1},1,0,
25923,18,{'train': 18},1,17,DUPLICATE_NEAR
4254,8,{'train': 8},1,7,DUPLICATE_NEAR
4284,6,{'train': 6},1,5,DUPLICATE_NEAR
25924,7,{'train': 7},1,6,DUPLICATE_NEAR
4226,1,{'train': 1},1,0,
4228,1,{'train': 1},1,0,
4232,1,{'train': 1},1,0,
6639,8,{'train': 8},1,7,DUPLICATE_NEAR
4235,1,{'train': 1},1,0,
30720,13,{'train': 13},1,12,DUPLICATE_NEAR
4241,1,{'train': 1},1,0,
4244,1,{'train': 1},1,0,
4249,3,{'train': 3},1,2,DUPLICATE_NEAR
4275,1,{'train': 1},1,0,
4285,1,{'train': 1},1,0,
4292,2,{'train': 2},2,0,
4290,1,{'train': 1},1,0,
4294,1,{'train': 1},1,0,
4295,1,{'train': 1},1,0,
4302,1,{'train': 1},1,0,
4304,1,{'train': 1},1,0,
31219,23,"{'train': 13, 'test': 10}",1,22,CROSS_SPLIT_NEARDUP_LEAKAGE;DUPLICATE_NEAR
4306,1,{'train': 1},1,0,
4320,1,{'train': 1},1,0,
4321,1,{'train': 1},1,0,
4322,1,{'train': 1},1,0,
4326,1,{'train': 1},1,0,
4328,2,{'train': 2},2,0,
4329,1,{'train': 1},1,0,
4330,1,{'train': 1},1,0,
4338,1,{'train': 1},1,0,
4343,1,{'train': 1},1,0,
12652,2,{'train': 2},2,0,
4349,1,{'train': 1},1,0,
4350,1,{'train': 1},1,0,
31228,57,{'train': 57},1,56,DUPLICATE_NEAR
4353,1,{'train': 1},1,0,
4354,1,{'train': 1},1,0,
4357,1,{'train': 1},1,0,
4358,1,{'train': 1},1,0,
4359,1,{'train': 1},1,0,
4360,1,{'train': 1},1,0,
9419,18,{'train': 18},1,17,DUPLICATE_NEAR
4370,2,{'train': 2},2,0,
4369,1,{'train': 1},1,0,
4371,1,{'train': 1},1,0,
4372,1,{'train': 1},1,0,
4374,2,{'train': 2},2,0,
4375,1,{'train': 1},1,0,
4376,1,{'train': 1},1,0,
4377,1,{'train': 1},1,0,
4378,1,{'train': 1},1,0,
25957,4,{'train': 4},1,3,DUPLICATE_NEAR
4380,1,{'train': 1},1,0,
4383,2,{'train': 2},2,0,
4384,1,{'train': 1},1,0,
4385,1,{'train': 1},1,0,
26700,62,{'train': 62},1,61,DUPLICATE_NEAR
4397,2,{'train': 2},2,0,
4398,2,{'train': 2},2,0,
4389,1,{'train': 1},1,0,
4391,2,{'train': 2},2,0,
4393,1,{'train': 1},1,0,
4394,1,{'train': 1},1,0,
12448,26,{'train': 26},1,25,DUPLICATE_NEAR
4399,2,{'train': 2},2,0,
4401,2,{'train': 2},2,0,
4402,1,{'train': 1},1,0,
4404,2,{'train': 2},2,0,
4405,1,{'train': 1},1,0,
4406,1,{'train': 1},1,0,
25983,20,{'train': 20},1,19,DUPLICATE_NEAR
30470,22,{'train': 22},1,21,DUPLICATE_NEAR
30469,54,{'train': 54},1,53,DUPLICATE_NEAR
4410,1,{'train': 1},1,0,
4417,5,{'train': 5},1,4,DUPLICATE_NEAR
4412,1,{'train': 1},1,0,
4420,4,{'train': 4},1,3,DUPLICATE_NEAR
4418,1,{'train': 1},1,0,
45493,8,"{'train': 6, 'test': 2}",1,7,CROSS_SPLIT_NEARDUP_LEAKAGE;DUPLICATE_NEAR
4426,2,{'train': 2},2,0,
4427,1,{'train': 1},1,0,
4428,1,{'train': 1},1,0,
25979,17,{'train': 17},1,16,DUPLICATE_NEAR
4431,1,{'train': 1},1,0,
4433,1,{'train': 1},1,0,
4435,1,{'train': 1},1,0,
12758,2,{'train': 2},2,0,
4438,1,{'train': 1},1,0,
4440,1,{'train': 1},1,0,
4441,1,{'train': 1},1,0,
4442,1,{'train': 1},1,0,
4444,1,{'train': 1},1,0,
4445,1,{'train': 1},1,0,
4446,1,{'train': 1},1,0,
4448,1,{'train': 1},1,0,
4449,1,{'train': 1},1,0,
12585,3,{'train': 3},1,2,DUPLICATE_NEAR
4453,1,{'train': 1},1,0,
4457,1,{'train': 1},1,0,
4459,1,{'train': 1},1,0,
4460,1,{'train': 1},1,0,
4461,1,{'train': 1},1,0,
4502,2,{'train': 2},2,0,
4500,2,{'train': 2},2,0,
4466,2,{'train': 2},2,0,
4465,1,{'train': 1},1,0,
6829,2,{'train': 2},2,0,
31250,14,{'train': 14},1,13,DUPLICATE_NEAR
4470,1,{'train': 1},1,0,
4487,5,{'train': 5},1,4,DUPLICATE_NEAR
4472,1,{'train': 1},1,0,
4482,3,{'train': 3},1,2,DUPLICATE_NEAR
4478,1,{'train': 1},1,0,
12519,2,{'train': 2},2,0,
4481,1,{'train': 1},1,0,
4486,1,{'train': 1},1,0,
12587,3,{'train': 3},1,2,DUPLICATE_NEAR
4491,1,{'train': 1},1,0,
4496,1,{'train': 1},1,0,
4498,1,{'train': 1},1,0,
4505,3,{'train': 3},1,2,DUPLICATE_NEAR
25997,2,{'train': 2},2,0,
4508,3,{'train': 3},1,2,DUPLICATE_NEAR
4510,1,{'train': 1},1,0,
4514,2,{'train': 2},2,0,
4513,1,{'train': 1},1,0,
4517,1,{'train': 1},1,0,
26014,10,{'train': 10},1,9,DUPLICATE_NEAR
4523,1,{'train': 1},1,0,
4524,1,{'train': 1},1,0,
4527,3,{'train': 3},1,2,DUPLICATE_NEAR
4531,1,{'train': 1},1,0,
39693,2,"{'train': 1, 'val': 1}",1,1,CROSS_SPLIT_NEARDUP_LEAKAGE
4534,1,{'train': 1},1,0,
4535,1,{'train': 1},1,0,
4536,1,{'train': 1},1,0,
4537,1,{'train': 1},1,0,
4538,1,{'train': 1},1,0,
12454,2,{'train': 2},2,0,
4541,1,{'train': 1},1,0,
4542,1,{'train': 1},1,0,
4543,1,{'train': 1},1,0,
30487,10,{'train': 10},1,9,DUPLICATE_NEAR
25528,17,{'train': 17},1,16,DUPLICATE_NEAR
4551,1,{'train': 1},1,0,
4591,10,{'train': 10},1,9,DUPLICATE_NEAR
4589,3,{'train': 3},1,2,DUPLICATE_NEAR
4557,1,{'train': 1},1,0,
4567,4,{'train': 4},1,3,DUPLICATE_NEAR
4564,1,{'train': 1},1,0,
4565,1,{'train': 1},1,0,
4568,1,{'train': 1},1,0,
4569,1,{'train': 1},1,0,
4570,1,{'train': 1},1,0,
4571,1,{'train': 1},1,0,
4572,1,{'train': 1},1,0,
4581,2,{'train': 2},2,0,
4575,3,{'train': 3},1,2,DUPLICATE_NEAR
4587,3,{'train': 3},1,2,DUPLICATE_NEAR
6547,2,{'train': 2},2,0,
4585,1,{'train': 1},1,0,
6573,3,{'train': 3},1,2,DUPLICATE_NEAR
4590,1,{'train': 1},1,0,
4595,3,{'train': 3},1,2,DUPLICATE_NEAR
4594,1,{'train': 1},1,0,
4596,1,{'train': 1},1,0,
28641,34,{'train': 34},1,33,DUPLICATE_NEAR
4603,1,{'train': 1},1,0,
4604,1,{'train': 1},1,0,
4606,1,{'train': 1},1,0,
4607,1,{'train': 1},1,0,
4608,1,{'train': 1},1,0,
26030,7,{'train': 7},1,6,DUPLICATE_NEAR
30498,4,{'train': 4},1,3,DUPLICATE_NEAR
4613,1,{'train': 1},1,0,
6609,13,{'train': 13},1,12,DUPLICATE_NEAR
4620,2,{'train': 2},2,0,
4616,1,{'train': 1},1,0,
4619,2,{'train': 2},2,0,
4618,1,{'train': 1},1,0,
4621,1,{'train': 1},1,0,
4625,2,{'train': 2},2,0,
4623,1,{'train': 1},1,0,
4626,2,{'train': 2},2,0,
4627,1,{'train': 1},1,0,
4629,2,{'train': 2},2,0,
4631,1,{'train': 1},1,0,
4634,1,{'train': 1},1,0,
4636,1,{'train': 1},1,0,
4652,4,{'train': 4},1,3,DUPLICATE_NEAR
4644,2,{'train': 2},2,0,
4653,3,{'train': 3},1,2,DUPLICATE_NEAR
4646,1,{'train': 1},1,0,
4651,1,{'train': 1},1,0,
4654,1,{'train': 1},1,0,
4655,1,{'train': 1},1,0,
4656,1,{'train': 1},1,0,
31277,32,{'train': 32},1,31,DUPLICATE_NEAR
26053,2,{'train': 2},2,0,
4660,2,{'train': 2},2,0,
4664,1,{'train': 1},1,0,
4668,1,{'train': 1},1,0,
4669,1,{'train': 1},1,0,
4670,1,{'train': 1},1,0,
4682,5,{'train': 5},1,4,DUPLICATE_NEAR
4674,1,{'train': 1},1,0,
4681,3,{'train': 3},1,2,DUPLICATE_NEAR
4679,1,{'train': 1},1,0,
4683,1,{'train': 1},1,0,
4686,1,{'train': 1},1,0,
11968,4,{'train': 4},1,3,DUPLICATE_NEAR
4690,1,{'train': 1},1,0,
12387,3,{'train': 3},1,2,DUPLICATE_NEAR
4715,23,{'train': 23},1,22,DUPLICATE_NEAR
4702,1,{'train': 1},1,0,
4703,1,{'train': 1},1,0,
4709,2,{'train': 2},2,0,
28138,14,{'train': 14},1,13,DUPLICATE_NEAR
30595,8,{'train': 8},1,7,DUPLICATE_NEAR
4711,1,{'train': 1},1,0,
4712,1,{'train': 1},1,0,
6355,2,{'train': 2},2,0,
4717,1,{'train': 1},1,0,
4718,1,{'train': 1},1,0,
4720,2,{'train': 2},2,0,
4721,1,{'train': 1},1,0,
4722,1,{'train': 1},1,0,
4723,1,{'train': 1},1,0,
4727,1,{'train': 1},1,0,
4729,1,{'train': 1},1,0,
4734,2,{'train': 2},2,0,
4733,1,{'train': 1},1,0,
33020,7,{'train': 7},1,6,DUPLICATE_NEAR
4751,2,{'train': 2},2,0,
4743,1,{'train': 1},1,0,
4746,1,{'train': 1},1,0,
4747,1,{'train': 1},1,0,
4749,1,{'train': 1},1,0,
4757,2,{'train': 2},2,0,
4760,2,{'train': 2},2,0,
4763,4,{'train': 4},1,3,DUPLICATE_NEAR
4762,1,{'train': 1},1,0,
4765,1,{'train': 1},1,0,
4766,1,{'train': 1},1,0,
12698,38,{'train': 38},1,37,DUPLICATE_NEAR
4774,3,{'train': 3},1,2,DUPLICATE_NEAR
4776,2,{'train': 2},2,0,
4773,1,{'train': 1},1,0,
4775,1,{'train': 1},1,0,
4782,3,{'train': 3},1,2,DUPLICATE_NEAR
33422,8,{'train': 8},1,7,DUPLICATE_NEAR
4788,1,{'train': 1},1,0,
4802,3,{'train': 3},1,2,DUPLICATE_NEAR
4846,2,{'train': 2},2,0,
4794,1,{'train': 1},1,0,
4799,1,{'train': 1},1,0,
4800,1,{'train': 1},1,0,
4805,1,{'train': 1},1,0,
4806,1,{'train': 1},1,0,
4809,1,{'train': 1},1,0,
26113,2,{'train': 2},2,0,
4812,4,{'train': 4},1,3,DUPLICATE_NEAR
4814,1,{'train': 1},1,0,
26114,3,{'train': 3},1,2,DUPLICATE_NEAR
4818,1,{'train': 1},1,0,
4819,1,{'train': 1},1,0,
4821,1,{'train': 1},1,0,
4823,1,{'train': 1},1,0,
4824,1,{'train': 1},1,0,
4825,1,{'train': 1},1,0,
4827,2,{'train': 2},2,0,
4828,1,{'train': 1},1,0,
4829,1,{'train': 1},1,0,
4831,2,{'train': 2},2,0,
4836,3,{'train': 3},1,2,DUPLICATE_NEAR
4839,2,{'train': 2},2,0,
4838,1,{'train': 1},1,0,
4843,1,{'train': 1},1,0,
4844,1,{'train': 1},1,0,
4848,1,{'train': 1},1,0,
4849,1,{'train': 1},1,0,
4850,1,{'train': 1},1,0,
26137,6,{'train': 6},1,5,DUPLICATE_NEAR
4852,1,{'train': 1},1,0,
4857,1,{'train': 1},1,0,
4858,1,{'train': 1},1,0,
4863,2,{'train': 2},2,0,
4867,2,{'train': 2},2,0,
4869,2,{'train': 2},2,0,
4865,1,{'train': 1},1,0,
4866,1,{'train': 1},1,0,
4868,1,{'train': 1},1,0,
4871,1,{'train': 1},1,0,
4877,1,{'train': 1},1,0,
4883,2,{'train': 2},2,0,
4893,1,{'train': 1},1,0,
31365,52,{'train': 52},1,51,DUPLICATE_NEAR
26149,2,{'train': 2},2,0,
4896,1,{'train': 1},1,0,
4900,2,{'train': 2},2,0,
4899,2,{'train': 2},2,0,
4902,1,{'train': 1},1,0,
4903,1,{'train': 1},1,0,
45532,2,"{'train': 1, 'test': 1}",1,1,CROSS_SPLIT_NEARDUP_LEAKAGE
4906,1,{'train': 1},1,0,
4910,1,{'train': 1},1,0,
4912,1,{'train': 1},1,0,
4913,1,{'train': 1},1,0,
4915,1,{'train': 1},1,0,
4921,2,{'train': 2},2,0,
6758,2,{'train': 2},2,0,
4928,1,{'train': 1},1,0,
4929,1,{'train': 1},1,0,
26160,11,{'train': 11},1,10,DUPLICATE_NEAR
4935,1,{'train': 1},1,0,
4938,2,{'train': 2},2,0,
33318,2,{'train': 2},2,0,
4943,1,{'train': 1},1,0,
4944,1,{'train': 1},1,0,
26165,12,{'train': 12},1,11,DUPLICATE_NEAR
4948,1,{'train': 1},1,0,
4952,1,{'train': 1},1,0,
4954,1,{'train': 1},1,0,
4955,1,{'train': 1},1,0,
4957,1,{'train': 1},1,0,
4958,1,{'train': 1},1,0,
30820,13,{'train': 13},1,12,DUPLICATE_NEAR
30823,14,{'train': 14},1,13,DUPLICATE_NEAR
4963,1,{'train': 1},1,0,
26786,35,{'train': 35},1,34,DUPLICATE_NEAR
4969,1,{'train': 1},1,0,
4971,1,{'train': 1},1,0,
4973,1,{'train': 1},1,0,
4981,2,{'train': 2},2,0,
4982,1,{'train': 1},1,0,
4985,1,{'train': 1},1,0,
4986,1,{'train': 1},1,0,
4988,1,{'train': 1},1,0,
5000,2,{'train': 2},2,0,
4992,1,{'train': 1},1,0,
4997,6,{'train': 6},1,5,DUPLICATE_NEAR
4995,1,{'train': 1},1,0,
4999,1,{'train': 1},1,0,
5001,1,{'train': 1},1,0,
5004,1,{'train': 1},1,0,
5008,1,{'train': 1},1,0,
5009,1,{'train': 1},1,0,
5010,1,{'train': 1},1,0,
5019,3,{'train': 3},1,2,DUPLICATE_NEAR
5012,1,{'train': 1},1,0,
5015,1,{'train': 1},1,0,
5016,1,{'train': 1},1,0,
5018,1,{'train': 1},1,0,
5021,1,{'train': 1},1,0,
5022,1,{'train': 1},1,0,
5023,1,{'train': 1},1,0,
5025,1,{'train': 1},1,0,
5026,1,{'train': 1},1,0,
5031,1,{'train': 1},1,0,
5032,1,{'train': 1},1,0,
5034,1,{'train': 1},1,0,
5037,1,{'train': 1},1,0,
5051,1,{'train': 1},1,0,
5052,1,{'train': 1},1,0,
5053,1,{'train': 1},1,0,
5055,1,{'train': 1},1,0,
5094,2,{'train': 2},2,0,
31405,11,{'train': 11},1,10,DUPLICATE_NEAR
5074,1,{'train': 1},1,0,
30855,12,{'train': 12},1,11,DUPLICATE_NEAR
5080,1,{'train': 1},1,0,
5081,1,{'train': 1},1,0,
45542,4,"{'train': 2, 'test': 2}",2,2,CROSS_SPLIT_NEARDUP_LEAKAGE
6893,2,{'train': 2},2,0,
5089,1,{'train': 1},1,0,
5109,2,{'train': 2},2,0,
5091,1,{'train': 1},1,0,
5095,1,{'train': 1},1,0,
5096,1,{'train': 1},1,0,
5097,1,{'train': 1},1,0,
5098,1,{'train': 1},1,0,
5099,1,{'train': 1},1,0,
5100,1,{'train': 1},1,0,
5102,1,{'train': 1},1,0,
5106,2,{'train': 2},2,0,
5105,1,{'train': 1},1,0,
5111,1,{'train': 1},1,0,
5112,1,{'train': 1},1,0,
5117,1,{'train': 1},1,0,
5118,1,{'train': 1},1,0,
5124,1,{'train': 1},1,0,
5125,1,{'train': 1},1,0,
5127,1,{'train': 1},1,0,
5129,1,{'train': 1},1,0,
5130,1,{'train': 1},1,0,
5131,1,{'train': 1},1,0,
5132,1,{'train': 1},1,0,
5133,1,{'train': 1},1,0,
5135,1,{'train': 1},1,0,
26248,2,{'train': 2},2,0,
5141,1,{'train': 1},1,0,
5142,1,{'train': 1},1,0,
5166,2,{'train': 2},2,0,
5146,1,{'train': 1},1,0,
5148,1,{'train': 1},1,0,
5149,1,{'train': 1},1,0,
5153,1,{'train': 1},1,0,
5154,1,{'train': 1},1,0,
5163,2,{'train': 2},2,0,
5158,1,{'train': 1},1,0,
5160,1,{'train': 1},1,0,
5161,1,{'train': 1},1,0,
5164,1,{'train': 1},1,0,
5165,1,{'train': 1},1,0,
5228,2,{'train': 2},2,0,
5172,1,{'train': 1},1,0,
7410,2,{'train': 2},2,0,
5176,1,{'train': 1},1,0,
43919,15,"{'train': 8, 'val': 7}",1,14,CROSS_SPLIT_NEARDUP_LEAKAGE;DUPLICATE_NEAR
5188,1,{'train': 1},1,0,
7677,2,{'train': 2},2,0,
5193,1,{'train': 1},1,0,
5197,1,{'train': 1},1,0,
5201,1,{'train': 1},1,0,
5202,1,{'train': 1},1,0,
5209,1,{'train': 1},1,0,
5220,3,{'train': 3},1,2,DUPLICATE_NEAR
5218,1,{'train': 1},1,0,
5221,1,{'train': 1},1,0,
5224,1,{'train': 1},1,0,
5239,5,{'train': 5},1,4,DUPLICATE_NEAR
5226,1,{'train': 1},1,0,
5227,1,{'train': 1},1,0,
5232,1,{'train': 1},1,0,
5236,1,{'train': 1},1,0,
5253,2,{'train': 2},2,0,
5240,1,{'train': 1},1,0,
5241,1,{'train': 1},1,0,
5246,1,{'train': 1},1,0,
5248,1,{'train': 1},1,0,
5250,1,{'train': 1},1,0,
5251,1,{'train': 1},1,0,
5254,1,{'train': 1},1,0,
5262,7,{'train': 7},1,6,DUPLICATE_NEAR
5273,1,{'train': 1},1,0,
6956,3,{'train': 3},1,2,DUPLICATE_NEAR
5277,1,{'train': 1},1,0,
5281,1,{'train': 1},1,0,
5282,1,{'train': 1},1,0,
5283,1,{'train': 1},1,0,
5284,1,{'train': 1},1,0,
5300,6,{'train': 6},1,5,DUPLICATE_NEAR
5288,1,{'train': 1},1,0,
5290,1,{'train': 1},1,0,
5294,1,{'train': 1},1,0,
5295,1,{'train': 1},1,0,
5298,1,{'train': 1},1,0,
5302,1,{'train': 1},1,0,
5303,1,{'train': 1},1,0,
5304,1,{'train': 1},1,0,
5309,4,"{'train': 3, 'test': 1}",1,3,CROSS_SPLIT_NEARDUP_LEAKAGE;DUPLICATE_NEAR
5306,1,{'train': 1},1,0,
5307,1,{'train': 1},1,0,
5311,1,{'train': 1},1,0,
5313,1,{'train': 1},1,0,
5314,1,{'train': 1},1,0,
5319,1,{'train': 1},1,0,
5320,1,{'train': 1},1,0,
9639,2,{'train': 2},2,0,
5322,1,{'train': 1},1,0,
5323,1,{'train': 1},1,0,
5325,1,{'train': 1},1,0,
5326,1,{'train': 1},1,0,
5327,1,{'train': 1},1,0,
7937,2,{'train': 2},2,0,
5335,2,{'train': 2},2,0,
5334,1,{'train': 1},1,0,
5336,1,{'train': 1},1,0,
5337,1,{'train': 1},1,0,
7909,5,{'train': 5},1,4,DUPLICATE_NEAR
5343,1,{'train': 1},1,0,
5346,1,{'train': 1},1,0,
5361,2,{'train': 2},2,0,
31336,22,{'train': 22},1,21,DUPLICATE_NEAR
5354,1,{'train': 1},1,0,
5356,1,{'train': 1},1,0,
5357,1,{'train': 1},1,0,
5359,1,{'train': 1},1,0,
5365,1,{'train': 1},1,0,
26321,61,{'train': 61},1,60,DUPLICATE_NEAR
27946,20,{'train': 20},1,19,DUPLICATE_NEAR
5383,1,{'train': 1},1,0,
5384,1,{'train': 1},1,0,
5385,1,{'train': 1},1,0,
30609,18,{'train': 18},1,17,DUPLICATE_NEAR
30610,46,{'train': 46},1,45,DUPLICATE_NEAR
5392,1,{'train': 1},1,0,
27204,26,{'train': 26},1,25,DUPLICATE_NEAR
5418,2,{'train': 2},2,0,
40976,4,"{'train': 3, 'val': 1}",1,3,CROSS_SPLIT_NEARDUP_LEAKAGE;DUPLICATE_NEAR
5399,1,{'train': 1},1,0,
5401,1,{'train': 1},1,0,
5405,1,{'train': 1},1,0,
31083,32,{'train': 32},1,31,DUPLICATE_NEAR
10448,6,{'train': 6},1,5,DUPLICATE_NEAR
27263,13,{'train': 13},1,12,DUPLICATE_NEAR
5409,1,{'train': 1},1,0,
5410,1,{'train': 1},1,0,
5411,1,{'train': 1},1,0,
5415,1,{'train': 1},1,0,
5417,1,{'train': 1},1,0,
8428,24,{'train': 24},1,23,DUPLICATE_NEAR
31109,90,{'train': 90},1,89,DUPLICATE_NEAR
41183,3,"{'train': 2, 'val': 1}",2,1,CROSS_SPLIT_NEARDUP_LEAKAGE
5426,1,{'train': 1},1,0,
5427,1,{'train': 1},1,0,
5428,1,{'train': 1},1,0,
5430,1,{'train': 1},1,0,
5431,1,{'train': 1},1,0,
5433,1,{'train': 1},1,0,
5447,6,{'train': 6},1,5,DUPLICATE_NEAR
5443,3,{'train': 3},1,2,DUPLICATE_NEAR
5439,1,{'train': 1},1,0,
5471,2,{'train': 2},2,0,
5448,1,{'train': 1},1,0,
5456,1,{'train': 1},1,0,
26360,6,{'train': 6},1,5,DUPLICATE_NEAR
5462,2,{'train': 2},2,0,
5464,1,{'train': 1},1,0,
5469,1,{'train': 1},1,0,
5472,1,{'train': 1},1,0,
5473,1,{'train': 1},1,0,
5475,1,{'train': 1},1,0,
5479,3,{'train': 3},1,2,DUPLICATE_NEAR
5480,1,{'train': 1},1,0,
5482,1,{'train': 1},1,0,
5483,1,{'train': 1},1,0,
5499,7,{'train': 7},1,6,DUPLICATE_NEAR
5501,2,{'train': 2},2,0,
8856,2,{'train': 2},2,0,
5496,1,{'train': 1},1,0,
8834,34,{'train': 34},1,33,DUPLICATE_NEAR
8804,3,{'train': 3},1,2,DUPLICATE_NEAR
5503,1,{'train': 1},1,0,
5509,1,{'train': 1},1,0,
5510,1,{'train': 1},1,0,
10796,11,{'train': 11},1,10,DUPLICATE_NEAR
5514,1,{'train': 1},1,0,
5515,1,{'train': 1},1,0,
5517,1,{'train': 1},1,0,
5518,1,{'train': 1},1,0,
5519,1,{'train': 1},1,0,
5521,1,{'train': 1},1,0,
8875,2,{'train': 2},2,0,
5525,1,{'train': 1},1,0,
11732,5,{'train': 5},1,4,DUPLICATE_NEAR
5532,1,{'train': 1},1,0,
5534,1,{'train': 1},1,0,
5540,1,{'train': 1},1,0,
5543,1,{'train': 1},1,0,
12427,7,{'train': 7},1,6,DUPLICATE_NEAR
5555,5,{'train': 5},1,4,DUPLICATE_NEAR
5546,1,{'train': 1},1,0,
5554,3,{'train': 3},1,2,DUPLICATE_NEAR
41562,2,"{'train': 1, 'val': 1}",1,1,CROSS_SPLIT_NEARDUP_LEAKAGE
5552,1,{'train': 1},1,0,
5556,1,{'train': 1},1,0,
5557,1,{'train': 1},1,0,
5558,1,{'train': 1},1,0,
5561,4,{'train': 4},1,3,DUPLICATE_NEAR
5563,1,{'train': 1},1,0,
5564,1,{'train': 1},1,0,
5565,1,{'train': 1},1,0,
5570,3,{'train': 3},1,2,DUPLICATE_NEAR
5568,1,{'train': 1},1,0,
5569,1,{'train': 1},1,0,
5571,1,{'train': 1},1,0,
5572,1,{'train': 1},1,0,
5573,1,{'train': 1},1,0,
5574,1,{'train': 1},1,0,
5575,1,{'train': 1},1,0,
5576,1,{'train': 1},1,0,
5577,1,{'train': 1},1,0,
7115,6,{'train': 6},1,5,DUPLICATE_NEAR
5579,1,{'train': 1},1,0,
5590,2,{'train': 2},2,0,
7110,7,{'train': 7},1,6,DUPLICATE_NEAR
5597,4,{'train': 4},1,3,DUPLICATE_NEAR
5600,2,{'train': 2},2,0,
5593,1,{'train': 1},1,0,
5595,1,{'train': 1},1,0,
5596,1,{'train': 1},1,0,
5598,1,{'train': 1},1,0,
5604,2,{'train': 2},2,0,
5606,1,{'train': 1},1,0,
5613,1,{'train': 1},1,0,
5615,1,{'train': 1},1,0,
5616,1,{'train': 1},1,0,
5618,1,{'train': 1},1,0,
5623,1,{'train': 1},1,0,
5624,1,{'train': 1},1,0,
5625,1,{'train': 1},1,0,
5626,1,{'train': 1},1,0,
5627,1,{'train': 1},1,0,
5628,1,{'train': 1},1,0,
5642,2,{'train': 2},2,0,
5634,1,{'train': 1},1,0,
5641,3,{'train': 3},1,2,DUPLICATE_NEAR
5643,4,{'train': 4},1,3,DUPLICATE_NEAR
5638,1,{'train': 1},1,0,
9412,25,{'train': 25},1,24,DUPLICATE_NEAR
5646,1,{'train': 1},1,0,
5647,1,{'train': 1},1,0,
5654,1,{'train': 1},1,0,
5663,6,{'train': 6},1,5,DUPLICATE_NEAR
5658,1,{'train': 1},1,0,
5660,2,{'train': 2},2,0,
5673,3,{'train': 3},1,2,DUPLICATE_NEAR
5675,2,{'train': 2},2,0,
31267,13,{'train': 13},1,12,DUPLICATE_NEAR
5671,2,{'train': 2},2,0,
27685,21,{'train': 21},1,20,DUPLICATE_NEAR
5674,2,{'train': 2},2,0,
9743,20,{'train': 20},1,19,DUPLICATE_NEAR
5679,1,{'train': 1},1,0,
5680,1,{'train': 1},1,0,
5682,1,{'train': 1},1,0,
5687,4,{'train': 4},1,3,DUPLICATE_NEAR
26416,2,{'train': 2},2,0,
5686,1,{'train': 1},1,0,
5688,1,{'train': 1},1,0,
5691,3,{'train': 3},1,2,DUPLICATE_NEAR
5693,2,{'train': 2},2,0,
5694,1,{'train': 1},1,0,
5695,1,{'train': 1},1,0,
5696,1,{'train': 1},1,0,
5697,1,{'train': 1},1,0,
5698,1,{'train': 1},1,0,
5702,1,{'train': 1},1,0,
5704,1,{'train': 1},1,0,
5705,1,{'train': 1},1,0,
31369,14,{'train': 14},1,13,DUPLICATE_NEAR
5709,1,{'train': 1},1,0,
5711,2,{'train': 2},2,0,
5712,1,{'train': 1},1,0,
5713,1,{'train': 1},1,0,
5714,1,{'train': 1},1,0,
5715,1,{'train': 1},1,0,
5716,1,{'train': 1},1,0,
5718,2,{'train': 2},2,0,
26428,3,{'train': 3},1,2,DUPLICATE_NEAR
5721,1,{'train': 1},1,0,
5722,1,{'train': 1},1,0,
5724,2,{'train': 2},2,0,
26429,3,{'train': 3},1,2,DUPLICATE_NEAR
5727,1,{'train': 1},1,0,
5734,5,{'train': 5},1,4,DUPLICATE_NEAR
5747,3,{'train': 3},1,2,DUPLICATE_NEAR
5731,1,{'train': 1},1,0,
5732,1,{'train': 1},1,0,
5739,1,{'train': 1},1,0,
5740,1,{'train': 1},1,0,
5743,1,{'train': 1},1,0,
5751,3,{'train': 3},1,2,DUPLICATE_NEAR
26435,2,{'train': 2},2,0,
5754,2,{'train': 2},2,0,
5755,1,{'train': 1},1,0,
5757,2,{'train': 2},2,0,
5758,1,{'train': 1},1,0,
5759,1,{'train': 1},1,0,
5760,1,{'train': 1},1,0,
5763,3,{'train': 3},1,2,DUPLICATE_NEAR
26437,4,{'train': 4},1,3,DUPLICATE_NEAR
5766,1,{'train': 1},1,0,
5767,1,{'train': 1},1,0,
26439,3,{'train': 3},1,2,DUPLICATE_NEAR
5772,2,{'train': 2},2,0,
5771,1,{'train': 1},1,0,
26440,4,{'train': 4},1,3,DUPLICATE_NEAR
5776,1,{'train': 1},1,0,
5777,1,{'train': 1},1,0,
26441,2,{'train': 2},2,0,
5779,1,{'train': 1},1,0,
45694,2,"{'train': 1, 'test': 1}",1,1,CROSS_SPLIT_NEARDUP_LEAKAGE
5781,1,{'train': 1},1,0,
5784,2,{'train': 2},2,0,
5785,1,{'train': 1},1,0,
26445,2,{'train': 2},2,0,
5787,1,{'train': 1},1,0,
5788,1,{'train': 1},1,0,
5789,1,{'train': 1},1,0,
5790,1,{'train': 1},1,0,
5791,1,{'train': 1},1,0,
5793,1,{'train': 1},1,0,
5794,1,{'train': 1},1,0,
5795,1,{'train': 1},1,0,
5797,1,{'train': 1},1,0,
5801,2,{'train': 2},2,0,
5800,1,{'train': 1},1,0,
26449,2,{'train': 2},2,0,
5804,2,{'train': 2},2,0,
5807,3,{'train': 3},1,2,DUPLICATE_NEAR
5808,1,{'train': 1},1,0,
5809,1,{'train': 1},1,0,
5810,1,{'train': 1},1,0,
26450,2,{'train': 2},2,0,
5813,2,{'train': 2},2,0,
5814,1,{'train': 1},1,0,
5821,4,{'train': 4},1,3,DUPLICATE_NEAR
5817,1,{'train': 1},1,0,
5818,1,{'train': 1},1,0,
5820,1,{'train': 1},1,0,
5823,2,{'train': 2},2,0,
5824,1,{'train': 1},1,0,
5829,5,{'train': 5},1,4,DUPLICATE_NEAR
5826,1,{'train': 1},1,0,
5828,1,{'train': 1},1,0,
5830,1,{'train': 1},1,0,
5834,1,{'train': 1},1,0,
26452,2,{'train': 2},2,0,
26453,3,{'train': 3},1,2,DUPLICATE_NEAR
5839,1,{'train': 1},1,0,
5841,2,{'train': 2},2,0,
5844,3,{'train': 3},1,2,DUPLICATE_NEAR
5843,1,{'train': 1},1,0,
5845,1,{'train': 1},1,0,
5847,2,{'train': 2},2,0,
5848,1,{'train': 1},1,0,
5850,2,{'train': 2},2,0,
26455,3,{'train': 3},1,2,DUPLICATE_NEAR
5853,1,{'train': 1},1,0,
33437,6,{'train': 6},1,5,DUPLICATE_NEAR
33438,2,{'train': 2},2,0,
11345,2,{'train': 2},2,0,
5863,1,{'train': 1},1,0,
5866,1,{'train': 1},1,0,
5867,1,{'train': 1},1,0,
5868,1,{'train': 1},1,0,
33439,3,{'train': 3},1,2,DUPLICATE_NEAR
30863,38,{'train': 38},1,37,DUPLICATE_NEAR
5873,1,{'train': 1},1,0,
5877,1,{'train': 1},1,0,
26468,4,{'train': 4},1,3,DUPLICATE_NEAR
5880,1,{'train': 1},1,0,
5883,3,{'train': 3},1,2,DUPLICATE_NEAR
5887,2,{'train': 2},2,0,
5886,1,{'train': 1},1,0,
26472,2,{'train': 2},2,0,
26470,3,{'train': 3},1,2,DUPLICATE_NEAR
26473,2,{'train': 2},2,0,
5892,1,{'train': 1},1,0,
5893,1,{'train': 1},1,0,
5896,3,{'train': 3},1,2,DUPLICATE_NEAR
26474,2,{'train': 2},2,0,
5898,1,{'train': 1},1,0,
5899,1,{'train': 1},1,0,
5901,1,{'train': 1},1,0,
26476,2,{'train': 2},2,0,
5906,1,{'train': 1},1,0,
26477,3,{'train': 3},1,2,DUPLICATE_NEAR
5911,2,{'train': 2},2,0,
5910,1,{'train': 1},1,0,
26479,4,{'train': 4},1,3,DUPLICATE_NEAR
26478,2,{'train': 2},2,0,
5915,1,{'train': 1},1,0,
5916,1,{'train': 1},1,0,
5917,1,{'train': 1},1,0,
5918,1,{'train': 1},1,0,
5919,1,{'train': 1},1,0,
5920,1,{'train': 1},1,0,
26481,4,{'train': 4},1,3,DUPLICATE_NEAR
5924,1,{'train': 1},1,0,
5925,1,{'train': 1},1,0,
5926,1,{'train': 1},1,0,
5927,1,{'train': 1},1,0,
5929,2,{'train': 2},2,0,
26482,3,{'train': 3},1,2,DUPLICATE_NEAR
5931,1,{'train': 1},1,0,
5933,1,{'train': 1},1,0,
26483,3,{'train': 3},1,2,DUPLICATE_NEAR
5936,1,{'train': 1},1,0,
5937,1,{'train': 1},1,0,
5938,1,{'train': 1},1,0,
5939,1,{'train': 1},1,0,
5941,2,{'train': 2},2,0,
5944,3,{'train': 3},1,2,DUPLICATE_NEAR
5943,1,{'train': 1},1,0,
5945,1,{'train': 1},1,0,
5947,2,{'train': 2},2,0,
5948,1,{'train': 1},1,0,
26488,3,{'train': 3},1,2,DUPLICATE_NEAR
5951,4,{'train': 4},1,3,DUPLICATE_NEAR
5952,1,{'train': 1},1,0,
5954,1,{'train': 1},1,0,
5955,1,{'train': 1},1,0,
5956,1,{'train': 1},1,0,
5958,1,{'train': 1},1,0,
5960,1,{'train': 1},1,0,
5961,1,{'train': 1},1,0,
5962,1,{'train': 1},1,0,
5963,1,{'train': 1},1,0,
5964,1,{'train': 1},1,0,
28054,28,{'train': 28},1,27,DUPLICATE_NEAR
5968,1,{'train': 1},1,0,
5971,2,{'train': 2},2,0,
5970,1,{'train': 1},1,0,
5978,2,{'train': 2},2,0,
5977,3,{'train': 3},1,2,DUPLICATE_NEAR
10683,3,{'train': 3},1,2,DUPLICATE_NEAR
5976,1,{'train': 1},1,0,
5983,2,{'train': 2},2,0,
5982,1,{'train': 1},1,0,
5998,4,{'train': 4},1,3,DUPLICATE_NEAR
5985,1,{'train': 1},1,0,
5986,1,{'train': 1},1,0,
5987,1,{'train': 1},1,0,
5990,1,{'train': 1},1,0,
10686,4,{'train': 4},1,3,DUPLICATE_NEAR
5993,1,{'train': 1},1,0,
5994,1,{'train': 1},1,0,
5995,1,{'train': 1},1,0,
5997,1,{'train': 1},1,0,
6000,1,{'train': 1},1,0,
6001,1,{'train': 1},1,0,
6004,2,{'train': 2},2,0,
26500,3,{'train': 3},1,2,DUPLICATE_NEAR
6006,1,{'train': 1},1,0,
6008,2,{'train': 2},2,0,
6010,1,{'train': 1},1,0,
6018,4,{'train': 4},1,3,DUPLICATE_NEAR
6021,3,{'train': 3},1,2,DUPLICATE_NEAR
6019,1,{'train': 1},1,0,
6020,1,{'train': 1},1,0,
6024,2,{'train': 2},2,0,
26504,2,{'train': 2},2,0,
6025,1,{'train': 1},1,0,
6027,1,{'train': 1},1,0,
6028,1,{'train': 1},1,0,
6062,8,{'train': 8},1,7,DUPLICATE_NEAR
45745,3,"{'train': 2, 'test': 1}",2,1,CROSS_SPLIT_NEARDUP_LEAKAGE
6037,1,{'train': 1},1,0,
6038,1,{'train': 1},1,0,
6039,1,{'train': 1},1,0,
6040,1,{'train': 1},1,0,
11805,8,{'train': 8},1,7,DUPLICATE_NEAR
6068,3,{'train': 3},1,2,DUPLICATE_NEAR
6045,1,{'train': 1},1,0,
6048,1,{'train': 1},1,0,
6050,1,{'train': 1},1,0,
6053,1,{'train': 1},1,0,
6054,1,{'train': 1},1,0,
6061,3,{'train': 3},1,2,DUPLICATE_NEAR
6058,1,{'train': 1},1,0,
6059,1,{'train': 1},1,0,
6064,1,{'train': 1},1,0,
6070,2,{'train': 2},2,0,
6066,1,{'train': 1},1,0,
6072,1,{'train': 1},1,0,
6078,1,{'train': 1},1,0,
6085,1,{'train': 1},1,0,
26536,3,{'train': 3},1,2,DUPLICATE_NEAR
6088,1,{'train': 1},1,0,
6092,3,{'train': 3},1,2,DUPLICATE_NEAR
6095,2,{'train': 2},2,0,
6094,1,{'train': 1},1,0,
6098,2,{'train': 2},2,0,
6097,1,{'train': 1},1,0,
26537,2,{'train': 2},2,0,
6100,1,{'train': 1},1,0,
26538,2,{'train': 2},2,0,
6105,3,{'train': 3},1,2,DUPLICATE_NEAR
6104,1,{'train': 1},1,0,
6109,2,{'train': 2},2,0,
6107,1,{'train': 1},1,0,
6108,1,{'train': 1},1,0,
6110,1,{'train': 1},1,0,
31974,2,{'train': 2},2,0,
6112,1,{'train': 1},1,0,
6119,3,{'train': 3},1,2,DUPLICATE_NEAR
6115,1,{'train': 1},1,0,
6116,1,{'train': 1},1,0,
6117,1,{'train': 1},1,0,
46606,5,"{'train': 3, 'val': 1, 'test': 1}",1,4,CROSS_SPLIT_NEARDUP_LEAKAGE;DUPLICATE_NEAR
6120,1,{'train': 1},1,0,
6121,1,{'train': 1},1,0,
6122,1,{'train': 1},1,0,
6124,1,{'train': 1},1,0,
6126,1,{'train': 1},1,0,
6127,1,{'train': 1},1,0,
6128,1,{'train': 1},1,0,
6129,1,{'train': 1},1,0,
6130,1,{'train': 1},1,0,
6134,2,{'train': 2},2,0,
6141,6,{'train': 6},1,5,DUPLICATE_NEAR
6137,1,{'train': 1},1,0,
6144,1,{'train': 1},1,0,
6145,1,{'train': 1},1,0,
6149,1,{'train': 1},1,0,
6151,1,{'train': 1},1,0,
10330,2,{'train': 2},2,0,
6157,1,{'train': 1},1,0,
6158,1,{'train': 1},1,0,
6159,1,{'train': 1},1,0,
6162,1,{'train': 1},1,0,
6163,1,{'train': 1},1,0,
6166,2,{'train': 2},2,0,
6167,1,{'train': 1},1,0,
26569,4,{'train': 4},1,3,DUPLICATE_NEAR
6173,2,{'train': 2},2,0,
6172,1,{'train': 1},1,0,
6174,1,{'train': 1},1,0,
26570,3,{'train': 3},1,2,DUPLICATE_NEAR
6178,1,{'train': 1},1,0,
6179,1,{'train': 1},1,0,
6181,1,{'train': 1},1,0,
6183,1,{'train': 1},1,0,
26575,2,{'train': 2},2,0,
26574,2,{'train': 2},2,0,
6186,1,{'train': 1},1,0,
6187,1,{'train': 1},1,0,
6199,2,{'train': 2},2,0,
6201,7,{'train': 7},1,6,DUPLICATE_NEAR
6191,1,{'train': 1},1,0,
10460,2,{'train': 2},2,0,
6200,1,{'train': 1},1,0,
6203,1,{'train': 1},1,0,
6204,1,{'train': 1},1,0,
6207,1,{'train': 1},1,0,
6209,1,{'train': 1},1,0,
6212,1,{'train': 1},1,0,
6214,1,{'train': 1},1,0,
6216,2,{'train': 2},2,0,
6217,1,{'train': 1},1,0,
6218,1,{'train': 1},1,0,
6219,1,{'train': 1},1,0,
6223,1,{'train': 1},1,0,
6225,2,{'train': 2},2,0,
6229,1,{'train': 1},1,0,
6232,1,{'train': 1},1,0,
6234,1,{'train': 1},1,0,
6237,2,{'train': 2},2,0,
26588,2,{'train': 2},2,0,
6246,2,{'train': 2},2,0,
6239,1,{'train': 1},1,0,
6240,1,{'train': 1},1,0,
6241,1,{'train': 1},1,0,
6242,1,{'train': 1},1,0,
6245,1,{'train': 1},1,0,
6249,2,{'train': 2},2,0,
6248,1,{'train': 1},1,0,
40361,103,"{'train': 4, 'val': 99}",1,102,CROSS_SPLIT_NEARDUP_LEAKAGE;DUPLICATE_NEAR
6253,1,{'train': 1},1,0,
6255,1,{'train': 1},1,0,
6264,2,{'train': 2},2,0,
6259,1,{'train': 1},1,0,
6262,1,{'train': 1},1,0,
6265,1,{'train': 1},1,0,
8398,3,{'train': 3},1,2,DUPLICATE_NEAR
6268,1,{'train': 1},1,0,
11433,2,{'train': 2},2,0,
6274,2,{'train': 2},2,0,
6275,1,{'train': 1},1,0,
6276,1,{'train': 1},1,0,
6277,1,{'train': 1},1,0,
6278,1,{'train': 1},1,0,
6279,1,{'train': 1},1,0,
6284,1,{'train': 1},1,0,
6286,1,{'train': 1},1,0,
6289,1,{'train': 1},1,0,
6293,1,{'train': 1},1,0,
6295,1,{'train': 1},1,0,
6299,1,{'train': 1},1,0,
6300,1,{'train': 1},1,0,
11481,3,{'train': 3},1,2,DUPLICATE_NEAR
6307,1,{'train': 1},1,0,
6310,1,{'train': 1},1,0,
6311,1,{'train': 1},1,0,
6319,1,{'train': 1},1,0,
6320,1,{'train': 1},1,0,
6321,1,{'train': 1},1,0,
11687,5,{'train': 5},1,4,DUPLICATE_NEAR
10575,2,{'train': 2},2,0,
6331,1,{'train': 1},1,0,
6333,1,{'train': 1},1,0,
6338,1,{'train': 1},1,0,
7311,4,{'train': 4},1,3,DUPLICATE_NEAR
6340,1,{'train': 1},1,0,
6344,1,{'train': 1},1,0,
12388,7,{'train': 7},1,6,DUPLICATE_NEAR
6348,3,{'train': 3},1,2,DUPLICATE_NEAR
10992,2,{'train': 2},2,0,
6359,1,{'train': 1},1,0,
6361,1,{'train': 1},1,0,
6363,1,{'train': 1},1,0,
6365,1,{'train': 1},1,0,
6366,1,{'train': 1},1,0,
6367,1,{'train': 1},1,0,
6368,1,{'train': 1},1,0,
6374,5,{'train': 5},1,4,DUPLICATE_NEAR
6370,1,{'train': 1},1,0,
6373,1,{'train': 1},1,0,
6376,1,{'train': 1},1,0,
6377,1,{'train': 1},1,0,
6379,2,{'train': 2},2,0,
6383,1,{'train': 1},1,0,
6384,1,{'train': 1},1,0,
6386,1,{'train': 1},1,0,
6388,1,{'train': 1},1,0,
6389,1,{'train': 1},1,0,
6390,1,{'train': 1},1,0,
6391,1,{'train': 1},1,0,
6399,1,{'train': 1},1,0,
6400,1,{'train': 1},1,0,
6403,2,{'train': 2},2,0,
6409,1,{'train': 1},1,0,
6411,1,{'train': 1},1,0,
6413,1,{'train': 1},1,0,
6417,1,{'train': 1},1,0,
6421,1,{'train': 1},1,0,
6433,5,{'train': 5},1,4,DUPLICATE_NEAR
6427,1,{'train': 1},1,0,
6432,3,{'train': 3},1,2,DUPLICATE_NEAR
6436,1,{'train': 1},1,0,
6438,1,{'train': 1},1,0,
6447,1,{'train': 1},1,0,
12403,2,{'train': 2},2,0,
12397,2,{'train': 2},2,0,
6452,1,{'train': 1},1,0,
6461,1,{'train': 1},1,0,
6463,1,{'train': 1},1,0,
6472,3,{'train': 3},1,2,DUPLICATE_NEAR
6470,2,{'train': 2},2,0,
6475,4,{'train': 4},1,3,DUPLICATE_NEAR
6478,1,{'train': 1},1,0,
6479,1,{'train': 1},1,0,
6486,1,{'train': 1},1,0,
6488,1,{'train': 1},1,0,
6497,1,{'train': 1},1,0,
6500,1,{'train': 1},1,0,
39868,2,"{'train': 1, 'val': 1}",1,1,CROSS_SPLIT_NEARDUP_LEAKAGE
6503,1,{'train': 1},1,0,
6505,1,{'train': 1},1,0,
6510,3,"{'train': 2, 'val': 1}",2,1,CROSS_SPLIT_NEARDUP_LEAKAGE
6509,1,{'train': 1},1,0,
6511,1,{'train': 1},1,0,
6518,1,{'train': 1},1,0,
6519,1,{'train': 1},1,0,
6521,1,{'train': 1},1,0,
6522,1,{'train': 1},1,0,
6525,1,{'train': 1},1,0,
6526,1,{'train': 1},1,0,
6528,1,{'train': 1},1,0,
6529,1,{'train': 1},1,0,
6530,1,{'train': 1},1,0,
6531,1,{'train': 1},1,0,
6532,1,{'train': 1},1,0,
6544,3,{'train': 3},1,2,DUPLICATE_NEAR
6536,1,{'train': 1},1,0,
6541,1,{'train': 1},1,0,
6542,1,{'train': 1},1,0,
6550,1,{'train': 1},1,0,
6555,1,{'train': 1},1,0,
6556,1,{'train': 1},1,0,
6560,1,{'train': 1},1,0,
6561,1,{'train': 1},1,0,
6563,1,{'train': 1},1,0,
6568,1,{'train': 1},1,0,
6570,1,{'train': 1},1,0,
6575,1,{'train': 1},1,0,
6576,1,{'train': 1},1,0,
6579,1,{'train': 1},1,0,
6581,1,{'train': 1},1,0,
40741,84,"{'train': 1, 'val': 83}",1,83,CROSS_SPLIT_NEARDUP_LEAKAGE;DUPLICATE_NEAR
6586,1,{'train': 1},1,0,
40784,103,"{'train': 2, 'val': 101}",1,102,CROSS_SPLIT_NEARDUP_LEAKAGE;DUPLICATE_NEAR
6591,1,{'train': 1},1,0,
6592,1,{'train': 1},1,0,
6599,1,{'train': 1},1,0,
6601,1,{'train': 1},1,0,
6604,1,{'train': 1},1,0,
40476,91,"{'train': 1, 'val': 90}",1,90,CROSS_SPLIT_NEARDUP_LEAKAGE;DUPLICATE_NEAR
6606,1,{'train': 1},1,0,
6611,1,{'train': 1},1,0,
6614,1,{'train': 1},1,0,
6616,1,{'train': 1},1,0,
6617,1,{'train': 1},1,0,
6618,1,{'train': 1},1,0,
6622,2,{'train': 2},2,0,
6625,1,{'train': 1},1,0,
6628,1,{'train': 1},1,0,
6629,1,{'train': 1},1,0,
6633,1,{'train': 1},1,0,
6635,1,{'train': 1},1,0,
6638,1,{'train': 1},1,0,
6642,1,{'train': 1},1,0,
6664,5,{'train': 5},1,4,DUPLICATE_NEAR
6650,2,{'train': 2},2,0,
6649,1,{'train': 1},1,0,
6653,1,{'train': 1},1,0,
6654,1,{'train': 1},1,0,
6657,1,{'train': 1},1,0,
6659,1,{'train': 1},1,0,
6660,1,{'train': 1},1,0,
6665,1,{'train': 1},1,0,
6670,1,{'train': 1},1,0,
6673,1,{'train': 1},1,0,
6675,1,{'train': 1},1,0,
6677,1,{'train': 1},1,0,
6681,1,{'train': 1},1,0,
6682,1,{'train': 1},1,0,
6684,1,{'train': 1},1,0,
6687,1,{'train': 1},1,0,
6689,1,{'train': 1},1,0,
6690,1,{'train': 1},1,0,
6693,1,{'train': 1},1,0,
6694,1,{'train': 1},1,0,
6697,1,{'train': 1},1,0,
6700,1,{'train': 1},1,0,
6703,1,{'train': 1},1,0,
6709,5,{'train': 5},1,4,DUPLICATE_NEAR
12722,2,{'train': 2},2,0,
6708,1,{'train': 1},1,0,
6716,3,{'train': 3},1,2,DUPLICATE_NEAR
6717,1,{'train': 1},1,0,
6721,1,{'train': 1},1,0,
6730,3,{'train': 3},1,2,DUPLICATE_NEAR
6725,1,{'train': 1},1,0,
6726,1,{'train': 1},1,0,
6728,1,{'train': 1},1,0,
6729,1,{'train': 1},1,0,
6732,1,{'train': 1},1,0,
33329,8,{'train': 8},1,7,DUPLICATE_NEAR
6751,2,{'train': 2},2,0,
6747,3,{'train': 3},1,2,DUPLICATE_NEAR
6745,1,{'train': 1},1,0,
6748,1,{'train': 1},1,0,
6749,1,{'train': 1},1,0,
6750,1,{'train': 1},1,0,
6770,6,{'train': 6},1,5,DUPLICATE_NEAR
6756,1,{'train': 1},1,0,
6764,2,{'train': 2},2,0,
6767,1,{'train': 1},1,0,
6776,1,{'train': 1},1,0,
6777,1,{'train': 1},1,0,
6778,1,{'train': 1},1,0,
6779,1,{'train': 1},1,0,
6784,1,{'train': 1},1,0,
6786,1,{'train': 1},1,0,
6787,1,{'train': 1},1,0,
6788,1,{'train': 1},1,0,
6795,1,{'train': 1},1,0,
6804,3,{'train': 3},1,2,DUPLICATE_NEAR
6799,1,{'train': 1},1,0,
6805,5,{'train': 5},1,4,DUPLICATE_NEAR
6803,1,{'train': 1},1,0,
6808,1,{'train': 1},1,0,
6812,1,{'train': 1},1,0,
6813,1,{'train': 1},1,0,
6814,1,{'train': 1},1,0,
6815,1,{'train': 1},1,0,
6817,1,{'train': 1},1,0,
6819,1,{'train': 1},1,0,
6826,3,{'train': 3},1,2,DUPLICATE_NEAR
6823,5,{'train': 5},1,4,DUPLICATE_NEAR
6822,1,{'train': 1},1,0,
6831,1,{'train': 1},1,0,
6838,2,{'train': 2},2,0,
6841,6,{'train': 6},1,5,DUPLICATE_NEAR
6844,2,{'train': 2},2,0,
6850,2,{'train': 2},2,0,
6857,3,{'train': 3},1,2,DUPLICATE_NEAR
6848,1,{'train': 1},1,0,
6851,1,{'train': 1},1,0,
40034,2,"{'train': 1, 'val': 1}",1,1,CROSS_SPLIT_NEARDUP_LEAKAGE
6855,1,{'train': 1},1,0,
6859,1,{'train': 1},1,0,
6861,1,{'train': 1},1,0,
6871,2,{'train': 2},2,0,
6866,1,{'train': 1},1,0,
6868,1,{'train': 1},1,0,
6869,1,{'train': 1},1,0,
6870,1,{'train': 1},1,0,
6874,1,{'train': 1},1,0,
6878,1,{'train': 1},1,0,
6879,1,{'train': 1},1,0,
6881,1,{'train': 1},1,0,
6884,1,{'train': 1},1,0,
6886,1,{'train': 1},1,0,
6887,1,{'train': 1},1,0,
6892,1,{'train': 1},1,0,
6894,1,{'train': 1},1,0,
6898,1,{'train': 1},1,0,
6899,1,{'train': 1},1,0,
6901,1,{'train': 1},1,0,
6907,5,{'train': 5},1,4,DUPLICATE_NEAR
6911,3,{'train': 3},1,2,DUPLICATE_NEAR
6908,1,{'train': 1},1,0,
6910,1,{'train': 1},1,0,
6919,2,{'train': 2},2,0,
6926,1,{'train': 1},1,0,
6927,1,{'train': 1},1,0,
6928,1,{'train': 1},1,0,
6930,1,{'train': 1},1,0,
6933,1,{'train': 1},1,0,
6934,1,{'train': 1},1,0,
6935,1,{'train': 1},1,0,
6937,1,{'train': 1},1,0,
6938,1,{'train': 1},1,0,
6952,5,{'train': 5},1,4,DUPLICATE_NEAR
6943,1,{'train': 1},1,0,
6947,1,{'train': 1},1,0,
6949,1,{'train': 1},1,0,
6950,1,{'train': 1},1,0,
6953,1,{'train': 1},1,0,
6954,1,{'train': 1},1,0,
6955,1,{'train': 1},1,0,
6957,1,{'train': 1},1,0,
6958,1,{'train': 1},1,0,
6972,7,"{'train': 6, 'test': 1}",1,6,CROSS_SPLIT_NEARDUP_LEAKAGE;DUPLICATE_NEAR
6969,1,{'train': 1},1,0,
6970,1,{'train': 1},1,0,
6976,1,{'train': 1},1,0,
6977,1,{'train': 1},1,0,
6978,1,{'train': 1},1,0,
6979,1,{'train': 1},1,0,
6980,1,{'train': 1},1,0,
6981,1,{'train': 1},1,0,
6982,1,{'train': 1},1,0,
6983,1,{'train': 1},1,0,
6984,1,{'train': 1},1,0,
6986,1,{'train': 1},1,0,
6987,1,{'train': 1},1,0,
6989,1,{'train': 1},1,0,
6992,1,{'train': 1},1,0,
6998,3,{'train': 3},1,2,DUPLICATE_NEAR
6995,1,{'train': 1},1,0,
7000,2,{'train': 2},2,0,
7003,1,{'train': 1},1,0,
7004,1,{'train': 1},1,0,
7005,1,{'train': 1},1,0,
7007,1,{'train': 1},1,0,
7009,2,{'train': 2},2,0,
7014,1,{'train': 1},1,0,
7018,1,{'train': 1},1,0,
26844,5,{'train': 5},1,4,DUPLICATE_NEAR
7026,1,{'train': 1},1,0,
7035,2,{'train': 2},2,0,
7034,2,{'train': 2},2,0,
7033,1,{'train': 1},1,0,
7037,1,{'train': 1},1,0,
7051,4,{'train': 4},1,3,DUPLICATE_NEAR
7039,1,{'train': 1},1,0,
7042,1,{'train': 1},1,0,
7050,4,{'train': 4},1,3,DUPLICATE_NEAR
26243,3,{'train': 3},1,2,DUPLICATE_NEAR
7054,1,{'train': 1},1,0,
7065,7,{'train': 7},1,6,DUPLICATE_NEAR
7058,1,{'train': 1},1,0,
7073,1,{'train': 1},1,0,
7084,4,{'train': 4},1,3,DUPLICATE_NEAR
7088,4,{'train': 4},1,3,DUPLICATE_NEAR
7087,1,{'train': 1},1,0,
7090,1,{'train': 1},1,0,
7097,2,{'train': 2},2,0,
7093,1,{'train': 1},1,0,
7095,1,{'train': 1},1,0,
7096,1,{'train': 1},1,0,
7104,6,{'train': 6},1,5,DUPLICATE_NEAR
7107,1,{'train': 1},1,0,
7112,1,{'train': 1},1,0,
7113,1,{'train': 1},1,0,
7122,1,{'train': 1},1,0,
7127,1,{'train': 1},1,0,
7132,1,{'train': 1},1,0,
7133,1,{'train': 1},1,0,
7134,1,{'train': 1},1,0,
7142,8,{'train': 8},1,7,DUPLICATE_NEAR
7138,1,{'train': 1},1,0,
45228,2,"{'train': 1, 'test': 1}",1,1,CROSS_SPLIT_NEARDUP_LEAKAGE
7141,1,{'train': 1},1,0,
7145,1,{'train': 1},1,0,
7159,1,{'train': 1},1,0,
7160,1,{'train': 1},1,0,
26872,3,{'train': 3},1,2,DUPLICATE_NEAR
7164,1,{'train': 1},1,0,
24996,10,{'train': 10},1,9,DUPLICATE_NEAR
7167,1,{'train': 1},1,0,
8130,3,{'train': 3},1,2,DUPLICATE_NEAR
7193,6,{'train': 6},1,5,DUPLICATE_NEAR
7174,1,{'train': 1},1,0,
7331,3,{'train': 3},1,2,DUPLICATE_NEAR
7177,1,{'train': 1},1,0,
7179,1,{'train': 1},1,0,
7180,1,{'train': 1},1,0,
7182,1,{'train': 1},1,0,
7183,1,{'train': 1},1,0,
26877,8,{'train': 8},1,7,DUPLICATE_NEAR
7188,1,{'train': 1},1,0,
7189,1,{'train': 1},1,0,
7194,1,{'train': 1},1,0,
7197,1,{'train': 1},1,0,
7199,1,{'train': 1},1,0,
7206,1,{'train': 1},1,0,
7209,1,{'train': 1},1,0,
7214,1,{'train': 1},1,0,
8182,2,{'train': 2},2,0,
7220,1,{'train': 1},1,0,
7221,1,{'train': 1},1,0,
7222,1,{'train': 1},1,0,
7223,1,{'train': 1},1,0,
7224,1,{'train': 1},1,0,
7225,1,{'train': 1},1,0,
7227,1,{'train': 1},1,0,
7228,1,{'train': 1},1,0,
7229,1,{'train': 1},1,0,
7230,1,{'train': 1},1,0,
7231,1,{'train': 1},1,0,
7233,1,{'train': 1},1,0,
7235,1,{'train': 1},1,0,
26902,7,{'train': 7},1,6,DUPLICATE_NEAR
7239,1,{'train': 1},1,0,
7242,1,{'train': 1},1,0,
7243,1,{'train': 1},1,0,
7244,1,{'train': 1},1,0,
7245,1,{'train': 1},1,0,
7261,4,{'train': 4},1,3,DUPLICATE_NEAR
7247,1,{'train': 1},1,0,
7252,2,{'train': 2},2,0,
7254,1,{'train': 1},1,0,
7255,1,{'train': 1},1,0,
7259,1,{'train': 1},1,0,
7260,1,{'train': 1},1,0,
7262,1,{'train': 1},1,0,
7264,1,{'train': 1},1,0,
7273,1,{'train': 1},1,0,
7275,1,{'train': 1},1,0,
7276,1,{'train': 1},1,0,
7278,1,{'train': 1},1,0,
7283,1,{'train': 1},1,0,
7284,1,{'train': 1},1,0,
7296,6,{'train': 6},1,5,DUPLICATE_NEAR
7292,2,{'train': 2},2,0,
7295,1,{'train': 1},1,0,
7298,1,{'train': 1},1,0,
7299,1,{'train': 1},1,0,
7300,1,{'train': 1},1,0,
7305,1,{'train': 1},1,0,
7338,3,{'train': 3},1,2,DUPLICATE_NEAR
7339,2,{'train': 2},2,0,
7318,1,{'train': 1},1,0,
7319,1,{'train': 1},1,0,
8287,2,{'train': 2},2,0,
7322,1,{'train': 1},1,0,
7327,1,{'train': 1},1,0,
7330,1,{'train': 1},1,0,
7333,1,{'train': 1},1,0,
7334,1,{'train': 1},1,0,
7337,1,{'train': 1},1,0,
7340,1,{'train': 1},1,0,
7341,1,{'train': 1},1,0,
7342,1,{'train': 1},1,0,
7348,2,{'train': 2},2,0,
7346,1,{'train': 1},1,0,
7347,1,{'train': 1},1,0,
7350,2,{'train': 2},2,0,
7352,1,{'train': 1},1,0,
7354,1,{'train': 1},1,0,
7358,2,{'train': 2},2,0,
7377,6,{'train': 6},1,5,DUPLICATE_NEAR
7380,2,{'train': 2},2,0,
25047,2,{'train': 2},2,0,
7374,1,{'train': 1},1,0,
7376,1,{'train': 1},1,0,
7378,1,{'train': 1},1,0,
7379,1,{'train': 1},1,0,
7381,1,{'train': 1},1,0,
7384,1,{'train': 1},1,0,
7390,2,{'train': 2},2,0,
7407,2,{'train': 2},2,0,
7400,6,{'train': 6},1,5,DUPLICATE_NEAR
7391,1,{'train': 1},1,0,
7392,1,{'train': 1},1,0,
7401,1,{'train': 1},1,0,
7402,1,{'train': 1},1,0,
7406,1,{'train': 1},1,0,
7412,1,{'train': 1},1,0,
7413,1,{'train': 1},1,0,
7414,1,{'train': 1},1,0,
7424,4,{'train': 4},1,3,DUPLICATE_NEAR
7416,1,{'train': 1},1,0,
7417,1,{'train': 1},1,0,
7420,1,{'train': 1},1,0,
7421,1,{'train': 1},1,0,
7425,1,{'train': 1},1,0,
7427,1,{'train': 1},1,0,
7428,1,{'train': 1},1,0,
7429,1,{'train': 1},1,0,
7432,1,{'train': 1},1,0,
7438,1,{'train': 1},1,0,
7439,1,{'train': 1},1,0,
7440,1,{'train': 1},1,0,
7441,1,{'train': 1},1,0,
7444,1,{'train': 1},1,0,
7446,1,{'train': 1},1,0,
7448,1,{'train': 1},1,0,
7449,1,{'train': 1},1,0,
7451,1,{'train': 1},1,0,
7453,1,{'train': 1},1,0,
7459,1,{'train': 1},1,0,
7465,4,{'train': 4},1,3,DUPLICATE_NEAR
7466,1,{'train': 1},1,0,
7474,3,{'train': 3},1,2,DUPLICATE_NEAR
7470,1,{'train': 1},1,0,
7478,2,{'train': 2},2,0,
7479,1,{'train': 1},1,0,
7480,1,{'train': 1},1,0,
7482,1,{'train': 1},1,0,
7487,1,{'train': 1},1,0,
7503,6,{'train': 6},1,5,DUPLICATE_NEAR
7492,1,{'train': 1},1,0,
7493,1,{'train': 1},1,0,
7494,1,{'train': 1},1,0,
7499,2,{'train': 2},2,0,
31082,11,{'train': 11},1,10,DUPLICATE_NEAR
45246,4,"{'train': 1, 'val': 2, 'test': 1}",2,2,CROSS_SPLIT_NEARDUP_LEAKAGE
7500,1,{'train': 1},1,0,
7501,1,{'train': 1},1,0,
7504,1,{'train': 1},1,0,
7505,1,{'train': 1},1,0,
8366,3,{'train': 3},1,2,DUPLICATE_NEAR
7522,2,{'train': 2},2,0,
7511,1,{'train': 1},1,0,
7512,1,{'train': 1},1,0,
7513,1,{'train': 1},1,0,
7514,1,{'train': 1},1,0,
7518,1,{'train': 1},1,0,
7519,1,{'train': 1},1,0,
7521,1,{'train': 1},1,0,
7528,1,{'train': 1},1,0,
7529,1,{'train': 1},1,0,
7535,1,{'train': 1},1,0,
7536,1,{'train': 1},1,0,
7538,1,{'train': 1},1,0,
7697,6,{'train': 6},1,5,DUPLICATE_NEAR
27286,28,{'train': 28},1,27,DUPLICATE_NEAR
7548,1,{'train': 1},1,0,
7550,1,{'train': 1},1,0,
7565,3,{'train': 3},1,2,DUPLICATE_NEAR
7554,1,{'train': 1},1,0,
7555,1,{'train': 1},1,0,
7556,1,{'train': 1},1,0,
7558,1,{'train': 1},1,0,
7561,1,{'train': 1},1,0,
7563,1,{'train': 1},1,0,
7569,1,{'train': 1},1,0,
7570,1,{'train': 1},1,0,
8435,3,{'train': 3},1,2,DUPLICATE_NEAR
7573,1,{'train': 1},1,0,
7579,3,{'train': 3},1,2,DUPLICATE_NEAR
7577,1,{'train': 1},1,0,
7578,1,{'train': 1},1,0,
7583,1,{'train': 1},1,0,
7585,1,{'train': 1},1,0,
7586,1,{'train': 1},1,0,
7587,1,{'train': 1},1,0,
7588,1,{'train': 1},1,0,
7590,1,{'train': 1},1,0,
7591,1,{'train': 1},1,0,
7592,1,{'train': 1},1,0,
7609,5,{'train': 5},1,4,DUPLICATE_NEAR
7595,1,{'train': 1},1,0,
8480,2,{'train': 2},2,0,
7605,1,{'train': 1},1,0,
7607,1,{'train': 1},1,0,
7608,1,{'train': 1},1,0,
7621,1,{'train': 1},1,0,
7623,1,{'train': 1},1,0,
28157,9,{'train': 9},1,8,DUPLICATE_NEAR
7636,3,{'train': 3},1,2,DUPLICATE_NEAR
7631,1,{'train': 1},1,0,
7632,1,{'train': 1},1,0,
7634,1,{'train': 1},1,0,
7635,1,{'train': 1},1,0,
7638,1,{'train': 1},1,0,
7641,1,{'train': 1},1,0,
8518,2,{'train': 2},2,0,
7653,1,{'train': 1},1,0,
7654,1,{'train': 1},1,0,
7657,1,{'train': 1},1,0,
7662,1,{'train': 1},1,0,
7663,1,{'train': 1},1,0,
7670,1,{'train': 1},1,0,
7672,1,{'train': 1},1,0,
7673,1,{'train': 1},1,0,
7674,1,{'train': 1},1,0,
7678,1,{'train': 1},1,0,
7687,1,{'train': 1},1,0,
7689,1,{'train': 1},1,0,
7699,1,{'train': 1},1,0,
8524,3,{'train': 3},1,2,DUPLICATE_NEAR
7727,5,{'train': 5},1,4,DUPLICATE_NEAR
7713,2,{'train': 2},2,0,
7729,2,{'train': 2},2,0,
7716,1,{'train': 1},1,0,
7725,1,{'train': 1},1,0,
27352,6,{'train': 6},1,5,DUPLICATE_NEAR
7728,1,{'train': 1},1,0,
7735,1,{'train': 1},1,0,
7743,2,{'train': 2},2,0,
7746,3,{'train': 3},1,2,DUPLICATE_NEAR
7738,1,{'train': 1},1,0,
7747,4,{'train': 4},1,3,DUPLICATE_NEAR
7751,1,{'train': 1},1,0,
7752,1,{'train': 1},1,0,
7755,1,{'train': 1},1,0,
7758,1,{'train': 1},1,0,
7763,1,{'train': 1},1,0,
7769,1,{'train': 1},1,0,
7772,1,{'train': 1},1,0,
7773,1,{'train': 1},1,0,
7776,1,{'train': 1},1,0,
8697,12,{'train': 12},1,11,DUPLICATE_NEAR
7778,1,{'train': 1},1,0,
7783,1,{'train': 1},1,0,
7784,1,{'train': 1},1,0,
7789,1,{'train': 1},1,0,
7794,1,{'train': 1},1,0,
7796,1,{'train': 1},1,0,
7800,1,{'train': 1},1,0,
7802,1,{'train': 1},1,0,
7841,2,{'train': 2},2,0,
7805,1,{'train': 1},1,0,
7820,6,{'train': 6},1,5,DUPLICATE_NEAR
7809,1,{'train': 1},1,0,
7818,1,{'train': 1},1,0,
7822,1,{'train': 1},1,0,
7829,2,{'train': 2},2,0,
7824,1,{'train': 1},1,0,
7837,4,{'train': 4},1,3,DUPLICATE_NEAR
7828,1,{'train': 1},1,0,
7831,1,{'train': 1},1,0,
7836,1,{'train': 1},1,0,
7839,1,{'train': 1},1,0,
7842,1,{'train': 1},1,0,
7862,2,{'train': 2},2,0,
7865,5,{'train': 5},1,4,DUPLICATE_NEAR
7868,2,{'train': 2},2,0,
7867,1,{'train': 1},1,0,
7877,1,{'train': 1},1,0,
7879,1,{'train': 1},1,0,
7884,1,{'train': 1},1,0,
7888,1,{'train': 1},1,0,
7893,1,{'train': 1},1,0,
7897,1,{'train': 1},1,0,
7898,1,{'train': 1},1,0,
7899,1,{'train': 1},1,0,
7904,1,{'train': 1},1,0,
7905,1,{'train': 1},1,0,
7906,1,{'train': 1},1,0,
7911,1,{'train': 1},1,0,
7912,1,{'train': 1},1,0,
7913,1,{'train': 1},1,0,
7915,1,{'train': 1},1,0,
7933,7,{'train': 7},1,6,DUPLICATE_NEAR
7922,1,{'train': 1},1,0,
7926,1,{'train': 1},1,0,
7927,1,{'train': 1},1,0,
7941,1,{'train': 1},1,0,
8009,3,{'train': 3},1,2,DUPLICATE_NEAR
7945,1,{'train': 1},1,0,
7950,1,{'train': 1},1,0,
7967,4,{'train': 4},1,3,DUPLICATE_NEAR
8020,2,{'train': 2},2,0,
7966,4,{'train': 4},1,3,DUPLICATE_NEAR
7957,1,{'train': 1},1,0,
7962,1,{'train': 1},1,0,
7965,1,{'train': 1},1,0,
7970,1,{'train': 1},1,0,
7971,1,{'train': 1},1,0,
7974,1,{'train': 1},1,0,
7977,2,{'train': 2},2,0,
7983,3,{'train': 3},1,2,DUPLICATE_NEAR
7980,1,{'train': 1},1,0,
7981,1,{'train': 1},1,0,
7982,1,{'train': 1},1,0,
8934,2,{'train': 2},2,0,
7990,1,{'train': 1},1,0,
7991,1,{'train': 1},1,0,
8014,2,{'train': 2},2,0,
8015,3,{'train': 3},1,2,DUPLICATE_NEAR
27532,9,{'train': 9},1,8,DUPLICATE_NEAR
8011,6,{'train': 6},1,5,DUPLICATE_NEAR
31187,10,{'train': 10},1,9,DUPLICATE_NEAR
8023,3,{'train': 3},1,2,DUPLICATE_NEAR
8019,1,{'train': 1},1,0,
8030,2,{'train': 2},2,0,
8033,2,{'train': 2},2,0,
8026,1,{'train': 1},1,0,
8028,1,{'train': 1},1,0,
8031,1,{'train': 1},1,0,
8036,1,{'train': 1},1,0,
8038,1,{'train': 1},1,0,
8047,2,{'train': 2},2,0,
8046,1,{'train': 1},1,0,
9293,65,{'train': 65},1,64,DUPLICATE_NEAR
8055,1,{'train': 1},1,0,
8056,1,{'train': 1},1,0,
8057,1,{'train': 1},1,0,
8059,1,{'train': 1},1,0,
8063,1,{'train': 1},1,0,
8065,1,{'train': 1},1,0,
8066,1,{'train': 1},1,0,
8069,1,{'train': 1},1,0,
31199,19,{'train': 19},1,18,DUPLICATE_NEAR
8073,1,{'train': 1},1,0,
8074,1,{'train': 1},1,0,
8076,1,{'train': 1},1,0,
8100,4,{'train': 4},1,3,DUPLICATE_NEAR
8097,3,{'train': 3},1,2,DUPLICATE_NEAR
8168,2,{'train': 2},2,0,
40958,2,"{'train': 1, 'val': 1}",1,1,CROSS_SPLIT_NEARDUP_LEAKAGE
8094,2,{'train': 2},2,0,
8090,1,{'train': 1},1,0,
8102,1,{'train': 1},1,0,
8103,1,{'train': 1},1,0,
8104,1,{'train': 1},1,0,
8118,4,{'train': 4},1,3,DUPLICATE_NEAR
8109,1,{'train': 1},1,0,
8112,1,{'train': 1},1,0,
8114,1,{'train': 1},1,0,
8115,1,{'train': 1},1,0,
8120,1,{'train': 1},1,0,
8123,1,{'train': 1},1,0,
8137,2,{'train': 2},2,0,
8146,3,{'train': 3},1,2,DUPLICATE_NEAR
8145,4,{'train': 4},1,3,DUPLICATE_NEAR
8132,1,{'train': 1},1,0,
8136,1,{'train': 1},1,0,
8144,1,{'train': 1},1,0,
8147,1,{'train': 1},1,0,
9250,3,{'train': 3},1,2,DUPLICATE_NEAR
9322,2,{'train': 2},2,0,
8158,1,{'train': 1},1,0,
8159,1,{'train': 1},1,0,
8160,1,{'train': 1},1,0,
8165,1,{'train': 1},1,0,
9348,10,{'train': 10},1,9,DUPLICATE_NEAR
8178,1,{'train': 1},1,0,
8179,1,{'train': 1},1,0,
27199,5,{'train': 5},1,4,DUPLICATE_NEAR
8186,1,{'train': 1},1,0,
8187,1,{'train': 1},1,0,
8190,1,{'train': 1},1,0,
8195,1,{'train': 1},1,0,
8196,1,{'train': 1},1,0,
8205,2,{'train': 2},2,0,
8208,5,{'train': 5},1,4,DUPLICATE_NEAR
8203,1,{'train': 1},1,0,
8215,2,{'train': 2},2,0,
8212,1,{'train': 1},1,0,
8214,1,{'train': 1},1,0,
8216,1,{'train': 1},1,0,
8228,3,{'train': 3},1,2,DUPLICATE_NEAR
8219,1,{'train': 1},1,0,
8220,1,{'train': 1},1,0,
27592,12,{'train': 12},1,11,DUPLICATE_NEAR
8222,1,{'train': 1},1,0,
8223,1,{'train': 1},1,0,
8224,1,{'train': 1},1,0,
8225,1,{'train': 1},1,0,
8227,1,{'train': 1},1,0,
8230,1,{'train': 1},1,0,
8232,1,{'train': 1},1,0,
8233,1,{'train': 1},1,0,
8238,1,{'train': 1},1,0,
8240,1,{'train': 1},1,0,
9398,2,{'train': 2},2,0,
8243,1,{'train': 1},1,0,
8244,1,{'train': 1},1,0,
8245,1,{'train': 1},1,0,
8252,1,{'train': 1},1,0,
8253,1,{'train': 1},1,0,
8255,1,{'train': 1},1,0,
8259,1,{'train': 1},1,0,
8275,4,{'train': 4},1,3,DUPLICATE_NEAR
8262,1,{'train': 1},1,0,
8263,1,{'train': 1},1,0,
8265,1,{'train': 1},1,0,
8267,1,{'train': 1},1,0,
8268,1,{'train': 1},1,0,
8271,1,{'train': 1},1,0,
8272,1,{'train': 1},1,0,
8277,1,{'train': 1},1,0,
8288,1,{'train': 1},1,0,
8291,1,{'train': 1},1,0,
8302,6,{'train': 6},1,5,DUPLICATE_NEAR
8299,3,{'train': 3},1,2,DUPLICATE_NEAR
8336,3,{'train': 3},1,2,DUPLICATE_NEAR
8310,4,{'train': 4},1,3,DUPLICATE_NEAR
8314,3,{'train': 3},1,2,DUPLICATE_NEAR
8346,2,{'train': 2},2,0,
8307,1,{'train': 1},1,0,
8309,1,{'train': 1},1,0,
8312,2,{'train': 2},2,0,
8315,1,{'train': 1},1,0,
8318,1,{'train': 1},1,0,
8337,2,{'train': 2},2,0,
8333,4,{'train': 4},1,3,DUPLICATE_NEAR
8322,1,{'train': 1},1,0,
8323,1,{'train': 1},1,0,
31239,15,{'train': 15},1,14,DUPLICATE_NEAR
8325,1,{'train': 1},1,0,
8326,1,{'train': 1},1,0,
8328,1,{'train': 1},1,0,
9473,20,{'train': 20},1,19,DUPLICATE_NEAR
8331,1,{'train': 1},1,0,
8334,1,{'train': 1},1,0,
8338,1,{'train': 1},1,0,
8345,6,{'train': 6},1,5,DUPLICATE_NEAR
8341,1,{'train': 1},1,0,
8343,1,{'train': 1},1,0,
8348,1,{'train': 1},1,0,
8351,1,{'train': 1},1,0,
8356,1,{'train': 1},1,0,
8360,1,{'train': 1},1,0,
11483,11,{'train': 11},1,10,DUPLICATE_NEAR
8374,1,{'train': 1},1,0,
8375,1,{'train': 1},1,0,
8380,1,{'train': 1},1,0,
8381,1,{'train': 1},1,0,
8383,1,{'train': 1},1,0,
8384,1,{'train': 1},1,0,
27630,6,{'train': 6},1,5,DUPLICATE_NEAR
8388,1,{'train': 1},1,0,
31246,20,{'train': 20},1,19,DUPLICATE_NEAR
8392,1,{'train': 1},1,0,
8393,1,{'train': 1},1,0,
8411,7,{'train': 7},1,6,DUPLICATE_NEAR
8400,1,{'train': 1},1,0,
31088,2,{'train': 2},2,0,
8473,2,{'train': 2},2,0,
8422,3,{'train': 3},1,2,DUPLICATE_NEAR
8417,1,{'train': 1},1,0,
8423,2,{'train': 2},2,0,
8421,1,{'train': 1},1,0,
8430,2,{'train': 2},2,0,
8431,2,{'train': 2},2,0,
8432,1,{'train': 1},1,0,
8440,1,{'train': 1},1,0,
8441,1,{'train': 1},1,0,
9527,2,{'train': 2},2,0,
8443,1,{'train': 1},1,0,
8447,1,{'train': 1},1,0,
8450,1,{'train': 1},1,0,
8465,5,{'train': 5},1,4,DUPLICATE_NEAR
8452,1,{'train': 1},1,0,
8455,1,{'train': 1},1,0,
8456,1,{'train': 1},1,0,
8461,1,{'train': 1},1,0,
8464,1,{'train': 1},1,0,
8466,1,{'train': 1},1,0,
8469,1,{'train': 1},1,0,
8471,1,{'train': 1},1,0,
8474,1,{'train': 1},1,0,
8475,1,{'train': 1},1,0,
8479,1,{'train': 1},1,0,
8481,1,{'train': 1},1,0,
27300,3,{'train': 3},1,2,DUPLICATE_NEAR
8484,1,{'train': 1},1,0,
9550,2,{'train': 2},2,0,
8487,1,{'train': 1},1,0,
8489,1,{'train': 1},1,0,
27642,6,{'train': 6},1,5,DUPLICATE_NEAR
8498,1,{'train': 1},1,0,
8499,1,{'train': 1},1,0,
8508,1,{'train': 1},1,0,
8521,3,{'train': 3},1,2,DUPLICATE_NEAR
8530,4,{'train': 4},1,3,DUPLICATE_NEAR
27313,10,{'train': 10},1,9,DUPLICATE_NEAR
8517,2,{'train': 2},2,0,
8515,1,{'train': 1},1,0,
27651,5,{'train': 5},1,4,DUPLICATE_NEAR
8523,1,{'train': 1},1,0,
8529,1,{'train': 1},1,0,
8531,1,{'train': 1},1,0,
8533,1,{'train': 1},1,0,
8535,1,{'train': 1},1,0,
8541,1,{'train': 1},1,0,
8558,3,{'train': 3},1,2,DUPLICATE_NEAR
8546,1,{'train': 1},1,0,
8547,1,{'train': 1},1,0,
8550,1,{'train': 1},1,0,
8552,1,{'train': 1},1,0,
8553,1,{'train': 1},1,0,
8554,1,{'train': 1},1,0,
8555,1,{'train': 1},1,0,
8556,1,{'train': 1},1,0,
8559,1,{'train': 1},1,0,
8561,1,{'train': 1},1,0,
8562,1,{'train': 1},1,0,
8563,1,{'train': 1},1,0,
8571,1,{'train': 1},1,0,
8573,1,{'train': 1},1,0,
8585,7,{'train': 7},1,6,DUPLICATE_NEAR
8575,1,{'train': 1},1,0,
8577,1,{'train': 1},1,0,
8579,1,{'train': 1},1,0,
31113,6,{'train': 6},1,5,DUPLICATE_NEAR
8582,1,{'train': 1},1,0,
8590,1,{'train': 1},1,0,
8592,1,{'train': 1},1,0,
8601,3,{'train': 3},1,2,DUPLICATE_NEAR
8594,1,{'train': 1},1,0,
8595,1,{'train': 1},1,0,
8602,2,{'train': 2},2,0,
8598,1,{'train': 1},1,0,
9633,2,{'train': 2},2,0,
27349,7,{'train': 7},1,6,DUPLICATE_NEAR
9645,2,{'train': 2},2,0,
27690,16,{'train': 16},1,15,DUPLICATE_NEAR
8612,1,{'train': 1},1,0,
8613,1,{'train': 1},1,0,
8629,3,{'train': 3},1,2,DUPLICATE_NEAR
8617,1,{'train': 1},1,0,
8619,1,{'train': 1},1,0,
18553,142,"{'train': 129, 'val': 8, 'test': 5}",1,141,CROSS_SPLIT_NEARDUP_LEAKAGE;DUPLICATE_NEAR
8628,1,{'train': 1},1,0,
8630,1,{'train': 1},1,0,
8632,1,{'train': 1},1,0,
8633,1,{'train': 1},1,0,
8650,3,{'train': 3},1,2,DUPLICATE_NEAR
8649,2,{'train': 2},2,0,
8638,1,{'train': 1},1,0,
27707,8,{'train': 8},1,7,DUPLICATE_NEAR
27715,11,{'train': 11},1,10,DUPLICATE_NEAR
8762,2,{'train': 2},2,0,
8651,2,{'train': 2},2,0,
8645,1,{'train': 1},1,0,
8646,1,{'train': 1},1,0,
8647,1,{'train': 1},1,0,
8654,1,{'train': 1},1,0,
8655,1,{'train': 1},1,0,
8676,3,{'train': 3},1,2,DUPLICATE_NEAR
8662,1,{'train': 1},1,0,
8674,2,{'train': 2},2,0,
8671,3,{'train': 3},1,2,DUPLICATE_NEAR
8670,1,{'train': 1},1,0,
8673,1,{'train': 1},1,0,
8675,1,{'train': 1},1,0,
8678,1,{'train': 1},1,0,
8684,2,{'train': 2},2,0,
8693,2,{'train': 2},2,0,
8681,1,{'train': 1},1,0,
8688,5,{'train': 5},1,4,DUPLICATE_NEAR
8686,1,{'train': 1},1,0,
8689,1,{'train': 1},1,0,
8694,1,{'train': 1},1,0,
8695,1,{'train': 1},1,0,
8696,1,{'train': 1},1,0,
8699,1,{'train': 1},1,0,
8707,2,{'train': 2},2,0,
8701,1,{'train': 1},1,0,
8702,1,{'train': 1},1,0,
8703,1,{'train': 1},1,0,
8704,1,{'train': 1},1,0,
8705,1,{'train': 1},1,0,
8709,1,{'train': 1},1,0,
8711,1,{'train': 1},1,0,
27738,12,{'train': 12},1,11,DUPLICATE_NEAR
8715,1,{'train': 1},1,0,
8716,1,{'train': 1},1,0,
8720,1,{'train': 1},1,0,
8722,1,{'train': 1},1,0,
8723,1,{'train': 1},1,0,
8725,1,{'train': 1},1,0,
8727,1,{'train': 1},1,0,
8729,1,{'train': 1},1,0,
8736,2,{'train': 2},2,0,
8732,1,{'train': 1},1,0,
8744,4,{'train': 4},1,3,DUPLICATE_NEAR
8748,5,{'train': 5},1,4,DUPLICATE_NEAR
8756,1,{'train': 1},1,0,
8759,1,{'train': 1},1,0,
8760,1,{'train': 1},1,0,
8761,1,{'train': 1},1,0,
8772,2,{'train': 2},2,0,
8774,3,{'train': 3},1,2,DUPLICATE_NEAR
8767,2,{'train': 2},2,0,
8768,1,{'train': 1},1,0,
8769,1,{'train': 1},1,0,
8771,1,{'train': 1},1,0,
8775,1,{'train': 1},1,0,
8776,1,{'train': 1},1,0,
8783,1,{'train': 1},1,0,
8789,3,{'train': 3},1,2,DUPLICATE_NEAR
8787,1,{'train': 1},1,0,
8788,1,{'train': 1},1,0,
8791,1,{'train': 1},1,0,
8796,2,{'train': 2},2,0,
9766,2,{'train': 2},2,0,
8795,1,{'train': 1},1,0,
8798,1,{'train': 1},1,0,
8799,1,{'train': 1},1,0,
9792,4,{'train': 4},1,3,DUPLICATE_NEAR
8803,1,{'train': 1},1,0,
8807,1,{'train': 1},1,0,
8810,1,{'train': 1},1,0,
8818,1,{'train': 1},1,0,
8821,1,{'train': 1},1,0,
8823,1,{'train': 1},1,0,
8844,3,{'train': 3},1,2,DUPLICATE_NEAR
8832,1,{'train': 1},1,0,
9758,7,{'train': 7},1,6,DUPLICATE_NEAR
8838,1,{'train': 1},1,0,
8839,1,{'train': 1},1,0,
8840,1,{'train': 1},1,0,
8842,1,{'train': 1},1,0,
8845,1,{'train': 1},1,0,
8846,1,{'train': 1},1,0,
8848,1,{'train': 1},1,0,
9774,2,{'train': 2},2,0,
8866,3,{'train': 3},1,2,DUPLICATE_NEAR
8858,1,{'train': 1},1,0,
8859,1,{'train': 1},1,0,
8864,1,{'train': 1},1,0,
8865,1,{'train': 1},1,0,
8867,1,{'train': 1},1,0,
8868,1,{'train': 1},1,0,
8869,1,{'train': 1},1,0,
8870,1,{'train': 1},1,0,
8883,6,{'train': 6},1,5,DUPLICATE_NEAR
8872,1,{'train': 1},1,0,
8884,2,{'train': 2},2,0,
8876,1,{'train': 1},1,0,
8877,1,{'train': 1},1,0,
8882,1,{'train': 1},1,0,
8887,1,{'train': 1},1,0,
8888,1,{'train': 1},1,0,
8898,3,{'train': 3},1,2,DUPLICATE_NEAR
8891,1,{'train': 1},1,0,
8892,1,{'train': 1},1,0,
8893,1,{'train': 1},1,0,
8894,1,{'train': 1},1,0,
8895,1,{'train': 1},1,0,
8896,1,{'train': 1},1,0,
8897,1,{'train': 1},1,0,
8899,1,{'train': 1},1,0,
8901,1,{'train': 1},1,0,
8902,1,{'train': 1},1,0,
8903,1,{'train': 1},1,0,
8904,1,{'train': 1},1,0,
8918,4,{'train': 4},1,3,DUPLICATE_NEAR
8906,1,{'train': 1},1,0,
8907,1,{'train': 1},1,0,
8908,1,{'train': 1},1,0,
8909,1,{'train': 1},1,0,
8919,1,{'train': 1},1,0,
8921,1,{'train': 1},1,0,
8923,1,{'train': 1},1,0,
8925,1,{'train': 1},1,0,
8929,1,{'train': 1},1,0,
8931,1,{'train': 1},1,0,
8935,1,{'train': 1},1,0,
41049,10,"{'train': 4, 'val': 6}",1,9,CROSS_SPLIT_NEARDUP_LEAKAGE;DUPLICATE_NEAR
8940,2,{'train': 2},2,0,
31155,7,{'train': 7},1,6,DUPLICATE_NEAR
8959,6,{'train': 6},1,5,DUPLICATE_NEAR
8963,3,{'train': 3},1,2,DUPLICATE_NEAR
8948,1,{'train': 1},1,0,
8958,1,{'train': 1},1,0,
8972,2,{'train': 2},2,0,
8974,1,{'train': 1},1,0,
8976,1,{'train': 1},1,0,
27470,2,{'train': 2},2,0,
8980,1,{'train': 1},1,0,
8981,1,{'train': 1},1,0,
8982,1,{'train': 1},1,0,
8983,1,{'train': 1},1,0,
8988,1,{'train': 1},1,0,
8990,1,{'train': 1},1,0,
8992,1,{'train': 1},1,0,
8993,1,{'train': 1},1,0,
9007,4,{'train': 4},1,3,DUPLICATE_NEAR
8997,1,{'train': 1},1,0,
9006,2,{'train': 2},2,0,
9003,1,{'train': 1},1,0,
9004,1,{'train': 1},1,0,
25156,3,{'train': 3},1,2,DUPLICATE_NEAR
9024,2,{'train': 2},2,0,
9014,1,{'train': 1},1,0,
9035,3,{'train': 3},1,2,DUPLICATE_NEAR
9019,1,{'train': 1},1,0,
9021,1,{'train': 1},1,0,
9022,1,{'train': 1},1,0,
9025,1,{'train': 1},1,0,
9028,1,{'train': 1},1,0,
9030,1,{'train': 1},1,0,
9031,1,{'train': 1},1,0,
9032,1,{'train': 1},1,0,
9043,6,{'train': 6},1,5,DUPLICATE_NEAR
9053,2,{'train': 2},2,0,
9042,1,{'train': 1},1,0,
9044,1,{'train': 1},1,0,
27855,10,{'train': 10},1,9,DUPLICATE_NEAR
9050,1,{'train': 1},1,0,
9052,1,{'train': 1},1,0,
10053,3,{'train': 3},1,2,DUPLICATE_NEAR
9065,4,{'train': 4},1,3,DUPLICATE_NEAR
9059,1,{'train': 1},1,0,
9060,1,{'train': 1},1,0,
9072,4,{'train': 4},1,3,DUPLICATE_NEAR
9064,1,{'train': 1},1,0,
9069,1,{'train': 1},1,0,
9192,5,{'train': 5},1,4,DUPLICATE_NEAR
9224,2,{'train': 2},2,0,
9074,1,{'train': 1},1,0,
9077,1,{'train': 1},1,0,
9079,1,{'train': 1},1,0,
9090,2,{'train': 2},2,0,
9093,2,{'train': 2},2,0,
9087,1,{'train': 1},1,0,
9088,1,{'train': 1},1,0,
9095,1,{'train': 1},1,0,
9100,1,{'train': 1},1,0,
9101,1,{'train': 1},1,0,
9103,1,{'train': 1},1,0,
9106,1,{'train': 1},1,0,
9107,1,{'train': 1},1,0,
9110,1,{'train': 1},1,0,
46449,2,"{'train': 1, 'test': 1}",1,1,CROSS_SPLIT_NEARDUP_LEAKAGE
9113,1,{'train': 1},1,0,
9115,1,{'train': 1},1,0,
10121,10,{'train': 10},1,9,DUPLICATE_NEAR
9117,1,{'train': 1},1,0,
10100,12,{'train': 12},1,11,DUPLICATE_NEAR
31352,28,{'train': 28},1,27,DUPLICATE_NEAR
41107,3,"{'train': 1, 'val': 2}",2,1,CROSS_SPLIT_NEARDUP_LEAKAGE
46447,4,"{'train': 3, 'test': 1}",1,3,CROSS_SPLIT_NEARDUP_LEAKAGE;DUPLICATE_NEAR
46451,3,"{'train': 2, 'test': 1}",2,1,CROSS_SPLIT_NEARDUP_LEAKAGE
9135,1,{'train': 1},1,0,
9136,1,{'train': 1},1,0,
9158,2,{'train': 2},2,0,
9140,1,{'train': 1},1,0,
9161,6,{'train': 6},1,5,DUPLICATE_NEAR
9238,2,{'train': 2},2,0,
9149,1,{'train': 1},1,0,
9234,3,{'train': 3},1,2,DUPLICATE_NEAR
9151,1,{'train': 1},1,0,
9152,1,{'train': 1},1,0,
9153,1,{'train': 1},1,0,
9166,1,{'train': 1},1,0,
9167,1,{'train': 1},1,0,
9169,1,{'train': 1},1,0,
9172,1,{'train': 1},1,0,
9176,1,{'train': 1},1,0,
12127,2,{'train': 2},2,0,
9203,3,{'train': 3},1,2,DUPLICATE_NEAR
27899,20,{'train': 20},1,19,DUPLICATE_NEAR
9205,3,{'train': 3},1,2,DUPLICATE_NEAR
9198,2,{'train': 2},2,0,
9197,1,{'train': 1},1,0,
9201,1,{'train': 1},1,0,
9202,1,{'train': 1},1,0,
9204,1,{'train': 1},1,0,
9212,5,{'train': 5},1,4,DUPLICATE_NEAR
9210,1,{'train': 1},1,0,
9218,1,{'train': 1},1,0,
9221,1,{'train': 1},1,0,
9223,1,{'train': 1},1,0,
9227,2,{'train': 2},2,0,
9226,1,{'train': 1},1,0,
9228,1,{'train': 1},1,0,
9229,1,{'train': 1},1,0,
12517,2,{'train': 2},2,0,
9237,1,{'train': 1},1,0,
9241,1,{'train': 1},1,0,
9242,1,{'train': 1},1,0,
9243,1,{'train': 1},1,0,
9256,6,{'train': 6},1,5,DUPLICATE_NEAR
9248,1,{'train': 1},1,0,
9254,1,{'train': 1},1,0,
9257,1,{'train': 1},1,0,
9260,1,{'train': 1},1,0,
9262,1,{'train': 1},1,0,
9265,1,{'train': 1},1,0,
9266,1,{'train': 1},1,0,
9267,1,{'train': 1},1,0,
9268,1,{'train': 1},1,0,
9271,1,{'train': 1},1,0,
9272,1,{'train': 1},1,0,
9273,1,{'train': 1},1,0,
9277,2,{'train': 2},2,0,
9276,1,{'train': 1},1,0,
9278,1,{'train': 1},1,0,
9279,1,{'train': 1},1,0,
9294,3,{'train': 3},1,2,DUPLICATE_NEAR
9287,1,{'train': 1},1,0,
9289,1,{'train': 1},1,0,
9291,1,{'train': 1},1,0,
9297,1,{'train': 1},1,0,
9313,2,{'train': 2},2,0,
9308,5,{'train': 5},1,4,DUPLICATE_NEAR
9306,1,{'train': 1},1,0,
9309,1,{'train': 1},1,0,
34290,6,{'train': 6},1,5,DUPLICATE_NEAR
9318,1,{'train': 1},1,0,
9319,1,{'train': 1},1,0,
9323,1,{'train': 1},1,0,
9325,1,{'train': 1},1,0,
41108,3,"{'train': 2, 'val': 1}",2,1,CROSS_SPLIT_NEARDUP_LEAKAGE
9331,1,{'train': 1},1,0,
9335,1,{'train': 1},1,0,
9338,1,{'train': 1},1,0,
9341,1,{'train': 1},1,0,
9342,1,{'train': 1},1,0,
9347,4,{'train': 4},1,3,DUPLICATE_NEAR
9349,1,{'train': 1},1,0,
9355,1,{'train': 1},1,0,
9360,1,{'train': 1},1,0,
11510,3,{'train': 3},1,2,DUPLICATE_NEAR
9366,1,{'train': 1},1,0,
9369,1,{'train': 1},1,0,
9371,1,{'train': 1},1,0,
31218,4,{'train': 4},1,3,DUPLICATE_NEAR
9375,1,{'train': 1},1,0,
31217,2,{'train': 2},2,0,
9378,1,{'train': 1},1,0,
31414,18,{'train': 18},1,17,DUPLICATE_NEAR
9380,1,{'train': 1},1,0,
10361,3,{'train': 3},1,2,DUPLICATE_NEAR
27589,7,{'train': 7},1,6,DUPLICATE_NEAR
9384,1,{'train': 1},1,0,
9385,1,{'train': 1},1,0,
9391,2,{'train': 2},2,0,
9390,1,{'train': 1},1,0,
9392,1,{'train': 1},1,0,
27587,2,{'train': 2},2,0,
10376,11,{'train': 11},1,10,DUPLICATE_NEAR
31416,11,{'train': 11},1,10,DUPLICATE_NEAR
9400,1,{'train': 1},1,0,
9401,1,{'train': 1},1,0,
9404,1,{'train': 1},1,0,
9405,1,{'train': 1},1,0,
9407,1,{'train': 1},1,0,
9409,1,{'train': 1},1,0,
9411,1,{'train': 1},1,0,
9415,1,{'train': 1},1,0,
9417,1,{'train': 1},1,0,
9421,1,{'train': 1},1,0,
9423,1,{'train': 1},1,0,
9424,1,{'train': 1},1,0,
9426,1,{'train': 1},1,0,
27981,4,{'train': 4},1,3,DUPLICATE_NEAR
9435,1,{'train': 1},1,0,
9436,1,{'train': 1},1,0,
9438,1,{'train': 1},1,0,
9439,1,{'train': 1},1,0,
9445,1,{'train': 1},1,0,
9446,1,{'train': 1},1,0,
9458,1,{'train': 1},1,0,
9460,1,{'train': 1},1,0,
9466,1,{'train': 1},1,0,
9467,1,{'train': 1},1,0,
9468,1,{'train': 1},1,0,
9469,1,{'train': 1},1,0,
9472,1,{'train': 1},1,0,
9478,1,{'train': 1},1,0,
9486,2,{'train': 2},2,0,
9483,1,{'train': 1},1,0,
9487,1,{'train': 1},1,0,
10437,3,{'train': 3},1,2,DUPLICATE_NEAR
9492,1,{'train': 1},1,0,
9494,1,{'train': 1},1,0,
9495,1,{'train': 1},1,0,
9497,1,{'train': 1},1,0,
9500,1,{'train': 1},1,0,
9502,1,{'train': 1},1,0,
9506,1,{'train': 1},1,0,
9508,2,{'train': 2},2,0,
9510,1,{'train': 1},1,0,
31252,3,{'train': 3},1,2,DUPLICATE_NEAR
9512,1,{'train': 1},1,0,
9514,1,{'train': 1},1,0,
9515,1,{'train': 1},1,0,
31253,7,{'train': 7},1,6,DUPLICATE_NEAR
9517,1,{'train': 1},1,0,
9518,1,{'train': 1},1,0,
9544,4,{'train': 4},1,3,DUPLICATE_NEAR
9520,1,{'train': 1},1,0,
31255,5,{'train': 5},1,4,DUPLICATE_NEAR
9525,1,{'train': 1},1,0,
9526,1,{'train': 1},1,0,
9528,1,{'train': 1},1,0,
9534,7,{'train': 7},1,6,DUPLICATE_NEAR
9531,1,{'train': 1},1,0,
10472,2,{'train': 2},2,0,
9533,1,{'train': 1},1,0,
10471,2,{'train': 2},2,0,
27287,8,{'train': 8},1,7,DUPLICATE_NEAR
9539,1,{'train': 1},1,0,
10470,2,{'train': 2},2,0,
9541,1,{'train': 1},1,0,
9543,1,{'train': 1},1,0,
9545,1,{'train': 1},1,0,
10474,3,{'train': 3},1,2,DUPLICATE_NEAR
9549,1,{'train': 1},1,0,
9551,1,{'train': 1},1,0,
9557,4,{'train': 4},1,3,DUPLICATE_NEAR
9554,1,{'train': 1},1,0,
9561,1,{'train': 1},1,0,
9562,1,{'train': 1},1,0,
9567,1,{'train': 1},1,0,
9570,1,{'train': 1},1,0,
9572,1,{'train': 1},1,0,
9577,2,{'train': 2},2,0,
9576,1,{'train': 1},1,0,
9578,1,{'train': 1},1,0,
9579,1,{'train': 1},1,0,
9581,1,{'train': 1},1,0,
9582,1,{'train': 1},1,0,
9588,1,{'train': 1},1,0,
9589,1,{'train': 1},1,0,
9596,1,{'train': 1},1,0,
9597,1,{'train': 1},1,0,
27661,4,{'train': 4},1,3,DUPLICATE_NEAR
9601,1,{'train': 1},1,0,
9605,1,{'train': 1},1,0,
9607,1,{'train': 1},1,0,
9608,1,{'train': 1},1,0,
9617,2,{'train': 2},2,0,
9613,1,{'train': 1},1,0,
9614,1,{'train': 1},1,0,
9618,1,{'train': 1},1,0,
9623,1,{'train': 1},1,0,
9624,1,{'train': 1},1,0,
9625,1,{'train': 1},1,0,
9626,1,{'train': 1},1,0,
9627,1,{'train': 1},1,0,
28010,8,{'train': 8},1,7,DUPLICATE_NEAR
31438,7,{'train': 7},1,6,DUPLICATE_NEAR
9630,1,{'train': 1},1,0,
31440,6,{'train': 6},1,5,DUPLICATE_NEAR
9635,1,{'train': 1},1,0,
31276,4,{'train': 4},1,3,DUPLICATE_NEAR
31281,3,{'train': 3},1,2,DUPLICATE_NEAR
9641,1,{'train': 1},1,0,
9642,1,{'train': 1},1,0,
10526,2,{'train': 2},2,0,
9650,1,{'train': 1},1,0,
9651,1,{'train': 1},1,0,
9652,1,{'train': 1},1,0,
10532,3,{'train': 3},1,2,DUPLICATE_NEAR
9659,1,{'train': 1},1,0,
9665,1,{'train': 1},1,0,
9678,1,{'train': 1},1,0,
10563,12,{'train': 12},1,11,DUPLICATE_NEAR
9695,3,{'train': 3},1,2,DUPLICATE_NEAR
31996,6,{'train': 6},1,5,DUPLICATE_NEAR
9688,1,{'train': 1},1,0,
9691,1,{'train': 1},1,0,
9692,1,{'train': 1},1,0,
32046,8,{'train': 8},1,7,DUPLICATE_NEAR
9702,1,{'train': 1},1,0,
9704,1,{'train': 1},1,0,
9709,1,{'train': 1},1,0,
10585,2,{'train': 2},2,0,
9711,1,{'train': 1},1,0,
9715,1,{'train': 1},1,0,
27726,6,{'train': 6},1,5,DUPLICATE_NEAR
9731,4,{'train': 4},1,3,DUPLICATE_NEAR
9724,1,{'train': 1},1,0,
9725,1,{'train': 1},1,0,
9726,1,{'train': 1},1,0,
9727,1,{'train': 1},1,0,
9730,1,{'train': 1},1,0,
31453,31,{'train': 31},1,30,DUPLICATE_NEAR
9738,1,{'train': 1},1,0,
28037,11,{'train': 11},1,10,DUPLICATE_NEAR
9740,1,{'train': 1},1,0,
9741,1,{'train': 1},1,0,
9742,1,{'train': 1},1,0,
9744,1,{'train': 1},1,0,
46431,2,"{'train': 1, 'test': 1}",1,1,CROSS_SPLIT_NEARDUP_LEAKAGE
9764,1,{'train': 1},1,0,
9779,1,{'train': 1},1,0,
9780,1,{'train': 1},1,0,
31460,9,{'train': 9},1,8,DUPLICATE_NEAR
9783,1,{'train': 1},1,0,
9786,1,{'train': 1},1,0,
9789,1,{'train': 1},1,0,
9790,1,{'train': 1},1,0,
9793,1,{'train': 1},1,0,
9797,1,{'train': 1},1,0,
9806,1,{'train': 1},1,0,
31412,34,{'train': 34},1,33,DUPLICATE_NEAR
9809,1,{'train': 1},1,0,
9812,1,{'train': 1},1,0,
9813,1,{'train': 1},1,0,
9814,1,{'train': 1},1,0,
9817,1,{'train': 1},1,0,
9819,1,{'train': 1},1,0,
9824,1,{'train': 1},1,0,
9826,1,{'train': 1},1,0,
9828,1,{'train': 1},1,0,
9829,1,{'train': 1},1,0,
10735,2,{'train': 2},2,0,
10740,3,{'train': 3},1,2,DUPLICATE_NEAR
9841,1,{'train': 1},1,0,
9843,1,{'train': 1},1,0,
9848,1,{'train': 1},1,0,
9850,1,{'train': 1},1,0,
9851,1,{'train': 1},1,0,
9853,1,{'train': 1},1,0,
9856,1,{'train': 1},1,0,
9859,1,{'train': 1},1,0,
9861,1,{'train': 1},1,0,
9864,1,{'train': 1},1,0,
9866,1,{'train': 1},1,0,
9873,1,{'train': 1},1,0,
9879,2,{'train': 2},2,0,
9878,1,{'train': 1},1,0,
9895,2,{'train': 2},2,0,
9894,1,{'train': 1},1,0,
9897,1,{'train': 1},1,0,
9898,1,{'train': 1},1,0,
9905,1,{'train': 1},1,0,
9908,1,{'train': 1},1,0,
9909,1,{'train': 1},1,0,
9910,1,{'train': 1},1,0,
9913,1,{'train': 1},1,0,
28078,10,{'train': 10},1,9,DUPLICATE_NEAR
9915,1,{'train': 1},1,0,
31483,4,{'train': 4},1,3,DUPLICATE_NEAR
9920,1,{'train': 1},1,0,
9925,1,{'train': 1},1,0,
9926,1,{'train': 1},1,0,
9928,1,{'train': 1},1,0,
9936,1,{'train': 1},1,0,
9938,1,{'train': 1},1,0,
9939,1,{'train': 1},1,0,
10780,4,"{'train': 2, 'val': 1, 'test': 1}",2,2,CROSS_SPLIT_NEARDUP_LEAKAGE
45525,6,"{'train': 1, 'test': 5}",1,5,CROSS_SPLIT_NEARDUP_LEAKAGE;DUPLICATE_NEAR
27821,7,{'train': 7},1,6,DUPLICATE_NEAR
9949,1,{'train': 1},1,0,
9952,1,{'train': 1},1,0,
9953,1,{'train': 1},1,0,
9955,1,{'train': 1},1,0,
9956,1,{'train': 1},1,0,
9957,1,{'train': 1},1,0,
9961,1,{'train': 1},1,0,
9962,1,{'train': 1},1,0,
9963,1,{'train': 1},1,0,
9967,1,{'train': 1},1,0,
9968,1,{'train': 1},1,0,
9971,1,{'train': 1},1,0,
9972,1,{'train': 1},1,0,
9974,1,{'train': 1},1,0,
9977,1,{'train': 1},1,0,
9981,2,{'train': 2},2,0,
9983,1,{'train': 1},1,0,
9988,1,{'train': 1},1,0,
9989,1,{'train': 1},1,0,
9990,1,{'train': 1},1,0,
9991,1,{'train': 1},1,0,
9992,1,{'train': 1},1,0,
9995,1,{'train': 1},1,0,
9999,1,{'train': 1},1,0,
10002,1,{'train': 1},1,0,
10005,1,{'train': 1},1,0,
10007,1,{'train': 1},1,0,
10008,1,{'train': 1},1,0,
10009,1,{'train': 1},1,0,
10010,1,{'train': 1},1,0,
10013,1,{'train': 1},1,0,
10015,1,{'train': 1},1,0,
10025,1,{'train': 1},1,0,
10027,1,{'train': 1},1,0,
10029,1,{'train': 1},1,0,
10031,1,{'train': 1},1,0,
11570,2,{'train': 2},2,0,
10035,1,{'train': 1},1,0,
11572,3,{'train': 3},1,2,DUPLICATE_NEAR
10040,1,{'train': 1},1,0,
10050,1,{'train': 1},1,0,
10052,1,{'train': 1},1,0,
10054,1,{'train': 1},1,0,
10055,1,{'train': 1},1,0,
10061,1,{'train': 1},1,0,
10064,1,{'train': 1},1,0,
10068,1,{'train': 1},1,0,
10069,1,{'train': 1},1,0,
10078,2,{'train': 2},2,0,
10074,1,{'train': 1},1,0,
10075,1,{'train': 1},1,0,
10890,2,{'train': 2},2,0,
10085,1,{'train': 1},1,0,
10087,1,{'train': 1},1,0,
10093,1,{'train': 1},1,0,
10095,1,{'train': 1},1,0,
10098,1,{'train': 1},1,0,
46450,2,"{'train': 1, 'test': 1}",1,1,CROSS_SPLIT_NEARDUP_LEAKAGE
10900,2,{'train': 2},2,0,
10108,1,{'train': 1},1,0,
10112,1,{'train': 1},1,0,
10113,1,{'train': 1},1,0,
10116,1,{'train': 1},1,0,
10904,4,{'train': 4},1,3,DUPLICATE_NEAR
10124,1,{'train': 1},1,0,
10130,2,{'train': 2},2,0,
10129,1,{'train': 1},1,0,
25262,11,{'train': 11},1,10,DUPLICATE_NEAR
10133,1,{'train': 1},1,0,
10136,1,{'train': 1},1,0,
10140,1,{'train': 1},1,0,
10142,1,{'train': 1},1,0,
10144,1,{'train': 1},1,0,
10146,1,{'train': 1},1,0,
10148,1,{'train': 1},1,0,
10149,1,{'train': 1},1,0,
10150,1,{'train': 1},1,0,
10153,1,{'train': 1},1,0,
10157,1,{'train': 1},1,0,
10160,1,{'train': 1},1,0,
10169,2,{'train': 2},2,0,
10173,1,{'train': 1},1,0,
10181,1,{'train': 1},1,0,
10182,1,{'train': 1},1,0,
10186,1,{'train': 1},1,0,
10190,1,{'train': 1},1,0,
10191,1,{'train': 1},1,0,
10193,1,{'train': 1},1,0,
10195,1,{'train': 1},1,0,
10199,1,{'train': 1},1,0,
10201,1,{'train': 1},1,0,
10986,2,{'train': 2},2,0,
10205,1,{'train': 1},1,0,
10207,1,{'train': 1},1,0,
10988,2,{'train': 2},2,0,
10218,2,{'train': 2},2,0,
10213,1,{'train': 1},1,0,
10215,1,{'train': 1},1,0,
32060,49,{'train': 49},1,48,DUPLICATE_NEAR
46465,3,"{'train': 2, 'test': 1}",2,1,CROSS_SPLIT_NEARDUP_LEAKAGE
11052,5,{'train': 5},1,4,DUPLICATE_NEAR
10230,1,{'train': 1},1,0,
10231,1,{'train': 1},1,0,
27917,12,{'train': 12},1,11,DUPLICATE_NEAR
10235,1,{'train': 1},1,0,
10253,6,{'train': 6},1,5,DUPLICATE_NEAR
10237,1,{'train': 1},1,0,
10264,2,{'train': 2},2,0,
10247,1,{'train': 1},1,0,
10248,1,{'train': 1},1,0,
10255,1,{'train': 1},1,0,
28158,16,{'train': 16},1,15,DUPLICATE_NEAR
10262,1,{'train': 1},1,0,
10263,1,{'train': 1},1,0,
10270,2,{'train': 2},2,0,
10272,1,{'train': 1},1,0,
10276,1,{'train': 1},1,0,
31397,3,{'train': 3},1,2,DUPLICATE_NEAR
10279,1,{'train': 1},1,0,
10280,1,{'train': 1},1,0,
10282,1,{'train': 1},1,0,
10285,1,{'train': 1},1,0,
10291,1,{'train': 1},1,0,
10299,1,{'train': 1},1,0,
10300,1,{'train': 1},1,0,
10301,1,{'train': 1},1,0,
10309,1,{'train': 1},1,0,
10315,1,{'train': 1},1,0,
10317,1,{'train': 1},1,0,
10320,1,{'train': 1},1,0,
10323,1,{'train': 1},1,0,
11206,4,{'train': 4},1,3,DUPLICATE_NEAR
10327,1,{'train': 1},1,0,
10332,1,{'train': 1},1,0,
10336,1,{'train': 1},1,0,
10337,1,{'train': 1},1,0,
10338,1,{'train': 1},1,0,
10339,1,{'train': 1},1,0,
11258,3,{'train': 3},1,2,DUPLICATE_NEAR
46472,2,"{'train': 1, 'test': 1}",1,1,CROSS_SPLIT_NEARDUP_LEAKAGE
10343,1,{'train': 1},1,0,
10344,1,{'train': 1},1,0,
10345,1,{'train': 1},1,0,
10346,1,{'train': 1},1,0,
27963,5,{'train': 5},1,4,DUPLICATE_NEAR
10349,1,{'train': 1},1,0,
10351,1,{'train': 1},1,0,
27585,7,{'train': 7},1,6,DUPLICATE_NEAR
46506,3,"{'train': 2, 'test': 1}",2,1,CROSS_SPLIT_NEARDUP_LEAKAGE
10357,1,{'train': 1},1,0,
10363,1,{'train': 1},1,0,
11317,2,{'train': 2},2,0,
10372,2,{'train': 2},2,0,
10373,1,{'train': 1},1,0,
46692,3,"{'train': 1, 'test': 2}",2,1,CROSS_SPLIT_NEARDUP_LEAKAGE
10380,1,{'train': 1},1,0,
11281,3,{'train': 3},1,2,DUPLICATE_NEAR
10399,1,{'train': 1},1,0,
10400,1,{'train': 1},1,0,
31421,3,{'train': 3},1,2,DUPLICATE_NEAR
10403,1,{'train': 1},1,0,
46693,8,"{'train': 4, 'val': 2, 'test': 2}",1,7,CROSS_SPLIT_NEARDUP_LEAKAGE;DUPLICATE_NEAR
10408,1,{'train': 1},1,0,
10410,1,{'train': 1},1,0,
10412,1,{'train': 1},1,0,
10413,1,{'train': 1},1,0,
10414,1,{'train': 1},1,0,
10415,1,{'train': 1},1,0,
10416,1,{'train': 1},1,0,
10417,1,{'train': 1},1,0,
10418,1,{'train': 1},1,0,
10419,1,{'train': 1},1,0,
10420,1,{'train': 1},1,0,
10421,1,{'train': 1},1,0,
10422,1,{'train': 1},1,0,
10423,1,{'train': 1},1,0,
10424,1,{'train': 1},1,0,
10425,1,{'train': 1},1,0,
10426,1,{'train': 1},1,0,
10427,1,{'train': 1},1,0,
10428,1,{'train': 1},1,0,
10429,1,{'train': 1},1,0,
10430,1,{'train': 1},1,0,
10431,1,{'train': 1},1,0,
10432,1,{'train': 1},1,0,
10433,1,{'train': 1},1,0,
10434,1,{'train': 1},1,0,
10435,1,{'train': 1},1,0,
11355,3,{'train': 3},1,2,DUPLICATE_NEAR
10438,1,{'train': 1},1,0,
10439,1,{'train': 1},1,0,
10441,1,{'train': 1},1,0,
10442,1,{'train': 1},1,0,
10443,1,{'train': 1},1,0,
10444,1,{'train': 1},1,0,
10445,1,{'train': 1},1,0,
10446,1,{'train': 1},1,0,
10447,1,{'train': 1},1,0,
10538,2,{'train': 2},2,0,
10451,1,{'train': 1},1,0,
10459,1,{'train': 1},1,0,
10461,1,{'train': 1},1,0,
10462,1,{'train': 1},1,0,
10463,1,{'train': 1},1,0,
10464,1,{'train': 1},1,0,
10465,1,{'train': 1},1,0,
10466,1,{'train': 1},1,0,
10467,1,{'train': 1},1,0,
10468,1,{'train': 1},1,0,
10469,1,{'train': 1},1,0,
10473,1,{'train': 1},1,0,
10475,1,{'train': 1},1,0,
41133,2,"{'train': 1, 'val': 1}",1,1,CROSS_SPLIT_NEARDUP_LEAKAGE
10488,1,{'train': 1},1,0,
10489,1,{'train': 1},1,0,
31427,4,{'train': 4},1,3,DUPLICATE_NEAR
10492,1,{'train': 1},1,0,
10495,1,{'train': 1},1,0,
10496,1,{'train': 1},1,0,
31430,5,{'train': 5},1,4,DUPLICATE_NEAR
10503,1,{'train': 1},1,0,
10504,1,{'train': 1},1,0,
11527,2,{'train': 2},2,0,
10506,1,{'train': 1},1,0,
10510,1,{'train': 1},1,0,
27674,10,{'train': 10},1,9,DUPLICATE_NEAR
10520,1,{'train': 1},1,0,
10521,1,{'train': 1},1,0,
10522,1,{'train': 1},1,0,
10524,1,{'train': 1},1,0,
10525,1,{'train': 1},1,0,
10534,1,{'train': 1},1,0,
10540,1,{'train': 1},1,0,
10549,3,{'train': 3},1,2,DUPLICATE_NEAR
10544,1,{'train': 1},1,0,
10546,1,{'train': 1},1,0,
10550,1,{'train': 1},1,0,
10551,1,{'train': 1},1,0,
10554,1,{'train': 1},1,0,
31441,5,{'train': 5},1,4,DUPLICATE_NEAR
10560,2,{'train': 2},2,0,
10564,1,{'train': 1},1,0,
10568,1,{'train': 1},1,0,
11569,2,{'train': 2},2,0,
10571,1,{'train': 1},1,0,
10573,1,{'train': 1},1,0,
10576,1,{'train': 1},1,0,
10577,1,{'train': 1},1,0,
10578,1,{'train': 1},1,0,
10579,1,{'train': 1},1,0,
10580,1,{'train': 1},1,0,
10581,1,{'train': 1},1,0,
10583,1,{'train': 1},1,0,
10584,1,{'train': 1},1,0,
11748,2,{'train': 2},2,0,
10587,1,{'train': 1},1,0,
10588,1,{'train': 1},1,0,
10589,1,{'train': 1},1,0,
10591,1,{'train': 1},1,0,
31447,3,{'train': 3},1,2,DUPLICATE_NEAR
10593,1,{'train': 1},1,0,
10595,1,{'train': 1},1,0,
10603,1,{'train': 1},1,0,
10610,4,{'train': 4},1,3,DUPLICATE_NEAR
10613,1,{'train': 1},1,0,
10622,1,{'train': 1},1,0,
10623,1,{'train': 1},1,0,
10625,1,{'train': 1},1,0,
10628,1,{'train': 1},1,0,
10629,1,{'train': 1},1,0,
46598,2,"{'train': 1, 'test': 1}",1,1,CROSS_SPLIT_NEARDUP_LEAKAGE
10632,1,{'train': 1},1,0,
10636,1,{'train': 1},1,0,
10639,1,{'train': 1},1,0,
11863,2,{'train': 2},2,0,
10643,1,{'train': 1},1,0,
10645,1,{'train': 1},1,0,
10646,1,{'train': 1},1,0,
10648,1,{'train': 1},1,0,
10671,2,{'train': 2},2,0,
10655,1,{'train': 1},1,0,
10657,1,{'train': 1},1,0,
10658,1,{'train': 1},1,0,
10660,1,{'train': 1},1,0,
10662,1,{'train': 1},1,0,
10664,1,{'train': 1},1,0,
10666,1,{'train': 1},1,0,
10670,1,{'train': 1},1,0,
10673,1,{'train': 1},1,0,
10675,1,{'train': 1},1,0,
10678,1,{'train': 1},1,0,
10681,1,{'train': 1},1,0,
10687,1,{'train': 1},1,0,
10710,2,{'train': 2},2,0,
10694,1,{'train': 1},1,0,
12080,2,{'train': 2},2,0,
10697,1,{'train': 1},1,0,
10698,1,{'train': 1},1,0,
10700,1,{'train': 1},1,0,
10705,1,{'train': 1},1,0,
10707,1,{'train': 1},1,0,
10708,1,{'train': 1},1,0,
28069,2,{'train': 2},2,0,
10711,1,{'train': 1},1,0,
10713,1,{'train': 1},1,0,
10716,1,{'train': 1},1,0,
10718,1,{'train': 1},1,0,
10720,1,{'train': 1},1,0,
10722,1,{'train': 1},1,0,
10723,1,{'train': 1},1,0,
10724,1,{'train': 1},1,0,
10725,1,{'train': 1},1,0,
10726,1,{'train': 1},1,0,
10730,1,{'train': 1},1,0,
10732,1,{'train': 1},1,0,
10736,1,{'train': 1},1,0,
10737,1,{'train': 1},1,0,
10738,1,{'train': 1},1,0,
10739,1,{'train': 1},1,0,
10741,1,{'train': 1},1,0,
10742,1,{'train': 1},1,0,
10744,1,{'train': 1},1,0,
10745,1,{'train': 1},1,0,
10746,1,{'train': 1},1,0,
10756,2,{'train': 2},2,0,
10748,1,{'train': 1},1,0,
10749,1,{'train': 1},1,0,
12204,3,{'train': 3},1,2,DUPLICATE_NEAR
10753,2,{'train': 2},2,0,
10754,1,{'train': 1},1,0,
10755,1,{'train': 1},1,0,
10757,1,{'train': 1},1,0,
10761,2,{'train': 2},2,0,
10762,2,{'train': 2},2,0,
10763,1,{'train': 1},1,0,
10764,1,{'train': 1},1,0,
10765,1,{'train': 1},1,0,
10766,1,{'train': 1},1,0,
27796,4,{'train': 4},1,3,DUPLICATE_NEAR
10769,1,{'train': 1},1,0,
10772,1,{'train': 1},1,0,
10774,1,{'train': 1},1,0,
10776,1,{'train': 1},1,0,
10781,1,{'train': 1},1,0,
28080,2,{'train': 2},2,0,
10787,1,{'train': 1},1,0,
10789,1,{'train': 1},1,0,
10790,1,{'train': 1},1,0,
10791,1,{'train': 1},1,0,
12341,3,{'train': 3},1,2,DUPLICATE_NEAR
10793,1,{'train': 1},1,0,
10794,1,{'train': 1},1,0,
10797,1,{'train': 1},1,0,
11244,2,{'train': 2},2,0,
10806,1,{'train': 1},1,0,
10811,1,{'train': 1},1,0,
10812,1,{'train': 1},1,0,
10814,1,{'train': 1},1,0,
10815,1,{'train': 1},1,0,
10816,1,{'train': 1},1,0,
10817,1,{'train': 1},1,0,
10818,1,{'train': 1},1,0,
10819,1,{'train': 1},1,0,
10820,1,{'train': 1},1,0,
10821,1,{'train': 1},1,0,
10824,1,{'train': 1},1,0,
10825,1,{'train': 1},1,0,
10828,1,{'train': 1},1,0,
10829,1,{'train': 1},1,0,
10832,1,{'train': 1},1,0,
10835,1,{'train': 1},1,0,
10836,1,{'train': 1},1,0,
10840,1,{'train': 1},1,0,
10841,1,{'train': 1},1,0,
12431,2,{'train': 2},2,0,
10845,1,{'train': 1},1,0,
10846,1,{'train': 1},1,0,
10847,1,{'train': 1},1,0,
10848,1,{'train': 1},1,0,
10849,1,{'train': 1},1,0,
10853,1,{'train': 1},1,0,
10854,1,{'train': 1},1,0,
12491,2,{'train': 2},2,0,
10858,1,{'train': 1},1,0,
10860,1,{'train': 1},1,0,
10861,1,{'train': 1},1,0,
10866,1,{'train': 1},1,0,
10867,1,{'train': 1},1,0,
10868,1,{'train': 1},1,0,
10874,1,{'train': 1},1,0,
10875,1,{'train': 1},1,0,
10878,1,{'train': 1},1,0,
10879,1,{'train': 1},1,0,
10883,1,{'train': 1},1,0,
10884,1,{'train': 1},1,0,
10888,1,{'train': 1},1,0,
10893,1,{'train': 1},1,0,
10895,1,{'train': 1},1,0,
10897,1,{'train': 1},1,0,
10903,1,{'train': 1},1,0,
10905,1,{'train': 1},1,0,
10906,1,{'train': 1},1,0,
28413,21,{'train': 21},1,20,DUPLICATE_NEAR
28336,73,{'train': 73},1,72,DUPLICATE_NEAR
11218,3,{'train': 3},1,2,DUPLICATE_NEAR
10914,1,{'train': 1},1,0,
28145,12,{'train': 12},1,11,DUPLICATE_NEAR
10921,1,{'train': 1},1,0,
11012,2,{'train': 2},2,0,
10924,1,{'train': 1},1,0,
10925,1,{'train': 1},1,0,
10929,1,{'train': 1},1,0,
10930,1,{'train': 1},1,0,
10931,1,{'train': 1},1,0,
10936,1,{'train': 1},1,0,
10940,1,{'train': 1},1,0,
10943,1,{'train': 1},1,0,
10944,1,{'train': 1},1,0,
10947,1,{'train': 1},1,0,
10950,1,{'train': 1},1,0,
10953,1,{'train': 1},1,0,
10956,1,{'train': 1},1,0,
10968,2,{'train': 2},2,0,
10962,1,{'train': 1},1,0,
10963,1,{'train': 1},1,0,
10967,1,{'train': 1},1,0,
10969,1,{'train': 1},1,0,
10970,1,{'train': 1},1,0,
10971,1,{'train': 1},1,0,
10972,1,{'train': 1},1,0,
10973,1,{'train': 1},1,0,
10974,1,{'train': 1},1,0,
10975,1,{'train': 1},1,0,
10976,1,{'train': 1},1,0,
10977,1,{'train': 1},1,0,
10978,1,{'train': 1},1,0,
10979,1,{'train': 1},1,0,
10980,1,{'train': 1},1,0,
10981,1,{'train': 1},1,0,
10982,1,{'train': 1},1,0,
10983,1,{'train': 1},1,0,
10984,1,{'train': 1},1,0,
10985,1,{'train': 1},1,0,
10987,1,{'train': 1},1,0,
10997,1,{'train': 1},1,0,
11000,1,{'train': 1},1,0,
11001,1,{'train': 1},1,0,
11004,1,{'train': 1},1,0,
11009,1,{'train': 1},1,0,
11017,2,{'train': 2},2,0,
11613,2,{'train': 2},2,0,
11026,1,{'train': 1},1,0,
11028,1,{'train': 1},1,0,
11031,1,{'train': 1},1,0,
11036,1,{'train': 1},1,0,
11041,1,{'train': 1},1,0,
11043,1,{'train': 1},1,0,
11044,1,{'train': 1},1,0,
11048,1,{'train': 1},1,0,
11054,1,{'train': 1},1,0,
11056,1,{'train': 1},1,0,
11136,2,{'train': 2},2,0,
11064,1,{'train': 1},1,0,
31533,9,{'train': 9},1,8,DUPLICATE_NEAR
11069,1,{'train': 1},1,0,
11088,1,{'train': 1},1,0,
11093,1,{'train': 1},1,0,
11094,1,{'train': 1},1,0,
11104,1,{'train': 1},1,0,
11108,1,{'train': 1},1,0,
11109,1,{'train': 1},1,0,
11110,1,{'train': 1},1,0,
11129,2,{'train': 2},2,0,
11123,1,{'train': 1},1,0,
11127,1,{'train': 1},1,0,
11131,1,{'train': 1},1,0,
11132,1,{'train': 1},1,0,
11134,1,{'train': 1},1,0,
11138,1,{'train': 1},1,0,
11144,1,{'train': 1},1,0,
11145,1,{'train': 1},1,0,
11149,1,{'train': 1},1,0,
11150,1,{'train': 1},1,0,
11151,1,{'train': 1},1,0,
11156,1,{'train': 1},1,0,
11159,1,{'train': 1},1,0,
11174,2,{'train': 2},2,0,
11178,1,{'train': 1},1,0,
11204,1,{'train': 1},1,0,
11205,1,{'train': 1},1,0,
11207,1,{'train': 1},1,0,
11242,2,{'train': 2},2,0,
11210,1,{'train': 1},1,0,
11250,2,{'train': 2},2,0,
11214,2,{'train': 2},2,0,
11220,2,{'train': 2},2,0,
11222,1,{'train': 1},1,0,
45227,2,"{'train': 1, 'test': 1}",1,1,CROSS_SPLIT_NEARDUP_LEAKAGE
11231,1,{'train': 1},1,0,
11232,1,{'train': 1},1,0,
11235,1,{'train': 1},1,0,
11236,1,{'train': 1},1,0,
11238,1,{'train': 1},1,0,
11239,1,{'train': 1},1,0,
11241,1,{'train': 1},1,0,
11249,1,{'train': 1},1,0,
11254,1,{'train': 1},1,0,
11256,1,{'train': 1},1,0,
11265,1,{'train': 1},1,0,
11267,1,{'train': 1},1,0,
11282,2,{'train': 2},2,0,
11275,1,{'train': 1},1,0,
11276,1,{'train': 1},1,0,
11277,1,{'train': 1},1,0,
11278,1,{'train': 1},1,0,
11284,1,{'train': 1},1,0,
11285,1,{'train': 1},1,0,
11459,2,{'train': 2},2,0,
25936,48,{'train': 48},1,47,DUPLICATE_NEAR
28272,8,{'train': 8},1,7,DUPLICATE_NEAR
11293,1,{'train': 1},1,0,
11295,1,{'train': 1},1,0,
11628,2,{'train': 2},2,0,
43429,12,"{'train': 1, 'val': 11}",1,11,CROSS_SPLIT_NEARDUP_LEAKAGE;DUPLICATE_NEAR
11302,1,{'train': 1},1,0,
11305,1,{'train': 1},1,0,
11307,1,{'train': 1},1,0,
11309,1,{'train': 1},1,0,
11952,3,{'train': 3},1,2,DUPLICATE_NEAR
11316,1,{'train': 1},1,0,
11318,1,{'train': 1},1,0,
11319,1,{'train': 1},1,0,
11320,1,{'train': 1},1,0,
11329,2,{'train': 2},2,0,
11322,1,{'train': 1},1,0,
11323,1,{'train': 1},1,0,
11324,1,{'train': 1},1,0,
11328,1,{'train': 1},1,0,
11332,1,{'train': 1},1,0,
11334,1,{'train': 1},1,0,
11335,1,{'train': 1},1,0,
11336,1,{'train': 1},1,0,
11337,1,{'train': 1},1,0,
11339,1,{'train': 1},1,0,
11342,1,{'train': 1},1,0,
11346,1,{'train': 1},1,0,
11347,1,{'train': 1},1,0,
11348,1,{'train': 1},1,0,
11356,3,{'train': 3},1,2,DUPLICATE_NEAR
11350,1,{'train': 1},1,0,
11351,1,{'train': 1},1,0,
11354,1,{'train': 1},1,0,
11357,1,{'train': 1},1,0,
11359,1,{'train': 1},1,0,
11361,1,{'train': 1},1,0,
11362,1,{'train': 1},1,0,
11363,1,{'train': 1},1,0,
11364,1,{'train': 1},1,0,
11366,1,{'train': 1},1,0,
11367,1,{'train': 1},1,0,
11368,1,{'train': 1},1,0,
11370,1,{'train': 1},1,0,
11373,1,{'train': 1},1,0,
11374,1,{'train': 1},1,0,
11376,1,{'train': 1},1,0,
11380,1,{'train': 1},1,0,
11381,1,{'train': 1},1,0,
11553,2,{'train': 2},2,0,
11384,1,{'train': 1},1,0,
11385,1,{'train': 1},1,0,
11388,1,{'train': 1},1,0,
11390,1,{'train': 1},1,0,
11394,1,{'train': 1},1,0,
11398,1,{'train': 1},1,0,
11401,1,{'train': 1},1,0,
11403,1,{'train': 1},1,0,
11404,1,{'train': 1},1,0,
11406,1,{'train': 1},1,0,
11407,1,{'train': 1},1,0,
11409,1,{'train': 1},1,0,
11411,1,{'train': 1},1,0,
11416,1,{'train': 1},1,0,
11420,1,{'train': 1},1,0,
11421,1,{'train': 1},1,0,
11422,1,{'train': 1},1,0,
11423,1,{'train': 1},1,0,
11424,1,{'train': 1},1,0,
11429,1,{'train': 1},1,0,
11431,1,{'train': 1},1,0,
11432,1,{'train': 1},1,0,
11436,1,{'train': 1},1,0,
11441,1,{'train': 1},1,0,
11443,1,{'train': 1},1,0,
11450,1,{'train': 1},1,0,
11451,1,{'train': 1},1,0,
11452,1,{'train': 1},1,0,
11458,1,{'train': 1},1,0,
11462,1,{'train': 1},1,0,
11464,1,{'train': 1},1,0,
11465,1,{'train': 1},1,0,
11466,1,{'train': 1},1,0,
11469,1,{'train': 1},1,0,
11471,1,{'train': 1},1,0,
11476,1,{'train': 1},1,0,
11486,1,{'train': 1},1,0,
11488,1,{'train': 1},1,0,
11489,1,{'train': 1},1,0,
11491,1,{'train': 1},1,0,
11499,1,{'train': 1},1,0,
11500,1,{'train': 1},1,0,
11503,1,{'train': 1},1,0,
11505,1,{'train': 1},1,0,
11513,1,{'train': 1},1,0,
11519,1,{'train': 1},1,0,
11528,2,{'train': 2},2,0,
11521,1,{'train': 1},1,0,
11522,1,{'train': 1},1,0,
11523,1,{'train': 1},1,0,
11524,1,{'train': 1},1,0,
11526,1,{'train': 1},1,0,
46392,3,"{'train': 1, 'test': 2}",2,1,CROSS_SPLIT_NEARDUP_LEAKAGE
11531,1,{'train': 1},1,0,
11532,1,{'train': 1},1,0,
11533,1,{'train': 1},1,0,
11534,1,{'train': 1},1,0,
11536,1,{'train': 1},1,0,
11543,1,{'train': 1},1,0,
11546,1,{'train': 1},1,0,
11550,1,{'train': 1},1,0,
11554,1,{'train': 1},1,0,
11556,1,{'train': 1},1,0,
11558,1,{'train': 1},1,0,
11560,1,{'train': 1},1,0,
11561,1,{'train': 1},1,0,
11562,1,{'train': 1},1,0,
11563,1,{'train': 1},1,0,
11564,1,{'train': 1},1,0,
11567,1,{'train': 1},1,0,
11573,1,{'train': 1},1,0,
11574,1,{'train': 1},1,0,
11575,1,{'train': 1},1,0,
11576,1,{'train': 1},1,0,
11578,1,{'train': 1},1,0,
11585,2,{'train': 2},2,0,
11580,1,{'train': 1},1,0,
11583,1,{'train': 1},1,0,
11587,1,{'train': 1},1,0,
11592,1,{'train': 1},1,0,
11595,1,{'train': 1},1,0,
11596,1,{'train': 1},1,0,
28530,12,{'train': 12},1,11,DUPLICATE_NEAR
11602,1,{'train': 1},1,0,
11606,1,{'train': 1},1,0,
11618,2,{'train': 2},2,0,
11608,1,{'train': 1},1,0,
11614,1,{'train': 1},1,0,
11620,1,{'train': 1},1,0,
11621,1,{'train': 1},1,0,
11624,1,{'train': 1},1,0,
11627,1,{'train': 1},1,0,
11630,1,{'train': 1},1,0,
11631,1,{'train': 1},1,0,
11632,1,{'train': 1},1,0,
11633,1,{'train': 1},1,0,
11634,1,{'train': 1},1,0,
11635,1,{'train': 1},1,0,
11636,1,{'train': 1},1,0,
11639,3,{'train': 3},1,2,DUPLICATE_NEAR
11649,6,{'train': 6},1,5,DUPLICATE_NEAR
11644,1,{'train': 1},1,0,
11646,1,{'train': 1},1,0,
11647,1,{'train': 1},1,0,
11648,1,{'train': 1},1,0,
11650,1,{'train': 1},1,0,
11651,1,{'train': 1},1,0,
11652,1,{'train': 1},1,0,
11653,1,{'train': 1},1,0,
28545,12,{'train': 12},1,11,DUPLICATE_NEAR
11658,1,{'train': 1},1,0,
11660,1,{'train': 1},1,0,
12190,5,{'train': 5},1,4,DUPLICATE_NEAR
31609,22,{'train': 22},1,21,DUPLICATE_NEAR
11664,1,{'train': 1},1,0,
11668,2,{'train': 2},2,0,
11674,1,{'train': 1},1,0,
28601,19,{'train': 19},1,18,DUPLICATE_NEAR
11676,1,{'train': 1},1,0,
12229,2,{'train': 2},2,0,
11681,1,{'train': 1},1,0,
11682,1,{'train': 1},1,0,
11685,1,{'train': 1},1,0,
11686,1,{'train': 1},1,0,
11688,1,{'train': 1},1,0,
11689,1,{'train': 1},1,0,
11690,1,{'train': 1},1,0,
33585,8,{'train': 8},1,7,DUPLICATE_NEAR
11691,1,{'train': 1},1,0,
11693,1,{'train': 1},1,0,
11696,1,{'train': 1},1,0,
11697,1,{'train': 1},1,0,
11698,1,{'train': 1},1,0,
11704,1,{'train': 1},1,0,
11705,1,{'train': 1},1,0,
12486,3,{'train': 3},1,2,DUPLICATE_NEAR
11707,1,{'train': 1},1,0,
11708,1,{'train': 1},1,0,
11709,1,{'train': 1},1,0,
11710,1,{'train': 1},1,0,
11711,1,{'train': 1},1,0,
12488,2,{'train': 2},2,0,
11714,1,{'train': 1},1,0,
12525,2,{'train': 2},2,0,
11716,1,{'train': 1},1,0,
11717,1,{'train': 1},1,0,
11718,1,{'train': 1},1,0,
11719,1,{'train': 1},1,0,
11728,2,{'train': 2},2,0,
28442,19,{'train': 19},1,18,DUPLICATE_NEAR
11725,1,{'train': 1},1,0,
11726,1,{'train': 1},1,0,
11727,1,{'train': 1},1,0,
11734,1,{'train': 1},1,0,
11735,1,{'train': 1},1,0,
11740,1,{'train': 1},1,0,
11741,1,{'train': 1},1,0,
11745,1,{'train': 1},1,0,
11747,1,{'train': 1},1,0,
11749,1,{'train': 1},1,0,
11750,1,{'train': 1},1,0,
11755,1,{'train': 1},1,0,
11756,1,{'train': 1},1,0,
11757,1,{'train': 1},1,0,
11769,3,{'train': 3},1,2,DUPLICATE_NEAR
11761,1,{'train': 1},1,0,
11768,1,{'train': 1},1,0,
11774,1,{'train': 1},1,0,
11778,1,{'train': 1},1,0,
11781,1,{'train': 1},1,0,
11793,1,{'train': 1},1,0,
11795,1,{'train': 1},1,0,
11801,1,{'train': 1},1,0,
11802,1,{'train': 1},1,0,
11806,1,{'train': 1},1,0,
11807,1,{'train': 1},1,0,
11809,1,{'train': 1},1,0,
11810,1,{'train': 1},1,0,
11811,1,{'train': 1},1,0,
41480,3,"{'train': 2, 'val': 1}",2,1,CROSS_SPLIT_NEARDUP_LEAKAGE
12769,3,{'train': 3},1,2,DUPLICATE_NEAR
11815,1,{'train': 1},1,0,
11818,1,{'train': 1},1,0,
11831,1,{'train': 1},1,0,
11833,1,{'train': 1},1,0,
11835,1,{'train': 1},1,0,
11837,1,{'train': 1},1,0,
11839,1,{'train': 1},1,0,
11842,1,{'train': 1},1,0,
11846,1,{'train': 1},1,0,
11853,1,{'train': 1},1,0,
11854,1,{'train': 1},1,0,
11855,1,{'train': 1},1,0,
11873,1,{'train': 1},1,0,
11874,1,{'train': 1},1,0,
11878,1,{'train': 1},1,0,
11883,1,{'train': 1},1,0,
28502,3,{'train': 3},1,2,DUPLICATE_NEAR
11888,1,{'train': 1},1,0,
11890,1,{'train': 1},1,0,
11892,1,{'train': 1},1,0,
11912,1,{'train': 1},1,0,
11913,1,{'train': 1},1,0,
11919,1,{'train': 1},1,0,
11935,1,{'train': 1},1,0,
11936,1,{'train': 1},1,0,
11937,1,{'train': 1},1,0,
11946,1,{'train': 1},1,0,
11948,1,{'train': 1},1,0,
11949,1,{'train': 1},1,0,
11950,1,{'train': 1},1,0,
11955,1,{'train': 1},1,0,
11958,1,{'train': 1},1,0,
11971,1,{'train': 1},1,0,
11973,1,{'train': 1},1,0,
11974,1,{'train': 1},1,0,
11976,1,{'train': 1},1,0,
11977,1,{'train': 1},1,0,
11981,1,{'train': 1},1,0,
11982,1,{'train': 1},1,0,
11984,1,{'train': 1},1,0,
11986,1,{'train': 1},1,0,
11991,1,{'train': 1},1,0,
11996,1,{'train': 1},1,0,
11997,1,{'train': 1},1,0,
11998,1,{'train': 1},1,0,
12001,1,{'train': 1},1,0,
12006,1,{'train': 1},1,0,
12009,1,{'train': 1},1,0,
12012,1,{'train': 1},1,0,
12025,1,{'train': 1},1,0,
12026,1,{'train': 1},1,0,
39853,2,"{'train': 1, 'val': 1}",1,1,CROSS_SPLIT_NEARDUP_LEAKAGE
12028,1,{'train': 1},1,0,
12031,1,{'train': 1},1,0,
12032,1,{'train': 1},1,0,
28592,10,{'train': 10},1,9,DUPLICATE_NEAR
12036,1,{'train': 1},1,0,
12038,1,{'train': 1},1,0,
12040,1,{'train': 1},1,0,
12049,1,{'train': 1},1,0,
12050,1,{'train': 1},1,0,
12054,1,{'train': 1},1,0,
12056,1,{'train': 1},1,0,
12061,1,{'train': 1},1,0,
12062,1,{'train': 1},1,0,
12063,1,{'train': 1},1,0,
12064,1,{'train': 1},1,0,
12065,1,{'train': 1},1,0,
12066,1,{'train': 1},1,0,
12067,1,{'train': 1},1,0,
12069,1,{'train': 1},1,0,
12158,3,{'train': 3},1,2,DUPLICATE_NEAR
12071,1,{'train': 1},1,0,
12072,1,{'train': 1},1,0,
12073,1,{'train': 1},1,0,
12074,1,{'train': 1},1,0,
12075,1,{'train': 1},1,0,
12076,1,{'train': 1},1,0,
12081,1,{'train': 1},1,0,
12082,1,{'train': 1},1,0,
12083,1,{'train': 1},1,0,
12086,1,{'train': 1},1,0,
12088,1,{'train': 1},1,0,
12091,1,{'train': 1},1,0,
46307,3,"{'train': 1, 'test': 2}",2,1,CROSS_SPLIT_NEARDUP_LEAKAGE
12098,1,{'train': 1},1,0,
12101,1,{'train': 1},1,0,
12110,2,{'train': 2},2,0,
12104,1,{'train': 1},1,0,
12105,1,{'train': 1},1,0,
12107,1,{'train': 1},1,0,
12111,1,{'train': 1},1,0,
12112,1,{'train': 1},1,0,
12114,1,{'train': 1},1,0,
12115,1,{'train': 1},1,0,
12125,2,{'train': 2},2,0,
12118,1,{'train': 1},1,0,
12124,2,{'train': 2},2,0,
12132,2,{'train': 2},2,0,
12128,1,{'train': 1},1,0,
12133,1,{'train': 1},1,0,
12134,1,{'train': 1},1,0,
12137,2,{'train': 2},2,0,
12138,1,{'train': 1},1,0,
12139,1,{'train': 1},1,0,
12142,1,{'train': 1},1,0,
12143,1,{'train': 1},1,0,
12154,1,{'train': 1},1,0,
12156,1,{'train': 1},1,0,
12157,1,{'train': 1},1,0,
12159,1,{'train': 1},1,0,
12162,1,{'train': 1},1,0,
12163,1,{'train': 1},1,0,
12164,1,{'train': 1},1,0,
12165,1,{'train': 1},1,0,
12166,1,{'train': 1},1,0,
12168,1,{'train': 1},1,0,
12169,1,{'train': 1},1,0,
12170,1,{'train': 1},1,0,
12171,1,{'train': 1},1,0,
12172,1,{'train': 1},1,0,
12174,1,{'train': 1},1,0,
12175,1,{'train': 1},1,0,
12176,1,{'train': 1},1,0,
12177,1,{'train': 1},1,0,
12178,1,{'train': 1},1,0,
12182,1,{'train': 1},1,0,
12187,1,{'train': 1},1,0,
12189,1,{'train': 1},1,0,
12192,1,{'train': 1},1,0,
12193,1,{'train': 1},1,0,
12198,2,{'train': 2},2,0,
12197,1,{'train': 1},1,0,
12200,1,{'train': 1},1,0,
12201,1,{'train': 1},1,0,
12203,1,{'train': 1},1,0,
12205,1,{'train': 1},1,0,
12206,1,{'train': 1},1,0,
12207,1,{'train': 1},1,0,
12208,1,{'train': 1},1,0,
12209,1,{'train': 1},1,0,
12210,1,{'train': 1},1,0,
12211,1,{'train': 1},1,0,
12212,1,{'train': 1},1,0,
12213,1,{'train': 1},1,0,
12214,1,{'train': 1},1,0,
12215,1,{'train': 1},1,0,
12216,1,{'train': 1},1,0,
12217,1,{'train': 1},1,0,
12218,1,{'train': 1},1,0,
12219,1,{'train': 1},1,0,
12220,1,{'train': 1},1,0,
12222,1,{'train': 1},1,0,
12230,1,{'train': 1},1,0,
12231,1,{'train': 1},1,0,
12237,1,{'train': 1},1,0,
12238,1,{'train': 1},1,0,
12243,2,{'train': 2},2,0,
12240,1,{'train': 1},1,0,
12241,1,{'train': 1},1,0,
12242,1,{'train': 1},1,0,
12244,1,{'train': 1},1,0,
12245,1,{'train': 1},1,0,
45181,3,"{'train': 2, 'test': 1}",2,1,CROSS_SPLIT_NEARDUP_LEAKAGE
12247,1,{'train': 1},1,0,
12257,2,{'train': 2},2,0,
12251,2,{'train': 2},2,0,
12253,1,{'train': 1},1,0,
12254,1,{'train': 1},1,0,
41508,3,"{'train': 1, 'val': 2}",2,1,CROSS_SPLIT_NEARDUP_LEAKAGE
12256,1,{'train': 1},1,0,
12258,1,{'train': 1},1,0,
12259,1,{'train': 1},1,0,
12270,2,{'train': 2},2,0,
12261,1,{'train': 1},1,0,
12262,1,{'train': 1},1,0,
12263,1,{'train': 1},1,0,
12264,1,{'train': 1},1,0,
12265,1,{'train': 1},1,0,
12266,1,{'train': 1},1,0,
12267,1,{'train': 1},1,0,
12268,1,{'train': 1},1,0,
12269,1,{'train': 1},1,0,
12271,1,{'train': 1},1,0,
12272,1,{'train': 1},1,0,
12273,1,{'train': 1},1,0,
12274,1,{'train': 1},1,0,
12275,1,{'train': 1},1,0,
12276,1,{'train': 1},1,0,
12277,1,{'train': 1},1,0,
12278,1,{'train': 1},1,0,
12279,1,{'train': 1},1,0,
12280,1,{'train': 1},1,0,
12281,1,{'train': 1},1,0,
12311,2,{'train': 2},2,0,
12283,1,{'train': 1},1,0,
12284,1,{'train': 1},1,0,
12285,1,{'train': 1},1,0,
12286,1,{'train': 1},1,0,
12287,1,{'train': 1},1,0,
12288,1,{'train': 1},1,0,
12290,1,{'train': 1},1,0,
12292,1,{'train': 1},1,0,
12293,1,{'train': 1},1,0,
12295,1,{'train': 1},1,0,
12296,1,{'train': 1},1,0,
41533,2,"{'train': 1, 'val': 1}",1,1,CROSS_SPLIT_NEARDUP_LEAKAGE
12298,1,{'train': 1},1,0,
12299,1,{'train': 1},1,0,
12300,1,{'train': 1},1,0,
12301,1,{'train': 1},1,0,
12302,1,{'train': 1},1,0,
12303,1,{'train': 1},1,0,
12304,1,{'train': 1},1,0,
12305,1,{'train': 1},1,0,
12307,1,{'train': 1},1,0,
12308,1,{'train': 1},1,0,
12309,1,{'train': 1},1,0,
12310,1,{'train': 1},1,0,
12312,1,{'train': 1},1,0,
12313,1,{'train': 1},1,0,
12314,1,{'train': 1},1,0,
12316,1,{'train': 1},1,0,
12318,1,{'train': 1},1,0,
12319,1,{'train': 1},1,0,
12320,1,{'train': 1},1,0,
12321,1,{'train': 1},1,0,
12323,1,{'train': 1},1,0,
12324,1,{'train': 1},1,0,
12325,1,{'train': 1},1,0,
12326,1,{'train': 1},1,0,
12327,1,{'train': 1},1,0,
12328,1,{'train': 1},1,0,
12329,1,{'train': 1},1,0,
12330,1,{'train': 1},1,0,
12331,1,{'train': 1},1,0,
12332,1,{'train': 1},1,0,
12334,2,{'train': 2},2,0,
12335,1,{'train': 1},1,0,
12336,1,{'train': 1},1,0,
12337,1,{'train': 1},1,0,
12338,1,{'train': 1},1,0,
12339,1,{'train': 1},1,0,
12340,1,{'train': 1},1,0,
12357,10,{'train': 10},1,9,DUPLICATE_NEAR
12345,1,{'train': 1},1,0,
12348,1,{'train': 1},1,0,
12349,1,{'train': 1},1,0,
12350,1,{'train': 1},1,0,
12352,1,{'train': 1},1,0,
12353,1,{'train': 1},1,0,
12354,1,{'train': 1},1,0,
12355,1,{'train': 1},1,0,
12358,1,{'train': 1},1,0,
12359,1,{'train': 1},1,0,
12367,3,{'train': 3},1,2,DUPLICATE_NEAR
12361,1,{'train': 1},1,0,
12363,1,{'train': 1},1,0,
12364,1,{'train': 1},1,0,
12365,1,{'train': 1},1,0,
12369,1,{'train': 1},1,0,
12371,1,{'train': 1},1,0,
12372,1,{'train': 1},1,0,
12373,1,{'train': 1},1,0,
12374,1,{'train': 1},1,0,
12375,1,{'train': 1},1,0,
12376,1,{'train': 1},1,0,
12378,1,{'train': 1},1,0,
12383,1,{'train': 1},1,0,
12389,1,{'train': 1},1,0,
12392,1,{'train': 1},1,0,
12395,1,{'train': 1},1,0,
12396,1,{'train': 1},1,0,
12398,1,{'train': 1},1,0,
12399,1,{'train': 1},1,0,
12400,1,{'train': 1},1,0,
12401,1,{'train': 1},1,0,
12405,2,{'train': 2},2,0,
12406,1,{'train': 1},1,0,
12407,1,{'train': 1},1,0,
12409,1,{'train': 1},1,0,
12410,1,{'train': 1},1,0,
12411,1,{'train': 1},1,0,
12429,2,{'train': 2},2,0,
12417,1,{'train': 1},1,0,
12418,1,{'train': 1},1,0,
12460,2,{'train': 2},2,0,
12420,1,{'train': 1},1,0,
12421,1,{'train': 1},1,0,
12422,1,{'train': 1},1,0,
12425,1,{'train': 1},1,0,
12430,1,{'train': 1},1,0,
12433,1,{'train': 1},1,0,
12435,1,{'train': 1},1,0,
12436,1,{'train': 1},1,0,
12437,1,{'train': 1},1,0,
12438,1,{'train': 1},1,0,
12439,1,{'train': 1},1,0,
12440,1,{'train': 1},1,0,
12441,1,{'train': 1},1,0,
12442,1,{'train': 1},1,0,
12443,1,{'train': 1},1,0,
12445,2,{'train': 2},2,0,
12446,1,{'train': 1},1,0,
12447,1,{'train': 1},1,0,
12456,1,{'train': 1},1,0,
12457,1,{'train': 1},1,0,
12458,1,{'train': 1},1,0,
12459,1,{'train': 1},1,0,
12461,1,{'train': 1},1,0,
12462,1,{'train': 1},1,0,
12463,1,{'train': 1},1,0,
12464,1,{'train': 1},1,0,
12465,1,{'train': 1},1,0,
12466,1,{'train': 1},1,0,
12467,1,{'train': 1},1,0,
12468,1,{'train': 1},1,0,
12474,2,{'train': 2},2,0,
12470,1,{'train': 1},1,0,
12471,1,{'train': 1},1,0,
12472,1,{'train': 1},1,0,
12473,1,{'train': 1},1,0,
12475,1,{'train': 1},1,0,
12476,1,{'train': 1},1,0,
12477,1,{'train': 1},1,0,
12478,1,{'train': 1},1,0,
12479,1,{'train': 1},1,0,
12480,1,{'train': 1},1,0,
12481,1,{'train': 1},1,0,
12482,1,{'train': 1},1,0,
12483,1,{'train': 1},1,0,
12484,1,{'train': 1},1,0,
12485,1,{'train': 1},1,0,
12487,1,{'train': 1},1,0,
12489,1,{'train': 1},1,0,
12490,1,{'train': 1},1,0,
12492,1,{'train': 1},1,0,
12494,1,{'train': 1},1,0,
12495,1,{'train': 1},1,0,
12496,1,{'train': 1},1,0,
12497,1,{'train': 1},1,0,
12498,1,{'train': 1},1,0,
12499,1,{'train': 1},1,0,
12503,2,{'train': 2},2,0,
12502,1,{'train': 1},1,0,
12505,1,{'train': 1},1,0,
12507,1,{'train': 1},1,0,
12508,1,{'train': 1},1,0,
12509,1,{'train': 1},1,0,
12510,1,{'train': 1},1,0,
12511,1,{'train': 1},1,0,
12512,1,{'train': 1},1,0,
12513,1,{'train': 1},1,0,
12515,1,{'train': 1},1,0,
12518,2,{'train': 2},2,0,
12526,2,{'train': 2},2,0,
12521,1,{'train': 1},1,0,
12527,1,{'train': 1},1,0,
12528,1,{'train': 1},1,0,
12529,1,{'train': 1},1,0,
12530,1,{'train': 1},1,0,
12531,1,{'train': 1},1,0,
12533,1,{'train': 1},1,0,
12534,1,{'train': 1},1,0,
12535,1,{'train': 1},1,0,
12536,1,{'train': 1},1,0,
12537,1,{'train': 1},1,0,
12539,1,{'train': 1},1,0,
12540,1,{'train': 1},1,0,
12541,1,{'train': 1},1,0,
12542,1,{'train': 1},1,0,
12543,1,{'train': 1},1,0,
12544,1,{'train': 1},1,0,
12545,1,{'train': 1},1,0,
12546,1,{'train': 1},1,0,
12547,1,{'train': 1},1,0,
12548,1,{'train': 1},1,0,
12549,1,{'train': 1},1,0,
12550,1,{'train': 1},1,0,
12554,2,{'train': 2},2,0,
12556,1,{'train': 1},1,0,
12558,1,{'train': 1},1,0,
12559,1,{'train': 1},1,0,
12561,1,{'train': 1},1,0,
12564,1,{'train': 1},1,0,
12565,1,{'train': 1},1,0,
46953,4,"{'train': 3, 'test': 1}",1,3,CROSS_SPLIT_NEARDUP_LEAKAGE;DUPLICATE_NEAR
12567,1,{'train': 1},1,0,
12568,1,{'train': 1},1,0,
12569,1,{'train': 1},1,0,
12570,1,{'train': 1},1,0,
12571,1,{'train': 1},1,0,
12572,1,{'train': 1},1,0,
12574,1,{'train': 1},1,0,
12576,1,{'train': 1},1,0,
12577,1,{'train': 1},1,0,
12578,1,{'train': 1},1,0,
12579,1,{'train': 1},1,0,
12580,1,{'train': 1},1,0,
12582,1,{'train': 1},1,0,
12583,1,{'train': 1},1,0,
12590,1,{'train': 1},1,0,
12597,1,{'train': 1},1,0,
12600,1,{'train': 1},1,0,
12601,1,{'train': 1},1,0,
12603,1,{'train': 1},1,0,
12604,1,{'train': 1},1,0,
12605,1,{'train': 1},1,0,
12606,1,{'train': 1},1,0,
12611,2,{'train': 2},2,0,
12620,2,{'train': 2},2,0,
12614,1,{'train': 1},1,0,
12615,1,{'train': 1},1,0,
12618,2,{'train': 2},2,0,
12619,1,{'train': 1},1,0,
12622,1,{'train': 1},1,0,
12623,1,{'train': 1},1,0,
12624,1,{'train': 1},1,0,
12625,1,{'train': 1},1,0,
12626,1,{'train': 1},1,0,
12630,2,{'train': 2},2,0,
12628,1,{'train': 1},1,0,
12629,1,{'train': 1},1,0,
12631,1,{'train': 1},1,0,
12632,1,{'train': 1},1,0,
12633,1,{'train': 1},1,0,
12638,1,{'train': 1},1,0,
12639,1,{'train': 1},1,0,
12641,1,{'train': 1},1,0,
12644,1,{'train': 1},1,0,
12645,1,{'train': 1},1,0,
12646,1,{'train': 1},1,0,
12647,1,{'train': 1},1,0,
12648,1,{'train': 1},1,0,
12649,1,{'train': 1},1,0,
12650,1,{'train': 1},1,0,
12651,1,{'train': 1},1,0,
12653,1,{'train': 1},1,0,
12654,1,{'train': 1},1,0,
12655,1,{'train': 1},1,0,
12656,1,{'train': 1},1,0,
12657,1,{'train': 1},1,0,
12658,1,{'train': 1},1,0,
12659,1,{'train': 1},1,0,
12661,1,{'train': 1},1,0,
12665,1,{'train': 1},1,0,
12666,1,{'train': 1},1,0,
12667,1,{'train': 1},1,0,
12668,1,{'train': 1},1,0,
12669,1,{'train': 1},1,0,
12685,2,{'train': 2},2,0,
12678,1,{'train': 1},1,0,
12681,1,{'train': 1},1,0,
12684,1,{'train': 1},1,0,
12689,1,{'train': 1},1,0,
12690,1,{'train': 1},1,0,
12692,1,{'train': 1},1,0,
12693,1,{'train': 1},1,0,
12695,1,{'train': 1},1,0,
12696,1,{'train': 1},1,0,
12697,1,{'train': 1},1,0,
12699,1,{'train': 1},1,0,
12700,1,{'train': 1},1,0,
12705,1,{'train': 1},1,0,
12706,1,{'train': 1},1,0,
12707,1,{'train': 1},1,0,
12708,1,{'train': 1},1,0,
12709,1,{'train': 1},1,0,
12710,1,{'train': 1},1,0,
12711,1,{'train': 1},1,0,
12712,1,{'train': 1},1,0,
12713,1,{'train': 1},1,0,
12714,1,{'train': 1},1,0,
12716,1,{'train': 1},1,0,
12717,1,{'train': 1},1,0,
12718,1,{'train': 1},1,0,
12719,1,{'train': 1},1,0,
12720,1,{'train': 1},1,0,
12745,2,{'train': 2},2,0,
12724,1,{'train': 1},1,0,
12725,1,{'train': 1},1,0,
12728,1,{'train': 1},1,0,
12733,1,{'train': 1},1,0,
12734,1,{'train': 1},1,0,
12735,1,{'train': 1},1,0,
12739,1,{'train': 1},1,0,
12740,1,{'train': 1},1,0,
12741,1,{'train': 1},1,0,
12746,1,{'train': 1},1,0,
12747,1,{'train': 1},1,0,
12748,1,{'train': 1},1,0,
12749,1,{'train': 1},1,0,
12750,1,{'train': 1},1,0,
12759,2,{'train': 2},2,0,
12752,1,{'train': 1},1,0,
12753,1,{'train': 1},1,0,
12754,1,{'train': 1},1,0,
12755,1,{'train': 1},1,0,
12756,1,{'train': 1},1,0,
12757,1,{'train': 1},1,0,
12760,1,{'train': 1},1,0,
12761,1,{'train': 1},1,0,
12762,1,{'train': 1},1,0,
12764,1,{'train': 1},1,0,
12765,1,{'train': 1},1,0,
12766,1,{'train': 1},1,0,
12767,1,{'train': 1},1,0,
12773,1,{'train': 1},1,0,
12775,1,{'train': 1},1,0,
12782,1,{'train': 1},1,0,
12785,1,{'train': 1},1,0,
12787,1,{'train': 1},1,0,
12790,1,{'train': 1},1,0,
12792,1,{'train': 1},1,0,
39910,3,"{'train': 1, 'val': 2}",2,1,CROSS_SPLIT_NEARDUP_LEAKAGE
12806,2,{'train': 2},2,0,
12808,1,{'train': 1},1,0,
19846,1,{'train': 1},1,0,
19847,1,{'train': 1},1,0,
19848,1,{'train': 1},1,0,
19849,1,{'train': 1},1,0,
19850,1,{'train': 1},1,0,
19851,1,{'train': 1},1,0,
19853,2,{'train': 2},2,0,
19854,1,{'train': 1},1,0,
19856,2,{'train': 2},2,0,
19857,1,{'train': 1},1,0,
19858,1,{'train': 1},1,0,
19859,1,{'train': 1},1,0,
19860,1,{'train': 1},1,0,
19863,2,{'train': 2},2,0,
19862,1,{'train': 1},1,0,
19866,2,{'train': 2},2,0,
19865,1,{'train': 1},1,0,
31866,9,{'train': 9},1,8,DUPLICATE_NEAR
31877,2,{'train': 2},2,0,
31876,2,{'train': 2},2,0,
19873,1,{'train': 1},1,0,
19878,2,{'train': 2},2,0,
19876,2,{'train': 2},2,0,
19877,1,{'train': 1},1,0,
19887,4,{'train': 4},1,3,DUPLICATE_NEAR
19880,1,{'train': 1},1,0,
19881,1,{'train': 1},1,0,
19882,1,{'train': 1},1,0,
19888,2,{'train': 2},2,0,
19885,1,{'train': 1},1,0,
19889,1,{'train': 1},1,0,
19890,1,{'train': 1},1,0,
19891,1,{'train': 1},1,0,
19898,2,{'train': 2},2,0,
19893,1,{'train': 1},1,0,
22602,173,"{'train': 130, 'val': 28, 'test': 15}",1,172,CROSS_SPLIT_NEARDUP_LEAKAGE;DUPLICATE_NEAR
19895,1,{'train': 1},1,0,
22436,3,{'train': 3},1,2,DUPLICATE_NEAR
19901,1,{'train': 1},1,0,
19903,2,{'train': 2},2,0,
19908,2,{'train': 2},2,0,
19905,1,{'train': 1},1,0,
19906,1,{'train': 1},1,0,
19907,1,{'train': 1},1,0,
19914,2,{'train': 2},2,0,
19910,1,{'train': 1},1,0,
19920,4,{'train': 4},1,3,DUPLICATE_NEAR
19916,2,{'train': 2},2,0,
19915,1,{'train': 1},1,0,
19917,1,{'train': 1},1,0,
19918,1,{'train': 1},1,0,
19921,1,{'train': 1},1,0,
19922,1,{'train': 1},1,0,
19923,1,{'train': 1},1,0,
19924,1,{'train': 1},1,0,
19925,1,{'train': 1},1,0,
19926,1,{'train': 1},1,0,
19928,3,{'train': 3},1,2,DUPLICATE_NEAR
19930,1,{'train': 1},1,0,
19931,1,{'train': 1},1,0,
19932,1,{'train': 1},1,0,
19933,1,{'train': 1},1,0,
19936,1,{'train': 1},1,0,
19937,1,{'train': 1},1,0,
19938,1,{'train': 1},1,0,
19947,6,{'train': 6},1,5,DUPLICATE_NEAR
19940,1,{'train': 1},1,0,
19943,1,{'train': 1},1,0,
19945,1,{'train': 1},1,0,
19954,4,{'train': 4},1,3,DUPLICATE_NEAR
19951,2,{'train': 2},2,0,
19952,1,{'train': 1},1,0,
19955,1,{'train': 1},1,0,
19956,1,{'train': 1},1,0,
19962,4,{'train': 4},1,3,DUPLICATE_NEAR
19958,1,{'train': 1},1,0,
19959,1,{'train': 1},1,0,
19968,3,{'train': 3},1,2,DUPLICATE_NEAR
19963,1,{'train': 1},1,0,
19964,1,{'train': 1},1,0,
19965,1,{'train': 1},1,0,
19969,1,{'train': 1},1,0,
19972,5,{'train': 5},1,4,DUPLICATE_NEAR
19980,2,{'train': 2},2,0,
19975,1,{'train': 1},1,0,
19976,1,{'train': 1},1,0,
19977,1,{'train': 1},1,0,
19978,1,{'train': 1},1,0,
19986,4,{'train': 4},1,3,DUPLICATE_NEAR
19984,1,{'train': 1},1,0,
19987,1,{'train': 1},1,0,
19989,2,{'train': 2},2,0,
19990,1,{'train': 1},1,0,
19996,5,{'train': 5},1,4,DUPLICATE_NEAR
19993,1,{'train': 1},1,0,
19995,1,{'train': 1},1,0,
19998,1,{'train': 1},1,0,
20002,2,{'train': 2},2,0,
20007,6,{'train': 6},1,5,DUPLICATE_NEAR
20004,1,{'train': 1},1,0,
20005,1,{'train': 1},1,0,
20009,1,{'train': 1},1,0,
20010,1,{'train': 1},1,0,
20011,1,{'train': 1},1,0,
20015,3,{'train': 3},1,2,DUPLICATE_NEAR
20014,1,{'train': 1},1,0,
20016,1,{'train': 1},1,0,
20017,1,{'train': 1},1,0,
20018,1,{'train': 1},1,0,
20019,1,{'train': 1},1,0,
20020,1,{'train': 1},1,0,
20021,1,{'train': 1},1,0,
20022,1,{'train': 1},1,0,
20024,2,{'train': 2},2,0,
20025,1,{'train': 1},1,0,
20029,1,{'train': 1},1,0,
20030,1,{'train': 1},1,0,
20033,1,{'train': 1},1,0,
20034,1,{'train': 1},1,0,
20035,1,{'train': 1},1,0,
20036,1,{'train': 1},1,0,
20043,2,{'train': 2},2,0,
20038,1,{'train': 1},1,0,
20044,4,{'train': 4},1,3,DUPLICATE_NEAR
20040,1,{'train': 1},1,0,
20045,1,{'train': 1},1,0,
20047,2,{'train': 2},2,0,
20048,1,{'train': 1},1,0,
20049,1,{'train': 1},1,0,
20055,5,{'train': 5},1,4,DUPLICATE_NEAR
20052,1,{'train': 1},1,0,
20053,1,{'train': 1},1,0,
20054,1,{'train': 1},1,0,
20057,1,{'train': 1},1,0,
20059,1,{'train': 1},1,0,
20060,1,{'train': 1},1,0,
20069,4,{'train': 4},1,3,DUPLICATE_NEAR
20062,1,{'train': 1},1,0,
20068,2,{'train': 2},2,0,
20064,1,{'train': 1},1,0,
20065,1,{'train': 1},1,0,
20067,1,{'train': 1},1,0,
20071,1,{'train': 1},1,0,
20072,1,{'train': 1},1,0,
20073,1,{'train': 1},1,0,
20076,3,{'train': 3},1,2,DUPLICATE_NEAR
20077,1,{'train': 1},1,0,
20082,2,{'train': 2},2,0,
20080,2,{'train': 2},2,0,
20081,1,{'train': 1},1,0,
20083,1,{'train': 1},1,0,
20084,1,{'train': 1},1,0,
20091,3,{'train': 3},1,2,DUPLICATE_NEAR
20087,1,{'train': 1},1,0,
20088,1,{'train': 1},1,0,
20092,3,{'train': 3},1,2,DUPLICATE_NEAR
20093,1,{'train': 1},1,0,
20094,1,{'train': 1},1,0,
20099,2,{'train': 2},2,0,
20096,1,{'train': 1},1,0,
20098,2,{'train': 2},2,0,
20100,1,{'train': 1},1,0,
20106,2,{'train': 2},2,0,
20104,2,{'train': 2},2,0,
20105,2,{'train': 2},2,0,
20107,1,{'train': 1},1,0,
20108,1,{'train': 1},1,0,
20109,1,{'train': 1},1,0,
20112,2,{'train': 2},2,0,
20111,1,{'train': 1},1,0,
20113,1,{'train': 1},1,0,
20114,1,{'train': 1},1,0,
20115,1,{'train': 1},1,0,
20116,1,{'train': 1},1,0,
20118,2,{'train': 2},2,0,
20122,3,{'train': 3},1,2,DUPLICATE_NEAR
20120,1,{'train': 1},1,0,
20123,1,{'train': 1},1,0,
20124,1,{'train': 1},1,0,
20130,5,{'train': 5},1,4,DUPLICATE_NEAR
20126,1,{'train': 1},1,0,
20128,1,{'train': 1},1,0,
20132,1,{'train': 1},1,0,
20133,1,{'train': 1},1,0,
20134,1,{'train': 1},1,0,
20138,2,{'train': 2},2,0,
20141,3,{'train': 3},1,2,DUPLICATE_NEAR
20142,2,{'train': 2},2,0,
20140,1,{'train': 1},1,0,
20143,1,{'train': 1},1,0,
23847,6,{'train': 6},1,5,DUPLICATE_NEAR
20146,1,{'train': 1},1,0,
20750,2,{'train': 2},2,0,
20148,1,{'train': 1},1,0,
20153,2,{'train': 2},2,0,
20152,1,{'train': 1},1,0,
20154,1,{'train': 1},1,0,
20155,1,{'train': 1},1,0,
20158,2,{'train': 2},2,0,
20157,1,{'train': 1},1,0,
20159,1,{'train': 1},1,0,
20160,1,{'train': 1},1,0,
20161,1,{'train': 1},1,0,
20162,1,{'train': 1},1,0,
20163,1,{'train': 1},1,0,
20164,1,{'train': 1},1,0,
20165,1,{'train': 1},1,0,
20168,2,{'train': 2},2,0,
20167,1,{'train': 1},1,0,
20169,1,{'train': 1},1,0,
20170,1,{'train': 1},1,0,
20171,1,{'train': 1},1,0,
20172,1,{'train': 1},1,0,
20173,1,{'train': 1},1,0,
20174,1,{'train': 1},1,0,
48226,8,"{'train': 6, 'test': 2}",1,7,CROSS_SPLIT_NEARDUP_LEAKAGE;DUPLICATE_NEAR
20177,1,{'train': 1},1,0,
20182,1,{'train': 1},1,0,
20183,1,{'train': 1},1,0,
20184,1,{'train': 1},1,0,
20185,1,{'train': 1},1,0,
20189,2,{'train': 2},2,0,
20187,1,{'train': 1},1,0,
20188,1,{'train': 1},1,0,
20190,1,{'train': 1},1,0,
20191,1,{'train': 1},1,0,
20192,1,{'train': 1},1,0,
20200,3,{'train': 3},1,2,DUPLICATE_NEAR
20194,1,{'train': 1},1,0,
20202,3,{'train': 3},1,2,DUPLICATE_NEAR
20197,1,{'train': 1},1,0,
20199,1,{'train': 1},1,0,
20201,1,{'train': 1},1,0,
20203,1,{'train': 1},1,0,
20208,3,{'train': 3},1,2,DUPLICATE_NEAR
20206,1,{'train': 1},1,0,
20210,2,{'train': 2},2,0,
20209,1,{'train': 1},1,0,
20211,1,{'train': 1},1,0,
20212,1,{'train': 1},1,0,
20218,4,{'train': 4},1,3,DUPLICATE_NEAR
20214,1,{'train': 1},1,0,
20215,1,{'train': 1},1,0,
20216,1,{'train': 1},1,0,
20220,1,{'train': 1},1,0,
20221,1,{'train': 1},1,0,
20222,1,{'train': 1},1,0,
20224,1,{'train': 1},1,0,
20226,1,{'train': 1},1,0,
20232,4,{'train': 4},1,3,DUPLICATE_NEAR
20230,1,{'train': 1},1,0,
20231,1,{'train': 1},1,0,
20235,3,{'train': 3},1,2,DUPLICATE_NEAR
20236,1,{'train': 1},1,0,
20242,4,{'train': 4},1,3,DUPLICATE_NEAR
20239,1,{'train': 1},1,0,
20241,1,{'train': 1},1,0,
20243,1,{'train': 1},1,0,
20244,1,{'train': 1},1,0,
20249,4,{'train': 4},1,3,DUPLICATE_NEAR
20248,1,{'train': 1},1,0,
20250,1,{'train': 1},1,0,
20251,1,{'train': 1},1,0,
20252,1,{'train': 1},1,0,
20253,1,{'train': 1},1,0,
20256,2,{'train': 2},2,0,
20255,1,{'train': 1},1,0,
20257,1,{'train': 1},1,0,
20262,4,{'train': 4},1,3,DUPLICATE_NEAR
20261,1,{'train': 1},1,0,
20266,3,{'train': 3},1,2,DUPLICATE_NEAR
20265,1,{'train': 1},1,0,
20267,1,{'train': 1},1,0,
20268,1,{'train': 1},1,0,
20269,1,{'train': 1},1,0,
20270,1,{'train': 1},1,0,
20271,1,{'train': 1},1,0,
20276,5,{'train': 5},1,4,DUPLICATE_NEAR
20274,1,{'train': 1},1,0,
20278,1,{'train': 1},1,0,
20279,1,{'train': 1},1,0,
20280,1,{'train': 1},1,0,
20282,2,{'train': 2},2,0,
20285,4,{'train': 4},1,3,DUPLICATE_NEAR
20284,1,{'train': 1},1,0,
20286,1,{'train': 1},1,0,
20287,1,{'train': 1},1,0,
20289,1,{'train': 1},1,0,
20291,1,{'train': 1},1,0,
20292,1,{'train': 1},1,0,
20302,5,{'train': 5},1,4,DUPLICATE_NEAR
20294,1,{'train': 1},1,0,
20295,1,{'train': 1},1,0,
20299,2,{'train': 2},2,0,
20301,1,{'train': 1},1,0,
20311,4,{'train': 4},1,3,DUPLICATE_NEAR
20307,2,{'train': 2},2,0,
20305,1,{'train': 1},1,0,
20308,1,{'train': 1},1,0,
20310,1,{'train': 1},1,0,
20312,1,{'train': 1},1,0,
20313,1,{'train': 1},1,0,
20314,1,{'train': 1},1,0,
20316,2,{'train': 2},2,0,
20318,2,{'train': 2},2,0,
20319,1,{'train': 1},1,0,
20321,1,{'train': 1},1,0,
20324,1,{'train': 1},1,0,
20325,1,{'train': 1},1,0,
20327,2,{'train': 2},2,0,
20329,2,{'train': 2},2,0,
20331,2,{'train': 2},2,0,
20334,2,{'train': 2},2,0,
20335,2,{'train': 2},2,0,
20336,1,{'train': 1},1,0,
20341,3,{'train': 3},1,2,DUPLICATE_NEAR
20338,1,{'train': 1},1,0,
20340,1,{'train': 1},1,0,
20347,2,{'train': 2},2,0,
20343,1,{'train': 1},1,0,
20344,1,{'train': 1},1,0,
20345,1,{'train': 1},1,0,
20346,1,{'train': 1},1,0,
20348,1,{'train': 1},1,0,
20358,5,{'train': 5},1,4,DUPLICATE_NEAR
20351,1,{'train': 1},1,0,
20352,1,{'train': 1},1,0,
20354,1,{'train': 1},1,0,
20356,1,{'train': 1},1,0,
20357,1,{'train': 1},1,0,
20359,1,{'train': 1},1,0,
20360,1,{'train': 1},1,0,
20365,7,{'train': 7},1,6,DUPLICATE_NEAR
20367,1,{'train': 1},1,0,
20368,1,{'train': 1},1,0,
20369,1,{'train': 1},1,0,
20374,4,{'train': 4},1,3,DUPLICATE_NEAR
20372,1,{'train': 1},1,0,
20376,1,{'train': 1},1,0,
43100,4,"{'train': 3, 'val': 1}",1,3,CROSS_SPLIT_NEARDUP_LEAKAGE;DUPLICATE_NEAR
20378,1,{'train': 1},1,0,
20379,1,{'train': 1},1,0,
20381,2,{'train': 2},2,0,
20382,1,{'train': 1},1,0,
20383,1,{'train': 1},1,0,
20384,1,{'train': 1},1,0,
20385,1,{'train': 1},1,0,
20387,2,{'train': 2},2,0,
20388,1,{'train': 1},1,0,
20389,1,{'train': 1},1,0,
20390,1,{'train': 1},1,0,
20391,1,{'train': 1},1,0,
20392,1,{'train': 1},1,0,
20394,2,{'train': 2},2,0,
20395,1,{'train': 1},1,0,
20401,3,{'train': 3},1,2,DUPLICATE_NEAR
20397,1,{'train': 1},1,0,
20398,1,{'train': 1},1,0,
20400,1,{'train': 1},1,0,
20409,2,{'train': 2},2,0,
20408,2,{'train': 2},2,0,
20410,3,{'train': 3},1,2,DUPLICATE_NEAR
20405,1,{'train': 1},1,0,
20407,1,{'train': 1},1,0,
42719,5,"{'train': 2, 'val': 2, 'test': 1}",2,3,CROSS_SPLIT_NEARDUP_LEAKAGE
20412,1,{'train': 1},1,0,
20417,3,{'train': 3},1,2,DUPLICATE_NEAR
20415,1,{'train': 1},1,0,
20416,1,{'train': 1},1,0,
20418,1,{'train': 1},1,0,
20419,1,{'train': 1},1,0,
20420,1,{'train': 1},1,0,
20422,2,{'train': 2},2,0,
20423,1,{'train': 1},1,0,
20425,2,{'train': 2},2,0,
20426,1,{'train': 1},1,0,
20427,1,{'train': 1},1,0,
20429,4,{'train': 4},1,3,DUPLICATE_NEAR
20439,2,{'train': 2},2,0,
20433,1,{'train': 1},1,0,
20440,3,{'train': 3},1,2,DUPLICATE_NEAR
20435,1,{'train': 1},1,0,
20438,2,{'train': 2},2,0,
42722,2,"{'train': 1, 'val': 1}",1,1,CROSS_SPLIT_NEARDUP_LEAKAGE
20442,1,{'train': 1},1,0,
20443,1,{'train': 1},1,0,
20450,3,{'train': 3},1,2,DUPLICATE_NEAR
20445,1,{'train': 1},1,0,
20446,1,{'train': 1},1,0,
20449,2,{'train': 2},2,0,
20448,1,{'train': 1},1,0,
20457,2,{'train': 2},2,0,
20455,2,{'train': 2},2,0,
20454,1,{'train': 1},1,0,
20456,1,{'train': 1},1,0,
20458,1,{'train': 1},1,0,
20459,1,{'train': 1},1,0,
20464,3,{'train': 3},1,2,DUPLICATE_NEAR
20462,1,{'train': 1},1,0,
20463,1,{'train': 1},1,0,
20465,1,{'train': 1},1,0,
20466,1,{'train': 1},1,0,
20467,1,{'train': 1},1,0,
20475,5,{'train': 5},1,4,DUPLICATE_NEAR
20471,1,{'train': 1},1,0,
20472,1,{'train': 1},1,0,
20474,1,{'train': 1},1,0,
20476,1,{'train': 1},1,0,
20477,1,{'train': 1},1,0,
20478,1,{'train': 1},1,0,
20481,3,{'train': 3},1,2,DUPLICATE_NEAR
20490,2,{'train': 2},2,0,
20489,4,{'train': 4},1,3,DUPLICATE_NEAR
20485,1,{'train': 1},1,0,
20486,1,{'train': 1},1,0,
20487,1,{'train': 1},1,0,
20491,1,{'train': 1},1,0,
20496,2,{'train': 2},2,0,
20498,6,{'train': 6},1,5,DUPLICATE_NEAR
20499,1,{'train': 1},1,0,
20500,1,{'train': 1},1,0,
20501,1,{'train': 1},1,0,
20507,4,{'train': 4},1,3,DUPLICATE_NEAR
20504,1,{'train': 1},1,0,
20505,1,{'train': 1},1,0,
20509,2,{'train': 2},2,0,
20515,4,{'train': 4},1,3,DUPLICATE_NEAR
20518,3,{'train': 3},1,2,DUPLICATE_NEAR
20512,1,{'train': 1},1,0,
20514,1,{'train': 1},1,0,
20517,1,{'train': 1},1,0,
20525,5,{'train': 5},1,4,DUPLICATE_NEAR
20522,1,{'train': 1},1,0,
20526,1,{'train': 1},1,0,
20529,3,{'train': 3},1,2,DUPLICATE_NEAR
20530,1,{'train': 1},1,0,
20531,1,{'train': 1},1,0,
20532,1,{'train': 1},1,0,
20536,3,{'train': 3},1,2,DUPLICATE_NEAR
20534,1,{'train': 1},1,0,
20537,1,{'train': 1},1,0,
20538,1,{'train': 1},1,0,
20542,2,{'train': 2},2,0,
20543,3,{'train': 3},1,2,DUPLICATE_NEAR
20544,1,{'train': 1},1,0,
20545,1,{'train': 1},1,0,
20546,1,{'train': 1},1,0,
20547,1,{'train': 1},1,0,
20548,1,{'train': 1},1,0,
20549,1,{'train': 1},1,0,
20550,1,{'train': 1},1,0,
20559,6,{'train': 6},1,5,DUPLICATE_NEAR
20553,1,{'train': 1},1,0,
20556,1,{'train': 1},1,0,
20557,1,{'train': 1},1,0,
20564,2,{'train': 2},2,0,
20565,2,{'train': 2},2,0,
20566,3,{'train': 3},1,2,DUPLICATE_NEAR
20570,2,{'train': 2},2,0,
20568,1,{'train': 1},1,0,
20569,1,{'train': 1},1,0,
20571,1,{'train': 1},1,0,
20572,1,{'train': 1},1,0,
20576,3,{'train': 3},1,2,DUPLICATE_NEAR
20574,1,{'train': 1},1,0,
20577,1,{'train': 1},1,0,
20583,5,{'train': 5},1,4,DUPLICATE_NEAR
20581,1,{'train': 1},1,0,
20584,1,{'train': 1},1,0,
20585,1,{'train': 1},1,0,
20587,3,{'train': 3},1,2,DUPLICATE_NEAR
20589,1,{'train': 1},1,0,
20592,2,{'train': 2},2,0,
20591,1,{'train': 1},1,0,
20593,1,{'train': 1},1,0,
20594,1,{'train': 1},1,0,
20595,1,{'train': 1},1,0,
20596,1,{'train': 1},1,0,
20597,1,{'train': 1},1,0,
20598,1,{'train': 1},1,0,
20600,2,{'train': 2},2,0,
20611,4,{'train': 4},1,3,DUPLICATE_NEAR
20603,1,{'train': 1},1,0,
20604,1,{'train': 1},1,0,
20605,1,{'train': 1},1,0,
20608,2,{'train': 2},2,0,
42742,2,"{'train': 1, 'val': 1}",1,1,CROSS_SPLIT_NEARDUP_LEAKAGE
20610,1,{'train': 1},1,0,
20613,1,{'train': 1},1,0,
20614,1,{'train': 1},1,0,
20616,2,{'train': 2},2,0,
20624,2,{'train': 2},2,0,
20622,1,{'train': 1},1,0,
20623,1,{'train': 1},1,0,
20630,4,{'train': 4},1,3,DUPLICATE_NEAR
20626,1,{'train': 1},1,0,
20629,1,{'train': 1},1,0,
20639,5,{'train': 5},1,4,DUPLICATE_NEAR
20633,1,{'train': 1},1,0,
20634,1,{'train': 1},1,0,
20641,2,{'train': 2},2,0,
20638,1,{'train': 1},1,0,
20640,1,{'train': 1},1,0,
20645,4,{'train': 4},1,3,DUPLICATE_NEAR
20648,2,{'train': 2},2,0,
20646,1,{'train': 1},1,0,
20647,1,{'train': 1},1,0,
20649,1,{'train': 1},1,0,
20651,1,{'train': 1},1,0,
20654,2,{'train': 2},2,0,
20653,1,{'train': 1},1,0,
20655,1,{'train': 1},1,0,
20656,1,{'train': 1},1,0,
20668,3,{'train': 3},1,2,DUPLICATE_NEAR
20658,1,{'train': 1},1,0,
20663,4,{'train': 4},1,3,DUPLICATE_NEAR
20662,1,{'train': 1},1,0,
20665,1,{'train': 1},1,0,
20666,1,{'train': 1},1,0,
20667,1,{'train': 1},1,0,
20678,5,{'train': 5},1,4,DUPLICATE_NEAR
20670,1,{'train': 1},1,0,
20671,1,{'train': 1},1,0,
20672,1,{'train': 1},1,0,
20674,1,{'train': 1},1,0,
20677,1,{'train': 1},1,0,
20679,1,{'train': 1},1,0,
20680,1,{'train': 1},1,0,
20687,3,{'train': 3},1,2,DUPLICATE_NEAR
20682,1,{'train': 1},1,0,
20683,1,{'train': 1},1,0,
20685,1,{'train': 1},1,0,
20686,1,{'train': 1},1,0,
20689,2,{'train': 2},2,0,
20692,2,{'train': 2},2,0,
20693,2,{'train': 2},2,0,
20694,1,{'train': 1},1,0,
20695,1,{'train': 1},1,0,
20696,1,{'train': 1},1,0,
20697,1,{'train': 1},1,0,
20698,1,{'train': 1},1,0,
20699,1,{'train': 1},1,0,
20700,1,{'train': 1},1,0,
20704,2,{'train': 2},2,0,
20702,1,{'train': 1},1,0,
20703,1,{'train': 1},1,0,
20706,2,{'train': 2},2,0,
20707,1,{'train': 1},1,0,
20708,1,{'train': 1},1,0,
20709,1,{'train': 1},1,0,
20710,1,{'train': 1},1,0,
20711,1,{'train': 1},1,0,
20712,1,{'train': 1},1,0,
20713,1,{'train': 1},1,0,
20714,1,{'train': 1},1,0,
20715,1,{'train': 1},1,0,
20716,1,{'train': 1},1,0,
20717,1,{'train': 1},1,0,
20718,1,{'train': 1},1,0,
20724,3,{'train': 3},1,2,DUPLICATE_NEAR
20720,1,{'train': 1},1,0,
20721,1,{'train': 1},1,0,
20723,1,{'train': 1},1,0,
20725,1,{'train': 1},1,0,
20726,1,{'train': 1},1,0,
20727,1,{'train': 1},1,0,
20731,4,{'train': 4},1,3,DUPLICATE_NEAR
20732,1,{'train': 1},1,0,
20733,1,{'train': 1},1,0,
20735,2,{'train': 2},2,0,
20738,4,{'train': 4},1,3,DUPLICATE_NEAR
20740,1,{'train': 1},1,0,
20743,2,{'train': 2},2,0,
20742,1,{'train': 1},1,0,
20744,1,{'train': 1},1,0,
20748,3,{'train': 3},1,2,DUPLICATE_NEAR
20746,1,{'train': 1},1,0,
20749,1,{'train': 1},1,0,
20751,1,{'train': 1},1,0,
20752,1,{'train': 1},1,0,
20756,1,{'train': 1},1,0,
20757,1,{'train': 1},1,0,
20759,2,{'train': 2},2,0,
20760,1,{'train': 1},1,0,
20762,2,{'train': 2},2,0,
20766,2,{'train': 2},2,0,
20768,2,{'train': 2},2,0,
20765,1,{'train': 1},1,0,
20767,1,{'train': 1},1,0,
20769,1,{'train': 1},1,0,
20772,2,{'train': 2},2,0,
20771,1,{'train': 1},1,0,
20773,1,{'train': 1},1,0,
20774,1,{'train': 1},1,0,
20775,1,{'train': 1},1,0,
20776,1,{'train': 1},1,0,
20777,1,{'train': 1},1,0,
20778,1,{'train': 1},1,0,
20781,3,{'train': 3},1,2,DUPLICATE_NEAR
20785,4,{'train': 4},1,3,DUPLICATE_NEAR
20784,1,{'train': 1},1,0,
20789,2,{'train': 2},2,0,
20791,2,{'train': 2},2,0,
20790,1,{'train': 1},1,0,
20792,1,{'train': 1},1,0,
20793,1,{'train': 1},1,0,
20794,1,{'train': 1},1,0,
20796,2,{'train': 2},2,0,
20797,1,{'train': 1},1,0,
20800,2,{'train': 2},2,0,
20801,2,{'train': 2},2,0,
20802,1,{'train': 1},1,0,
20803,1,{'train': 1},1,0,
20804,1,{'train': 1},1,0,
20805,1,{'train': 1},1,0,
20816,4,{'train': 4},1,3,DUPLICATE_NEAR
20817,2,{'train': 2},2,0,
20809,1,{'train': 1},1,0,
20810,1,{'train': 1},1,0,
20811,1,{'train': 1},1,0,
20812,1,{'train': 1},1,0,
20813,1,{'train': 1},1,0,
20815,1,{'train': 1},1,0,
20818,1,{'train': 1},1,0,
20819,1,{'train': 1},1,0,
20821,2,{'train': 2},2,0,
20822,1,{'train': 1},1,0,
20823,1,{'train': 1},1,0,
20824,1,{'train': 1},1,0,
20825,1,{'train': 1},1,0,
20828,3,{'train': 3},1,2,DUPLICATE_NEAR
20832,3,{'train': 3},1,2,DUPLICATE_NEAR
20831,1,{'train': 1},1,0,
20833,1,{'train': 1},1,0,
20834,1,{'train': 1},1,0,
20835,1,{'train': 1},1,0,
20836,1,{'train': 1},1,0,
20840,2,{'train': 2},2,0,
20838,1,{'train': 1},1,0,
20839,1,{'train': 1},1,0,
20841,1,{'train': 1},1,0,
20842,1,{'train': 1},1,0,
20851,4,{'train': 4},1,3,DUPLICATE_NEAR
20844,1,{'train': 1},1,0,
20848,2,{'train': 2},2,0,
20846,1,{'train': 1},1,0,
20849,1,{'train': 1},1,0,
20852,1,{'train': 1},1,0,
20853,1,{'train': 1},1,0,
20854,1,{'train': 1},1,0,
20855,1,{'train': 1},1,0,
20856,1,{'train': 1},1,0,
20864,6,{'train': 6},1,5,DUPLICATE_NEAR
20859,1,{'train': 1},1,0,
20863,1,{'train': 1},1,0,
20865,1,{'train': 1},1,0,
20869,2,{'train': 2},2,0,
20867,1,{'train': 1},1,0,
20868,1,{'train': 1},1,0,
20870,1,{'train': 1},1,0,
20873,2,{'train': 2},2,0,
20872,1,{'train': 1},1,0,
20874,1,{'train': 1},1,0,
20880,2,{'train': 2},2,0,
20883,4,{'train': 4},1,3,DUPLICATE_NEAR
20877,1,{'train': 1},1,0,
20884,2,{'train': 2},2,0,
20882,1,{'train': 1},1,0,
20885,1,{'train': 1},1,0,
20886,1,{'train': 1},1,0,
20887,1,{'train': 1},1,0,
20888,1,{'train': 1},1,0,
20889,1,{'train': 1},1,0,
20893,5,{'train': 5},1,4,DUPLICATE_NEAR
20895,1,{'train': 1},1,0,
20898,3,{'train': 3},1,2,DUPLICATE_NEAR
20899,1,{'train': 1},1,0,
20900,1,{'train': 1},1,0,
20901,1,{'train': 1},1,0,
20902,1,{'train': 1},1,0,
20909,2,{'train': 2},2,0,
20908,4,{'train': 4},1,3,DUPLICATE_NEAR
20905,1,{'train': 1},1,0,
20910,1,{'train': 1},1,0,
20911,1,{'train': 1},1,0,
20921,6,{'train': 6},1,5,DUPLICATE_NEAR
20914,1,{'train': 1},1,0,
20915,1,{'train': 1},1,0,
20918,1,{'train': 1},1,0,
20919,1,{'train': 1},1,0,
20920,1,{'train': 1},1,0,
20922,1,{'train': 1},1,0,
20924,1,{'train': 1},1,0,
20925,1,{'train': 1},1,0,
20928,3,{'train': 3},1,2,DUPLICATE_NEAR
20927,1,{'train': 1},1,0,
20930,1,{'train': 1},1,0,
20931,1,{'train': 1},1,0,
20936,3,{'train': 3},1,2,DUPLICATE_NEAR
20933,1,{'train': 1},1,0,
20934,1,{'train': 1},1,0,
20937,1,{'train': 1},1,0,
20938,1,{'train': 1},1,0,
20939,1,{'train': 1},1,0,
20940,1,{'train': 1},1,0,
20944,3,{'train': 3},1,2,DUPLICATE_NEAR
20942,1,{'train': 1},1,0,
20945,1,{'train': 1},1,0,
20946,1,{'train': 1},1,0,
20947,1,{'train': 1},1,0,
20948,1,{'train': 1},1,0,
20951,3,{'train': 3},1,2,DUPLICATE_NEAR
20952,1,{'train': 1},1,0,
20953,1,{'train': 1},1,0,
20954,1,{'train': 1},1,0,
20959,5,{'train': 5},1,4,DUPLICATE_NEAR
20957,1,{'train': 1},1,0,
20967,4,{'train': 4},1,3,DUPLICATE_NEAR
20962,1,{'train': 1},1,0,
20964,1,{'train': 1},1,0,
20965,1,{'train': 1},1,0,
20968,1,{'train': 1},1,0,
20969,1,{'train': 1},1,0,
20970,1,{'train': 1},1,0,
20971,1,{'train': 1},1,0,
20972,1,{'train': 1},1,0,
20973,1,{'train': 1},1,0,
20974,1,{'train': 1},1,0,
20980,5,{'train': 5},1,4,DUPLICATE_NEAR
20981,2,{'train': 2},2,0,
20982,1,{'train': 1},1,0,
20983,1,{'train': 1},1,0,
20984,1,{'train': 1},1,0,
20989,3,{'train': 3},1,2,DUPLICATE_NEAR
20986,1,{'train': 1},1,0,
20987,1,{'train': 1},1,0,
20994,4,{'train': 4},1,3,DUPLICATE_NEAR
20992,1,{'train': 1},1,0,
20995,1,{'train': 1},1,0,
20996,1,{'train': 1},1,0,
21000,3,{'train': 3},1,2,DUPLICATE_NEAR
20999,1,{'train': 1},1,0,
21001,1,{'train': 1},1,0,
21005,3,{'train': 3},1,2,DUPLICATE_NEAR
21003,1,{'train': 1},1,0,
21006,1,{'train': 1},1,0,
21007,1,{'train': 1},1,0,
21008,1,{'train': 1},1,0,
21014,2,{'train': 2},2,0,
21010,1,{'train': 1},1,0,
21011,1,{'train': 1},1,0,
21012,1,{'train': 1},1,0,
21013,1,{'train': 1},1,0,
21015,1,{'train': 1},1,0,
21016,1,{'train': 1},1,0,
21018,2,{'train': 2},2,0,
21019,1,{'train': 1},1,0,
21020,1,{'train': 1},1,0,
21025,2,{'train': 2},2,0,
21022,1,{'train': 1},1,0,
21024,2,{'train': 2},2,0,
21026,1,{'train': 1},1,0,
21027,1,{'train': 1},1,0,
21030,3,{'train': 3},1,2,DUPLICATE_NEAR
21031,1,{'train': 1},1,0,
21037,3,{'train': 3},1,2,DUPLICATE_NEAR
21033,1,{'train': 1},1,0,
21035,1,{'train': 1},1,0,
21036,1,{'train': 1},1,0,
21041,3,{'train': 3},1,2,DUPLICATE_NEAR
21040,1,{'train': 1},1,0,
21045,3,{'train': 3},1,2,DUPLICATE_NEAR
21044,1,{'train': 1},1,0,
21046,1,{'train': 1},1,0,
21047,1,{'train': 1},1,0,
21048,1,{'train': 1},1,0,
21049,1,{'train': 1},1,0,
21052,3,{'train': 3},1,2,DUPLICATE_NEAR
21058,3,{'train': 3},1,2,DUPLICATE_NEAR
21055,1,{'train': 1},1,0,
21056,1,{'train': 1},1,0,
21057,1,{'train': 1},1,0,
21064,3,{'train': 3},1,2,DUPLICATE_NEAR
21060,1,{'train': 1},1,0,
21062,1,{'train': 1},1,0,
21063,1,{'train': 1},1,0,
21065,1,{'train': 1},1,0,
21071,2,{'train': 2},2,0,
21069,3,{'train': 3},1,2,DUPLICATE_NEAR
21070,1,{'train': 1},1,0,
21072,1,{'train': 1},1,0,
21076,2,{'train': 2},2,0,
21074,1,{'train': 1},1,0,
21075,1,{'train': 1},1,0,
21080,3,{'train': 3},1,2,DUPLICATE_NEAR
21079,1,{'train': 1},1,0,
21081,1,{'train': 1},1,0,
21082,1,{'train': 1},1,0,
21086,2,{'train': 2},2,0,
21084,1,{'train': 1},1,0,
21085,1,{'train': 1},1,0,
21087,1,{'train': 1},1,0,
21088,1,{'train': 1},1,0,
23008,5,{'train': 5},1,4,DUPLICATE_NEAR
21092,1,{'train': 1},1,0,
21093,1,{'train': 1},1,0,
21094,1,{'train': 1},1,0,
21095,1,{'train': 1},1,0,
21096,1,{'train': 1},1,0,
21097,1,{'train': 1},1,0,
21099,2,{'train': 2},2,0,
21100,1,{'train': 1},1,0,
21101,1,{'train': 1},1,0,
21102,1,{'train': 1},1,0,
21103,1,{'train': 1},1,0,
21105,2,{'train': 2},2,0,
21106,1,{'train': 1},1,0,
21109,2,{'train': 2},2,0,
21111,2,{'train': 2},2,0,
21112,2,{'train': 2},2,0,
21113,1,{'train': 1},1,0,
21116,3,{'train': 3},1,2,DUPLICATE_NEAR
21122,5,{'train': 5},1,4,DUPLICATE_NEAR
21120,1,{'train': 1},1,0,
21123,1,{'train': 1},1,0,
21124,1,{'train': 1},1,0,
21125,1,{'train': 1},1,0,
21126,1,{'train': 1},1,0,
21131,2,{'train': 2},2,0,
21128,1,{'train': 1},1,0,
21129,1,{'train': 1},1,0,
21132,2,{'train': 2},2,0,
21133,1,{'train': 1},1,0,
21138,3,{'train': 3},1,2,DUPLICATE_NEAR
21136,1,{'train': 1},1,0,
21137,1,{'train': 1},1,0,
21139,1,{'train': 1},1,0,
21144,4,{'train': 4},1,3,DUPLICATE_NEAR
21142,1,{'train': 1},1,0,
21145,1,{'train': 1},1,0,
21149,3,{'train': 3},1,2,DUPLICATE_NEAR
21147,1,{'train': 1},1,0,
21148,1,{'train': 1},1,0,
21153,3,{'train': 3},1,2,DUPLICATE_NEAR
21154,1,{'train': 1},1,0,
21155,1,{'train': 1},1,0,
21156,1,{'train': 1},1,0,
21157,1,{'train': 1},1,0,
21158,1,{'train': 1},1,0,
21159,1,{'train': 1},1,0,
21163,3,{'train': 3},1,2,DUPLICATE_NEAR
21161,1,{'train': 1},1,0,
21164,1,{'train': 1},1,0,
21165,1,{'train': 1},1,0,
21166,1,{'train': 1},1,0,
21167,1,{'train': 1},1,0,
21171,2,{'train': 2},2,0,
21173,2,{'train': 2},2,0,
21170,1,{'train': 1},1,0,
21172,1,{'train': 1},1,0,
21177,3,{'train': 3},1,2,DUPLICATE_NEAR
21175,1,{'train': 1},1,0,
21176,1,{'train': 1},1,0,
21183,2,{'train': 2},2,0,
21180,1,{'train': 1},1,0,
21181,1,{'train': 1},1,0,
21182,1,{'train': 1},1,0,
21184,1,{'train': 1},1,0,
21187,2,{'train': 2},2,0,
21186,1,{'train': 1},1,0,
21189,2,{'train': 2},2,0,
21190,1,{'train': 1},1,0,
21191,1,{'train': 1},1,0,
21192,1,{'train': 1},1,0,
21195,3,{'train': 3},1,2,DUPLICATE_NEAR
21196,1,{'train': 1},1,0,
21202,3,{'train': 3},1,2,DUPLICATE_NEAR
21198,1,{'train': 1},1,0,
21199,1,{'train': 1},1,0,
21201,1,{'train': 1},1,0,
21207,5,{'train': 5},1,4,DUPLICATE_NEAR
21208,1,{'train': 1},1,0,
21209,1,{'train': 1},1,0,
21212,3,{'train': 3},1,2,DUPLICATE_NEAR
21213,1,{'train': 1},1,0,
21214,1,{'train': 1},1,0,
21217,3,{'train': 3},1,2,DUPLICATE_NEAR
21218,1,{'train': 1},1,0,
21222,3,{'train': 3},1,2,DUPLICATE_NEAR
21220,1,{'train': 1},1,0,
21223,1,{'train': 1},1,0,
21224,1,{'train': 1},1,0,
21225,1,{'train': 1},1,0,
42705,2,"{'train': 1, 'val': 1}",1,1,CROSS_SPLIT_NEARDUP_LEAKAGE
21227,1,{'train': 1},1,0,
21231,5,{'train': 5},1,4,DUPLICATE_NEAR
21236,2,{'train': 2},2,0,
21235,2,{'train': 2},2,0,
21237,1,{'train': 1},1,0,
21239,2,{'train': 2},2,0,
21240,1,{'train': 1},1,0,
21241,1,{'train': 1},1,0,
21242,1,{'train': 1},1,0,
21243,1,{'train': 1},1,0,
21244,1,{'train': 1},1,0,
21248,4,{'train': 4},1,3,DUPLICATE_NEAR
21249,1,{'train': 1},1,0,
21252,2,{'train': 2},2,0,
22631,7,{'train': 7},1,6,DUPLICATE_NEAR
23616,2,{'train': 2},2,0,
21258,2,{'train': 2},2,0,
21256,1,{'train': 1},1,0,
21257,1,{'train': 1},1,0,
21259,1,{'train': 1},1,0,
21260,1,{'train': 1},1,0,
21261,1,{'train': 1},1,0,
21264,3,{'train': 3},1,2,DUPLICATE_NEAR
21265,1,{'train': 1},1,0,
21268,1,{'train': 1},1,0,
21273,2,{'train': 2},2,0,
21274,2,{'train': 2},2,0,
21272,1,{'train': 1},1,0,
21275,1,{'train': 1},1,0,
21280,3,{'train': 3},1,2,DUPLICATE_NEAR
21277,1,{'train': 1},1,0,
21279,1,{'train': 1},1,0,
21281,1,{'train': 1},1,0,
21284,2,{'train': 2},2,0,
21283,1,{'train': 1},1,0,
21286,2,{'train': 2},2,0,
21288,2,{'train': 2},2,0,
21290,2,{'train': 2},2,0,
21291,1,{'train': 1},1,0,
21292,1,{'train': 1},1,0,
21295,2,{'train': 2},2,0,
21296,2,{'train': 2},2,0,
21297,1,{'train': 1},1,0,
21298,1,{'train': 1},1,0,
21299,1,{'train': 1},1,0,
21300,1,{'train': 1},1,0,
21302,2,{'train': 2},2,0,
21304,2,{'train': 2},2,0,
21308,2,{'train': 2},2,0,
21306,1,{'train': 1},1,0,
21307,1,{'train': 1},1,0,
21309,1,{'train': 1},1,0,
21310,1,{'train': 1},1,0,
21311,1,{'train': 1},1,0,
21313,2,{'train': 2},2,0,
21314,1,{'train': 1},1,0,
21315,1,{'train': 1},1,0,
21316,1,{'train': 1},1,0,
21317,1,{'train': 1},1,0,
21321,3,{'train': 3},1,2,DUPLICATE_NEAR
21320,1,{'train': 1},1,0,
21322,1,{'train': 1},1,0,
21324,4,{'train': 4},1,3,DUPLICATE_NEAR
21325,1,{'train': 1},1,0,
21328,1,{'train': 1},1,0,
21332,3,{'train': 3},1,2,DUPLICATE_NEAR
21330,1,{'train': 1},1,0,
21331,1,{'train': 1},1,0,
21335,1,{'train': 1},1,0,
21339,3,{'train': 3},1,2,DUPLICATE_NEAR
21337,1,{'train': 1},1,0,
21342,3,{'train': 3},1,2,DUPLICATE_NEAR
21343,1,{'train': 1},1,0,
21344,1,{'train': 1},1,0,
21345,1,{'train': 1},1,0,
21346,1,{'train': 1},1,0,
21347,1,{'train': 1},1,0,
21352,2,{'train': 2},2,0,
21349,1,{'train': 1},1,0,
21350,1,{'train': 1},1,0,
21351,1,{'train': 1},1,0,
21353,1,{'train': 1},1,0,
21356,3,{'train': 3},1,2,DUPLICATE_NEAR
21355,1,{'train': 1},1,0,
21361,3,{'train': 3},1,2,DUPLICATE_NEAR
21360,1,{'train': 1},1,0,
21362,1,{'train': 1},1,0,
21365,3,{'train': 3},1,2,DUPLICATE_NEAR
21366,1,{'train': 1},1,0,
21367,1,{'train': 1},1,0,
21368,1,{'train': 1},1,0,
21374,5,{'train': 5},1,4,DUPLICATE_NEAR
21370,1,{'train': 1},1,0,
21379,3,{'train': 3},1,2,DUPLICATE_NEAR
21377,2,{'train': 2},2,0,
21380,1,{'train': 1},1,0,
21382,3,{'train': 3},1,2,DUPLICATE_NEAR
21384,1,{'train': 1},1,0,
21385,1,{'train': 1},1,0,
21390,3,{'train': 3},1,2,DUPLICATE_NEAR
21387,1,{'train': 1},1,0,
21389,1,{'train': 1},1,0,
21395,3,{'train': 3},1,2,DUPLICATE_NEAR
21392,1,{'train': 1},1,0,
21393,1,{'train': 1},1,0,
21396,1,{'train': 1},1,0,
21397,1,{'train': 1},1,0,
21398,1,{'train': 1},1,0,
21401,2,{'train': 2},2,0,
21400,1,{'train': 1},1,0,
21403,2,{'train': 2},2,0,
21404,1,{'train': 1},1,0,
21405,1,{'train': 1},1,0,
21409,3,{'train': 3},1,2,DUPLICATE_NEAR
21408,1,{'train': 1},1,0,
21411,2,{'train': 2},2,0,
21412,1,{'train': 1},1,0,
21413,1,{'train': 1},1,0,
21414,1,{'train': 1},1,0,
21417,3,{'train': 3},1,2,DUPLICATE_NEAR
21416,1,{'train': 1},1,0,
21419,1,{'train': 1},1,0,
21420,1,{'train': 1},1,0,
21424,3,{'train': 3},1,2,DUPLICATE_NEAR
21423,1,{'train': 1},1,0,
21425,1,{'train': 1},1,0,
21428,2,{'train': 2},2,0,
21427,1,{'train': 1},1,0,
21429,1,{'train': 1},1,0,
21430,1,{'train': 1},1,0,
21431,1,{'train': 1},1,0,
21432,1,{'train': 1},1,0,
21435,2,{'train': 2},2,0,
21434,1,{'train': 1},1,0,
21436,1,{'train': 1},1,0,
21437,1,{'train': 1},1,0,
21440,2,{'train': 2},2,0,
21441,2,{'train': 2},2,0,
21446,4,{'train': 4},1,3,DUPLICATE_NEAR
21445,1,{'train': 1},1,0,
21447,1,{'train': 1},1,0,
21449,1,{'train': 1},1,0,
21452,1,{'train': 1},1,0,
21454,3,{'train': 3},1,2,DUPLICATE_NEAR
21461,4,{'train': 4},1,3,DUPLICATE_NEAR
21457,1,{'train': 1},1,0,
21458,1,{'train': 1},1,0,
21465,2,{'train': 2},2,0,
21464,2,{'train': 2},2,0,
21466,1,{'train': 1},1,0,
21467,1,{'train': 1},1,0,
21468,1,{'train': 1},1,0,
21469,1,{'train': 1},1,0,
21473,2,{'train': 2},2,0,
21471,1,{'train': 1},1,0,
21472,1,{'train': 1},1,0,
21474,1,{'train': 1},1,0,
21475,1,{'train': 1},1,0,
21477,2,{'train': 2},2,0,
21478,1,{'train': 1},1,0,
21482,2,{'train': 2},2,0,
21480,1,{'train': 1},1,0,
21481,1,{'train': 1},1,0,
21483,1,{'train': 1},1,0,
21484,1,{'train': 1},1,0,
34044,81,"{'train': 61, 'val': 7, 'test': 13}",1,80,CROSS_SPLIT_NEARDUP_LEAKAGE;DUPLICATE_NEAR
21486,3,"{'train': 2, 'test': 1}",2,1,CROSS_SPLIT_NEARDUP_LEAKAGE
21487,1,{'train': 1},1,0,
21488,1,{'train': 1},1,0,
21489,1,{'train': 1},1,0,
21490,1,{'train': 1},1,0,
21492,2,{'train': 2},2,0,
21493,1,{'train': 1},1,0,
42862,2,"{'train': 1, 'val': 1}",1,1,CROSS_SPLIT_NEARDUP_LEAKAGE
21495,1,{'train': 1},1,0,
21496,1,{'train': 1},1,0,
24222,2,{'train': 2},2,0,
21498,1,{'train': 1},1,0,
21499,1,{'train': 1},1,0,
21500,1,{'train': 1},1,0,
21502,2,{'train': 2},2,0,
21503,1,{'train': 1},1,0,
21504,1,{'train': 1},1,0,
21505,1,{'train': 1},1,0,
21506,1,{'train': 1},1,0,
21507,1,{'train': 1},1,0,
21512,4,{'train': 4},1,3,DUPLICATE_NEAR
21511,1,{'train': 1},1,0,
21513,1,{'train': 1},1,0,
21515,2,{'train': 2},2,0,
21516,1,{'train': 1},1,0,
21517,1,{'train': 1},1,0,
21520,3,{'train': 3},1,2,DUPLICATE_NEAR
21521,1,{'train': 1},1,0,
21522,1,{'train': 1},1,0,
21523,1,{'train': 1},1,0,
21524,1,{'train': 1},1,0,
21525,1,{'train': 1},1,0,
21530,2,{'train': 2},2,0,
21527,1,{'train': 1},1,0,
21529,2,{'train': 2},2,0,
21531,1,{'train': 1},1,0,
21533,1,{'train': 1},1,0,
21536,3,{'train': 3},1,2,DUPLICATE_NEAR
21537,1,{'train': 1},1,0,
21538,1,{'train': 1},1,0,
21539,1,{'train': 1},1,0,
21542,3,{'train': 3},1,2,DUPLICATE_NEAR
21544,2,{'train': 2},2,0,
21546,2,{'train': 2},2,0,
21547,1,{'train': 1},1,0,
21551,3,{'train': 3},1,2,DUPLICATE_NEAR
21550,1,{'train': 1},1,0,
21552,1,{'train': 1},1,0,
21558,2,{'train': 2},2,0,
21554,1,{'train': 1},1,0,
21555,1,{'train': 1},1,0,
21556,1,{'train': 1},1,0,
21557,1,{'train': 1},1,0,
21564,2,{'train': 2},2,0,
21560,1,{'train': 1},1,0,
21561,1,{'train': 1},1,0,
21562,1,{'train': 1},1,0,
21563,1,{'train': 1},1,0,
21569,2,{'train': 2},2,0,
21568,2,{'train': 2},2,0,
21567,1,{'train': 1},1,0,
21570,1,{'train': 1},1,0,
21571,1,{'train': 1},1,0,
21572,1,{'train': 1},1,0,
21576,2,{'train': 2},2,0,
21574,1,{'train': 1},1,0,
21575,1,{'train': 1},1,0,
21577,1,{'train': 1},1,0,
21578,1,{'train': 1},1,0,
21579,1,{'train': 1},1,0,
21580,1,{'train': 1},1,0,
21582,2,{'train': 2},2,0,
21584,5,{'train': 5},1,4,DUPLICATE_NEAR
21586,2,{'train': 2},2,0,
21587,1,{'train': 1},1,0,
21588,1,{'train': 1},1,0,
21589,1,{'train': 1},1,0,
21590,1,{'train': 1},1,0,
21592,2,{'train': 2},2,0,
21593,1,{'train': 1},1,0,
21594,1,{'train': 1},1,0,
21595,1,{'train': 1},1,0,
21596,1,{'train': 1},1,0,
21597,1,{'train': 1},1,0,
21601,2,{'train': 2},2,0,
21599,1,{'train': 1},1,0,
21600,1,{'train': 1},1,0,
21602,1,{'train': 1},1,0,
21604,2,{'train': 2},2,0,
21607,2,{'train': 2},2,0,
21606,1,{'train': 1},1,0,
21612,2,{'train': 2},2,0,
21611,2,{'train': 2},2,0,
21610,1,{'train': 1},1,0,
21613,1,{'train': 1},1,0,
21614,1,{'train': 1},1,0,
21617,2,{'train': 2},2,0,
21616,1,{'train': 1},1,0,
21619,2,{'train': 2},2,0,
21622,3,{'train': 3},1,2,DUPLICATE_NEAR
21623,1,{'train': 1},1,0,
21624,1,{'train': 1},1,0,
21626,2,{'train': 2},2,0,
21628,2,{'train': 2},2,0,
21629,1,{'train': 1},1,0,
21630,1,{'train': 1},1,0,
21633,2,{'train': 2},2,0,
21632,1,{'train': 1},1,0,
21635,2,{'train': 2},2,0,
21636,1,{'train': 1},1,0,
21641,1,{'train': 1},1,0,
21646,4,{'train': 4},1,3,DUPLICATE_NEAR
21645,1,{'train': 1},1,0,
21647,1,{'train': 1},1,0,
21650,2,{'train': 2},2,0,
21649,1,{'train': 1},1,0,
21651,1,{'train': 1},1,0,
21655,2,{'train': 2},2,0,
21653,1,{'train': 1},1,0,
21654,1,{'train': 1},1,0,
21658,2,{'train': 2},2,0,
21657,1,{'train': 1},1,0,
21659,1,{'train': 1},1,0,
21661,2,{'train': 2},2,0,
21662,1,{'train': 1},1,0,
21663,1,{'train': 1},1,0,
21664,1,{'train': 1},1,0,
21665,1,{'train': 1},1,0,
21666,1,{'train': 1},1,0,
21667,1,{'train': 1},1,0,
21668,1,{'train': 1},1,0,
21669,1,{'train': 1},1,0,
21674,3,{'train': 3},1,2,DUPLICATE_NEAR
21671,1,{'train': 1},1,0,
21673,1,{'train': 1},1,0,
21676,2,{'train': 2},2,0,
21678,2,{'train': 2},2,0,
21679,1,{'train': 1},1,0,
21680,1,{'train': 1},1,0,
21684,2,{'train': 2},2,0,
21682,1,{'train': 1},1,0,
21683,1,{'train': 1},1,0,
21687,2,{'train': 2},2,0,
21688,2,{'train': 2},2,0,
21689,1,{'train': 1},1,0,
21690,1,{'train': 1},1,0,
21692,2,{'train': 2},2,0,
21695,3,{'train': 3},1,2,DUPLICATE_NEAR
21700,4,{'train': 4},1,3,DUPLICATE_NEAR
21697,1,{'train': 1},1,0,
21701,1,{'train': 1},1,0,
21702,1,{'train': 1},1,0,
21707,3,{'train': 3},1,2,DUPLICATE_NEAR
21705,1,{'train': 1},1,0,
21706,1,{'train': 1},1,0,
21708,1,{'train': 1},1,0,
42898,3,"{'train': 1, 'val': 2}",2,1,CROSS_SPLIT_NEARDUP_LEAKAGE
21715,3,{'train': 3},1,2,DUPLICATE_NEAR
21711,1,{'train': 1},1,0,
21712,1,{'train': 1},1,0,
21713,1,{'train': 1},1,0,
21719,4,{'train': 4},1,3,DUPLICATE_NEAR
21720,1,{'train': 1},1,0,
21725,4,{'train': 4},1,3,DUPLICATE_NEAR
21724,1,{'train': 1},1,0,
21726,1,{'train': 1},1,0,
21727,1,{'train': 1},1,0,
21732,3,{'train': 3},1,2,DUPLICATE_NEAR
21729,1,{'train': 1},1,0,
21731,1,{'train': 1},1,0,
21736,3,{'train': 3},1,2,DUPLICATE_NEAR
21734,1,{'train': 1},1,0,
21740,3,{'train': 3},1,2,DUPLICATE_NEAR
21739,1,{'train': 1},1,0,
21741,1,{'train': 1},1,0,
21747,3,{'train': 3},1,2,DUPLICATE_NEAR
21743,1,{'train': 1},1,0,
21744,1,{'train': 1},1,0,
21746,1,{'train': 1},1,0,
21752,4,{'train': 4},1,3,DUPLICATE_NEAR
21749,1,{'train': 1},1,0,
21753,1,{'train': 1},1,0,
21757,3,{'train': 3},1,2,DUPLICATE_NEAR
21755,1,{'train': 1},1,0,
21758,1,{'train': 1},1,0,
21759,1,{'train': 1},1,0,
21760,1,{'train': 1},1,0,
21762,2,{'train': 2},2,0,
21766,5,"{'train': 4, 'test': 1}",1,4,CROSS_SPLIT_NEARDUP_LEAKAGE;DUPLICATE_NEAR
21767,1,{'train': 1},1,0,
21768,1,{'train': 1},1,0,
21772,4,{'train': 4},1,3,DUPLICATE_NEAR
21773,1,{'train': 1},1,0,
21776,3,{'train': 3},1,2,DUPLICATE_NEAR
21777,1,{'train': 1},1,0,
21779,2,{'train': 2},2,0,
21785,5,{'train': 5},1,4,DUPLICATE_NEAR
21782,1,{'train': 1},1,0,
21786,1,{'train': 1},1,0,
21792,4,{'train': 4},1,3,DUPLICATE_NEAR
21789,1,{'train': 1},1,0,
21791,1,{'train': 1},1,0,
21793,1,{'train': 1},1,0,
21794,1,{'train': 1},1,0,
21795,1,{'train': 1},1,0,
21799,3,{'train': 3},1,2,DUPLICATE_NEAR
21797,1,{'train': 1},1,0,
21800,1,{'train': 1},1,0,
21801,1,{'train': 1},1,0,
21805,3,{'train': 3},1,2,DUPLICATE_NEAR
21804,1,{'train': 1},1,0,
21806,1,{'train': 1},1,0,
21807,1,{'train': 1},1,0,
21811,2,{'train': 2},2,0,
21809,1,{'train': 1},1,0,
21810,1,{'train': 1},1,0,
21812,1,{'train': 1},1,0,
21813,1,{'train': 1},1,0,
21816,2,{'train': 2},2,0,
21818,2,{'train': 2},2,0,
21817,1,{'train': 1},1,0,
21821,2,{'train': 2},2,0,
21823,2,{'train': 2},2,0,
21822,1,{'train': 1},1,0,
21829,4,{'train': 4},1,3,DUPLICATE_NEAR
21825,1,{'train': 1},1,0,
21827,1,{'train': 1},1,0,
21830,1,{'train': 1},1,0,
21834,3,{'train': 3},1,2,DUPLICATE_NEAR
21833,1,{'train': 1},1,0,
21835,1,{'train': 1},1,0,
21836,1,{'train': 1},1,0,
21837,1,{'train': 1},1,0,
21841,2,{'train': 2},2,0,
21839,1,{'train': 1},1,0,
21840,1,{'train': 1},1,0,
21842,1,{'train': 1},1,0,
21843,1,{'train': 1},1,0,
21851,7,"{'train': 6, 'test': 1}",1,6,CROSS_SPLIT_NEARDUP_LEAKAGE;DUPLICATE_NEAR
21852,2,{'train': 2},2,0,
21854,1,{'train': 1},1,0,
21855,1,{'train': 1},1,0,
21856,1,{'train': 1},1,0,
21857,1,{'train': 1},1,0,
21859,1,{'train': 1},1,0,
21860,1,{'train': 1},1,0,
21861,1,{'train': 1},1,0,
21862,1,{'train': 1},1,0,
21863,1,{'train': 1},1,0,
21864,1,{'train': 1},1,0,
21865,1,{'train': 1},1,0,
21866,1,{'train': 1},1,0,
21868,3,{'train': 3},1,2,DUPLICATE_NEAR
21870,1,{'train': 1},1,0,
21871,1,{'train': 1},1,0,
21872,1,{'train': 1},1,0,
21877,4,{'train': 4},1,3,DUPLICATE_NEAR
21876,1,{'train': 1},1,0,
21878,1,{'train': 1},1,0,
21881,3,{'train': 3},1,2,DUPLICATE_NEAR
21883,2,{'train': 2},2,0,
21885,2,{'train': 2},2,0,
21889,2,{'train': 2},2,0,
21887,1,{'train': 1},1,0,
21888,1,{'train': 1},1,0,
21890,1,{'train': 1},1,0,
21893,3,{'train': 3},1,2,DUPLICATE_NEAR
21894,1,{'train': 1},1,0,
21896,2,{'train': 2},2,0,
21901,2,{'train': 2},2,0,
21898,1,{'train': 1},1,0,
21899,1,{'train': 1},1,0,
21900,1,{'train': 1},1,0,
21904,3,{'train': 3},1,2,DUPLICATE_NEAR
21905,1,{'train': 1},1,0,
21906,1,{'train': 1},1,0,
21907,1,{'train': 1},1,0,
21908,1,{'train': 1},1,0,
21911,2,{'train': 2},2,0,
21910,1,{'train': 1},1,0,
21912,1,{'train': 1},1,0,
21913,1,{'train': 1},1,0,
21914,1,{'train': 1},1,0,
21917,3,{'train': 3},1,2,DUPLICATE_NEAR
21922,3,{'train': 3},1,2,DUPLICATE_NEAR
21920,1,{'train': 1},1,0,
21921,1,{'train': 1},1,0,
21923,1,{'train': 1},1,0,
21924,1,{'train': 1},1,0,
21929,3,{'train': 3},1,2,DUPLICATE_NEAR
21927,1,{'train': 1},1,0,
21928,1,{'train': 1},1,0,
21930,1,{'train': 1},1,0,
21938,3,{'train': 3},1,2,DUPLICATE_NEAR
21932,1,{'train': 1},1,0,
21937,2,{'train': 2},2,0,
21934,1,{'train': 1},1,0,
21935,1,{'train': 1},1,0,
21939,1,{'train': 1},1,0,
21944,3,{'train': 3},1,2,DUPLICATE_NEAR
21942,1,{'train': 1},1,0,
21943,1,{'train': 1},1,0,
21945,1,{'train': 1},1,0,
21948,2,{'train': 2},2,0,
21947,1,{'train': 1},1,0,
21949,1,{'train': 1},1,0,
21950,1,{'train': 1},1,0,
21951,1,{'train': 1},1,0,
21952,1,{'train': 1},1,0,
21957,2,{'train': 2},2,0,
21954,1,{'train': 1},1,0,
21955,1,{'train': 1},1,0,
21956,1,{'train': 1},1,0,
21958,1,{'train': 1},1,0,
21959,1,{'train': 1},1,0,
21960,1,{'train': 1},1,0,
21962,1,{'train': 1},1,0,
21967,1,{'train': 1},1,0,
21968,1,{'train': 1},1,0,
21969,1,{'train': 1},1,0,
21970,1,{'train': 1},1,0,
21971,1,{'train': 1},1,0,
21972,1,{'train': 1},1,0,
21976,1,{'train': 1},1,0,
21978,1,{'train': 1},1,0,
22731,2,{'train': 2},2,0,
21983,3,{'train': 3},1,2,DUPLICATE_NEAR
21984,1,{'train': 1},1,0,
21985,1,{'train': 1},1,0,
21991,2,{'train': 2},2,0,
21995,2,{'train': 2},2,0,
21990,2,{'train': 2},2,0,
21989,1,{'train': 1},1,0,
21992,1,{'train': 1},1,0,
21993,1,{'train': 1},1,0,
21994,1,{'train': 1},1,0,
21996,1,{'train': 1},1,0,
21997,1,{'train': 1},1,0,
22002,3,{'train': 3},1,2,DUPLICATE_NEAR
21999,1,{'train': 1},1,0,
22001,1,{'train': 1},1,0,
22003,1,{'train': 1},1,0,
22008,4,{'train': 4},1,3,DUPLICATE_NEAR
22007,1,{'train': 1},1,0,
22009,1,{'train': 1},1,0,
22010,1,{'train': 1},1,0,
22014,3,{'train': 3},1,2,DUPLICATE_NEAR
22013,1,{'train': 1},1,0,
22015,1,{'train': 1},1,0,
22016,1,{'train': 1},1,0,
22017,1,{'train': 1},1,0,
22018,1,{'train': 1},1,0,
22019,1,{'train': 1},1,0,
22020,1,{'train': 1},1,0,
22025,3,{'train': 3},1,2,DUPLICATE_NEAR
22023,1,{'train': 1},1,0,
22024,1,{'train': 1},1,0,
22026,1,{'train': 1},1,0,
22027,1,{'train': 1},1,0,
22028,1,{'train': 1},1,0,
22031,2,{'train': 2},2,0,
22030,1,{'train': 1},1,0,
22034,3,{'train': 3},1,2,DUPLICATE_NEAR
22035,1,{'train': 1},1,0,
22037,1,{'train': 1},1,0,
22039,1,{'train': 1},1,0,
22045,2,{'train': 2},2,0,
22047,1,{'train': 1},1,0,
22050,2,{'train': 2},2,0,
22052,2,{'train': 2},2,0,
22051,1,{'train': 1},1,0,
22053,1,{'train': 1},1,0,
22054,1,{'train': 1},1,0,
22055,1,{'train': 1},1,0,
22056,1,{'train': 1},1,0,
22057,1,{'train': 1},1,0,
22058,1,{'train': 1},1,0,
22062,4,{'train': 4},1,3,DUPLICATE_NEAR
22067,2,{'train': 2},2,0,
22064,1,{'train': 1},1,0,
22065,1,{'train': 1},1,0,
22068,2,{'train': 2},2,0,
22069,1,{'train': 1},1,0,
22070,1,{'train': 1},1,0,
22071,1,{'train': 1},1,0,
22072,1,{'train': 1},1,0,
22073,1,{'train': 1},1,0,
22075,2,{'train': 2},2,0,
22076,1,{'train': 1},1,0,
22078,2,{'train': 2},2,0,
22081,2,{'train': 2},2,0,
22080,1,{'train': 1},1,0,
22086,4,{'train': 4},1,3,DUPLICATE_NEAR
22085,1,{'train': 1},1,0,
22089,4,{'train': 4},1,3,DUPLICATE_NEAR
22094,4,{'train': 4},1,3,DUPLICATE_NEAR
22092,1,{'train': 1},1,0,
22096,1,{'train': 1},1,0,
22102,3,{'train': 3},1,2,DUPLICATE_NEAR
22098,1,{'train': 1},1,0,
22099,1,{'train': 1},1,0,
22100,1,{'train': 1},1,0,
22105,2,{'train': 2},2,0,
22104,1,{'train': 1},1,0,
22106,1,{'train': 1},1,0,
22107,1,{'train': 1},1,0,
22108,1,{'train': 1},1,0,
22111,2,{'train': 2},2,0,
22110,1,{'train': 1},1,0,
22112,1,{'train': 1},1,0,
22113,1,{'train': 1},1,0,
22114,1,{'train': 1},1,0,
22120,2,{'train': 2},2,0,
22118,2,{'train': 2},2,0,
22117,1,{'train': 1},1,0,
22119,1,{'train': 1},1,0,
22124,3,{'train': 3},1,2,DUPLICATE_NEAR
22123,1,{'train': 1},1,0,
22125,1,{'train': 1},1,0,
22126,1,{'train': 1},1,0,
22127,1,{'train': 1},1,0,
22129,1,{'train': 1},1,0,
22130,1,{'train': 1},1,0,
22136,4,{'train': 4},1,3,DUPLICATE_NEAR
22132,1,{'train': 1},1,0,
22133,1,{'train': 1},1,0,
22137,1,{'train': 1},1,0,
22138,1,{'train': 1},1,0,
22143,4,{'train': 4},1,3,DUPLICATE_NEAR
22142,1,{'train': 1},1,0,
22144,1,{'train': 1},1,0,
22146,2,{'train': 2},2,0,
22147,1,{'train': 1},1,0,
22148,1,{'train': 1},1,0,
22149,1,{'train': 1},1,0,
22150,1,{'train': 1},1,0,
22151,1,{'train': 1},1,0,
22152,1,{'train': 1},1,0,
22153,1,{'train': 1},1,0,
22154,1,{'train': 1},1,0,
42954,4,"{'train': 3, 'val': 1}",1,3,CROSS_SPLIT_NEARDUP_LEAKAGE;DUPLICATE_NEAR
22159,2,{'train': 2},2,0,
22160,1,{'train': 1},1,0,
22161,1,{'train': 1},1,0,
22162,1,{'train': 1},1,0,
22163,1,{'train': 1},1,0,
22166,2,{'train': 2},2,0,
22168,2,{'train': 2},2,0,
22167,1,{'train': 1},1,0,
22174,3,{'train': 3},1,2,DUPLICATE_NEAR
22170,1,{'train': 1},1,0,
22171,1,{'train': 1},1,0,
22172,1,{'train': 1},1,0,
22178,2,{'train': 2},2,0,
22176,1,{'train': 1},1,0,
22180,2,{'train': 2},2,0,
22179,1,{'train': 1},1,0,
22181,1,{'train': 1},1,0,
22182,1,{'train': 1},1,0,
22187,4,{'train': 4},1,3,DUPLICATE_NEAR
22186,1,{'train': 1},1,0,
22188,1,{'train': 1},1,0,
22189,1,{'train': 1},1,0,
22190,1,{'train': 1},1,0,
22191,1,{'train': 1},1,0,
22194,3,{'train': 3},1,2,DUPLICATE_NEAR
22195,1,{'train': 1},1,0,
22204,4,{'train': 4},1,3,DUPLICATE_NEAR
22199,1,{'train': 1},1,0,
22202,2,{'train': 2},2,0,
22201,1,{'train': 1},1,0,
22203,1,{'train': 1},1,0,
22212,5,{'train': 5},1,4,DUPLICATE_NEAR
22211,2,{'train': 2},2,0,
22210,1,{'train': 1},1,0,
22217,2,{'train': 2},2,0,
22214,1,{'train': 1},1,0,
22216,2,{'train': 2},2,0,
22223,4,{'train': 4},1,3,DUPLICATE_NEAR
22219,1,{'train': 1},1,0,
22222,1,{'train': 1},1,0,
22224,1,{'train': 1},1,0,
22225,1,{'train': 1},1,0,
22226,1,{'train': 1},1,0,
22227,1,{'train': 1},1,0,
22230,3,{'train': 3},1,2,DUPLICATE_NEAR
22231,1,{'train': 1},1,0,
22232,1,{'train': 1},1,0,
22233,1,{'train': 1},1,0,
22234,1,{'train': 1},1,0,
22238,3,{'train': 3},1,2,DUPLICATE_NEAR
22237,1,{'train': 1},1,0,
22239,1,{'train': 1},1,0,
22243,3,{'train': 3},1,2,DUPLICATE_NEAR
22242,1,{'train': 1},1,0,
22244,1,{'train': 1},1,0,
22248,2,{'train': 2},2,0,
22249,2,{'train': 2},2,0,
22250,1,{'train': 1},1,0,
22251,1,{'train': 1},1,0,
22253,1,{'train': 1},1,0,
22254,1,{'train': 1},1,0,
22255,1,{'train': 1},1,0,
22256,1,{'train': 1},1,0,
22257,1,{'train': 1},1,0,
22258,1,{'train': 1},1,0,
22259,1,{'train': 1},1,0,
22262,4,{'train': 4},1,3,DUPLICATE_NEAR
22265,2,{'train': 2},2,0,
22266,1,{'train': 1},1,0,
22267,1,{'train': 1},1,0,
22268,1,{'train': 1},1,0,
48333,3,"{'train': 2, 'test': 1}",2,1,CROSS_SPLIT_NEARDUP_LEAKAGE
22270,1,{'train': 1},1,0,
22271,1,{'train': 1},1,0,
22278,3,{'train': 3},1,2,DUPLICATE_NEAR
22274,1,{'train': 1},1,0,
22275,1,{'train': 1},1,0,
22277,1,{'train': 1},1,0,
22279,1,{'train': 1},1,0,
22280,1,{'train': 1},1,0,
22284,2,{'train': 2},2,0,
22282,1,{'train': 1},1,0,
22283,1,{'train': 1},1,0,
22285,1,{'train': 1},1,0,
22286,1,{'train': 1},1,0,
22287,1,{'train': 1},1,0,
22288,1,{'train': 1},1,0,
22293,3,{'train': 3},1,2,DUPLICATE_NEAR
22290,1,{'train': 1},1,0,
22291,1,{'train': 1},1,0,
22297,2,{'train': 2},2,0,
22295,1,{'train': 1},1,0,
22298,2,{'train': 2},2,0,
22299,1,{'train': 1},1,0,
22303,4,{'train': 4},1,3,DUPLICATE_NEAR
22304,1,{'train': 1},1,0,
22305,1,{'train': 1},1,0,
22306,1,{'train': 1},1,0,
22307,1,{'train': 1},1,0,
48612,9,"{'train': 4, 'test': 5}",1,8,CROSS_SPLIT_NEARDUP_LEAKAGE;DUPLICATE_NEAR
22313,2,{'train': 2},2,0,
22314,1,{'train': 1},1,0,
22315,1,{'train': 1},1,0,
22319,3,{'train': 3},1,2,DUPLICATE_NEAR
22317,1,{'train': 1},1,0,
22322,2,{'train': 2},2,0,
22323,2,{'train': 2},2,0,
22326,3,{'train': 3},1,2,DUPLICATE_NEAR
22327,1,{'train': 1},1,0,
22328,1,{'train': 1},1,0,
22329,1,{'train': 1},1,0,
22330,1,{'train': 1},1,0,
22331,1,{'train': 1},1,0,
22335,3,{'train': 3},1,2,DUPLICATE_NEAR
22334,1,{'train': 1},1,0,
22336,1,{'train': 1},1,0,
22337,1,{'train': 1},1,0,
22340,2,{'train': 2},2,0,
22339,1,{'train': 1},1,0,
22341,1,{'train': 1},1,0,
22343,2,{'train': 2},2,0,
22347,3,{'train': 3},1,2,DUPLICATE_NEAR
22346,1,{'train': 1},1,0,
22348,1,{'train': 1},1,0,
22349,1,{'train': 1},1,0,
22350,1,{'train': 1},1,0,
22351,1,{'train': 1},1,0,
22352,1,{'train': 1},1,0,
22353,1,{'train': 1},1,0,
22356,3,{'train': 3},1,2,DUPLICATE_NEAR
22357,1,{'train': 1},1,0,
22365,6,{'train': 6},1,5,DUPLICATE_NEAR
22367,3,{'train': 3},1,2,DUPLICATE_NEAR
22363,1,{'train': 1},1,0,
22366,1,{'train': 1},1,0,
22369,1,{'train': 1},1,0,
22374,3,{'train': 3},1,2,DUPLICATE_NEAR
22372,1,{'train': 1},1,0,
22373,1,{'train': 1},1,0,
22375,1,{'train': 1},1,0,
22376,1,{'train': 1},1,0,
22380,3,{'train': 3},1,2,DUPLICATE_NEAR
22378,1,{'train': 1},1,0,
22381,1,{'train': 1},1,0,
22382,1,{'train': 1},1,0,
22383,1,{'train': 1},1,0,
22384,1,{'train': 1},1,0,
22385,1,{'train': 1},1,0,
22386,1,{'train': 1},1,0,
22387,1,{'train': 1},1,0,
22389,2,{'train': 2},2,0,
22390,1,{'train': 1},1,0,
22398,1,{'train': 1},1,0,
22399,1,{'train': 1},1,0,
22400,1,{'train': 1},1,0,
22406,3,{'train': 3},1,2,DUPLICATE_NEAR
22402,1,{'train': 1},1,0,
22404,1,{'train': 1},1,0,
22405,1,{'train': 1},1,0,
22407,1,{'train': 1},1,0,
22409,2,{'train': 2},2,0,
22410,1,{'train': 1},1,0,
22411,1,{'train': 1},1,0,
22413,3,{'train': 3},1,2,DUPLICATE_NEAR
22415,1,{'train': 1},1,0,
22416,1,{'train': 1},1,0,
22420,4,{'train': 4},1,3,DUPLICATE_NEAR
22419,1,{'train': 1},1,0,
22422,1,{'train': 1},1,0,
22425,3,{'train': 3},1,2,DUPLICATE_NEAR
22424,1,{'train': 1},1,0,
22431,4,{'train': 4},1,3,DUPLICATE_NEAR
22430,1,{'train': 1},1,0,
22432,1,{'train': 1},1,0,
22434,2,{'train': 2},2,0,
22440,2,{'train': 2},2,0,
22441,2,{'train': 2},2,0,
22439,1,{'train': 1},1,0,
22444,2,{'train': 2},2,0,
22443,1,{'train': 1},1,0,
22449,3,{'train': 3},1,2,DUPLICATE_NEAR
22446,1,{'train': 1},1,0,
22448,1,{'train': 1},1,0,
22450,1,{'train': 1},1,0,
22451,1,{'train': 1},1,0,
22452,1,{'train': 1},1,0,
22453,1,{'train': 1},1,0,
22454,1,{'train': 1},1,0,
22457,2,{'train': 2},2,0,
22456,1,{'train': 1},1,0,
22458,1,{'train': 1},1,0,
22459,1,{'train': 1},1,0,
22460,1,{'train': 1},1,0,
22463,3,{'train': 3},1,2,DUPLICATE_NEAR
22464,1,{'train': 1},1,0,
22465,1,{'train': 1},1,0,
22466,1,{'train': 1},1,0,
22467,1,{'train': 1},1,0,
22468,1,{'train': 1},1,0,
22471,2,{'train': 2},2,0,
22472,2,{'train': 2},2,0,
22474,1,{'train': 1},1,0,
22476,1,{'train': 1},1,0,
22480,2,{'train': 2},2,0,
22488,2,{'train': 2},2,0,
22489,2,{'train': 2},2,0,
22485,1,{'train': 1},1,0,
22486,1,{'train': 1},1,0,
22487,1,{'train': 1},1,0,
22493,4,{'train': 4},1,3,DUPLICATE_NEAR
22492,1,{'train': 1},1,0,
48330,2,"{'train': 1, 'test': 1}",1,1,CROSS_SPLIT_NEARDUP_LEAKAGE
22496,1,{'train': 1},1,0,
22500,2,{'train': 2},2,0,
22499,2,{'train': 2},2,0,
22501,1,{'train': 1},1,0,
22504,2,{'train': 2},2,0,
22503,1,{'train': 1},1,0,
22505,1,{'train': 1},1,0,
22506,1,{'train': 1},1,0,
22507,1,{'train': 1},1,0,
22508,1,{'train': 1},1,0,
22509,1,{'train': 1},1,0,
22510,1,{'train': 1},1,0,
22511,1,{'train': 1},1,0,
22514,3,{'train': 3},1,2,DUPLICATE_NEAR
22520,3,{'train': 3},1,2,DUPLICATE_NEAR
22516,1,{'train': 1},1,0,
22517,1,{'train': 1},1,0,
22518,1,{'train': 1},1,0,
22521,1,{'train': 1},1,0,
22522,1,{'train': 1},1,0,
22523,1,{'train': 1},1,0,
22524,1,{'train': 1},1,0,
22529,2,{'train': 2},2,0,
22526,1,{'train': 1},1,0,
22527,1,{'train': 1},1,0,
22532,2,{'train': 2},2,0,
22530,1,{'train': 1},1,0,
22531,1,{'train': 1},1,0,
22533,1,{'train': 1},1,0,
22534,1,{'train': 1},1,0,
22535,1,{'train': 1},1,0,
22536,1,{'train': 1},1,0,
22537,1,{'train': 1},1,0,
22539,1,{'train': 1},1,0,
22540,1,{'train': 1},1,0,
22542,1,{'train': 1},1,0,
22543,1,{'train': 1},1,0,
22544,1,{'train': 1},1,0,
22548,1,{'train': 1},1,0,
22552,2,{'train': 2},2,0,
22550,1,{'train': 1},1,0,
22551,1,{'train': 1},1,0,
22553,1,{'train': 1},1,0,
22554,1,{'train': 1},1,0,
22555,1,{'train': 1},1,0,
22556,1,{'train': 1},1,0,
22557,1,{'train': 1},1,0,
22558,1,{'train': 1},1,0,
22559,1,{'train': 1},1,0,
22562,2,{'train': 2},2,0,
22563,2,{'train': 2},2,0,
22567,2,{'train': 2},2,0,
22566,1,{'train': 1},1,0,
22572,3,{'train': 3},1,2,DUPLICATE_NEAR
22570,1,{'train': 1},1,0,
22571,1,{'train': 1},1,0,
22573,1,{'train': 1},1,0,
22574,1,{'train': 1},1,0,
22575,1,{'train': 1},1,0,
22576,1,{'train': 1},1,0,
22577,1,{'train': 1},1,0,
22578,1,{'train': 1},1,0,
22579,1,{'train': 1},1,0,
22580,1,{'train': 1},1,0,
22581,1,{'train': 1},1,0,
22582,1,{'train': 1},1,0,
22583,1,{'train': 1},1,0,
22584,1,{'train': 1},1,0,
22585,1,{'train': 1},1,0,
22586,1,{'train': 1},1,0,
22588,1,{'train': 1},1,0,
22589,1,{'train': 1},1,0,
22592,1,{'train': 1},1,0,
22593,1,{'train': 1},1,0,
22594,1,{'train': 1},1,0,
22595,1,{'train': 1},1,0,
22599,2,{'train': 2},2,0,
22597,1,{'train': 1},1,0,
22598,1,{'train': 1},1,0,
22600,1,{'train': 1},1,0,
22601,1,{'train': 1},1,0,
43022,3,"{'train': 1, 'val': 2}",2,1,CROSS_SPLIT_NEARDUP_LEAKAGE
22604,1,{'train': 1},1,0,
22605,1,{'train': 1},1,0,
48375,2,"{'train': 1, 'test': 1}",1,1,CROSS_SPLIT_NEARDUP_LEAKAGE
22607,1,{'train': 1},1,0,
22609,2,{'train': 2},2,0,
48374,2,"{'train': 1, 'test': 1}",1,1,CROSS_SPLIT_NEARDUP_LEAKAGE
22611,1,{'train': 1},1,0,
22612,1,{'train': 1},1,0,
22613,1,{'train': 1},1,0,
22614,1,{'train': 1},1,0,
22615,1,{'train': 1},1,0,
22616,1,{'train': 1},1,0,
22617,1,{'train': 1},1,0,
22618,1,{'train': 1},1,0,
22619,1,{'train': 1},1,0,
22620,1,{'train': 1},1,0,
22621,1,{'train': 1},1,0,
22622,1,{'train': 1},1,0,
22623,1,{'train': 1},1,0,
22627,3,{'train': 3},1,2,DUPLICATE_NEAR
22629,1,{'train': 1},1,0,
22633,2,{'train': 2},2,0,
22634,1,{'train': 1},1,0,
22636,2,{'train': 2},2,0,
22637,1,{'train': 1},1,0,
22638,1,{'train': 1},1,0,
22640,1,{'train': 1},1,0,
22642,2,{'train': 2},2,0,
22644,1,{'train': 1},1,0,
22652,2,{'train': 2},2,0,
22651,2,{'train': 2},2,0,
22653,1,{'train': 1},1,0,
23990,4,{'train': 4},1,3,DUPLICATE_NEAR
22655,1,{'train': 1},1,0,
22657,1,{'train': 1},1,0,
22659,1,{'train': 1},1,0,
22660,1,{'train': 1},1,0,
22661,1,{'train': 1},1,0,
22662,1,{'train': 1},1,0,
22664,2,{'train': 2},2,0,
22665,1,{'train': 1},1,0,
22666,1,{'train': 1},1,0,
22667,1,{'train': 1},1,0,
22671,2,{'train': 2},2,0,
22672,2,{'train': 2},2,0,
22670,1,{'train': 1},1,0,
22673,1,{'train': 1},1,0,
22679,3,{'train': 3},1,2,DUPLICATE_NEAR
22675,1,{'train': 1},1,0,
22676,1,{'train': 1},1,0,
22677,1,{'train': 1},1,0,
22680,1,{'train': 1},1,0,
22681,1,{'train': 1},1,0,
22682,1,{'train': 1},1,0,
22683,1,{'train': 1},1,0,
22684,1,{'train': 1},1,0,
22685,1,{'train': 1},1,0,
22686,1,{'train': 1},1,0,
22687,1,{'train': 1},1,0,
22688,1,{'train': 1},1,0,
22689,1,{'train': 1},1,0,
22690,1,{'train': 1},1,0,
22695,2,{'train': 2},2,0,
22692,1,{'train': 1},1,0,
22697,2,{'train': 2},2,0,
22694,1,{'train': 1},1,0,
22699,2,{'train': 2},2,0,
22698,1,{'train': 1},1,0,
22702,3,{'train': 3},1,2,DUPLICATE_NEAR
22701,1,{'train': 1},1,0,
22704,1,{'train': 1},1,0,
22705,1,{'train': 1},1,0,
22706,1,{'train': 1},1,0,
22707,1,{'train': 1},1,0,
22712,2,{'train': 2},2,0,
22711,1,{'train': 1},1,0,
22713,1,{'train': 1},1,0,
22714,1,{'train': 1},1,0,
22715,1,{'train': 1},1,0,
22716,1,{'train': 1},1,0,
22717,1,{'train': 1},1,0,
22718,1,{'train': 1},1,0,
22727,5,{'train': 5},1,4,DUPLICATE_NEAR
22720,1,{'train': 1},1,0,
22721,1,{'train': 1},1,0,
22722,1,{'train': 1},1,0,
22723,1,{'train': 1},1,0,
22734,3,{'train': 3},1,2,DUPLICATE_NEAR
22730,1,{'train': 1},1,0,
22732,1,{'train': 1},1,0,
22733,1,{'train': 1},1,0,
22735,1,{'train': 1},1,0,
22736,1,{'train': 1},1,0,
22737,1,{'train': 1},1,0,
22738,1,{'train': 1},1,0,
22739,1,{'train': 1},1,0,
22741,1,{'train': 1},1,0,
22743,1,{'train': 1},1,0,
22744,1,{'train': 1},1,0,
48261,3,"{'train': 1, 'val': 1, 'test': 1}",1,2,CROSS_SPLIT_NEARDUP_LEAKAGE
22746,1,{'train': 1},1,0,
22747,1,{'train': 1},1,0,
22748,1,{'train': 1},1,0,
22749,1,{'train': 1},1,0,
22757,5,{'train': 5},1,4,DUPLICATE_NEAR
22751,1,{'train': 1},1,0,
22752,1,{'train': 1},1,0,
22759,2,{'train': 2},2,0,
22758,1,{'train': 1},1,0,
22760,1,{'train': 1},1,0,
22761,1,{'train': 1},1,0,
22762,1,{'train': 1},1,0,
22763,1,{'train': 1},1,0,
22764,1,{'train': 1},1,0,
22769,3,{'train': 3},1,2,DUPLICATE_NEAR
22774,2,{'train': 2},2,0,
22768,1,{'train': 1},1,0,
22770,1,{'train': 1},1,0,
22771,1,{'train': 1},1,0,
22772,1,{'train': 1},1,0,
22773,1,{'train': 1},1,0,
22783,3,{'train': 3},1,2,DUPLICATE_NEAR
22776,1,{'train': 1},1,0,
22777,1,{'train': 1},1,0,
22779,1,{'train': 1},1,0,
22780,1,{'train': 1},1,0,
22781,1,{'train': 1},1,0,
22782,1,{'train': 1},1,0,
22787,2,{'train': 2},2,0,
22786,2,{'train': 2},2,0,
22788,1,{'train': 1},1,0,
22789,1,{'train': 1},1,0,
22790,1,{'train': 1},1,0,
22791,1,{'train': 1},1,0,
22792,1,{'train': 1},1,0,
22793,1,{'train': 1},1,0,
22794,1,{'train': 1},1,0,
22795,1,{'train': 1},1,0,
22796,1,{'train': 1},1,0,
22799,2,{'train': 2},2,0,
22798,1,{'train': 1},1,0,
22800,1,{'train': 1},1,0,
22806,2,{'train': 2},2,0,
22802,1,{'train': 1},1,0,
22804,1,{'train': 1},1,0,
22805,1,{'train': 1},1,0,
22807,1,{'train': 1},1,0,
22808,1,{'train': 1},1,0,
22809,1,{'train': 1},1,0,
22810,1,{'train': 1},1,0,
22814,2,{'train': 2},2,0,
22813,2,{'train': 2},2,0,
22815,1,{'train': 1},1,0,
22816,1,{'train': 1},1,0,
22818,2,{'train': 2},2,0,
22819,1,{'train': 1},1,0,
22820,1,{'train': 1},1,0,
22821,1,{'train': 1},1,0,
22822,1,{'train': 1},1,0,
22823,1,{'train': 1},1,0,
22824,1,{'train': 1},1,0,
22825,1,{'train': 1},1,0,
22837,4,{'train': 4},1,3,DUPLICATE_NEAR
22827,1,{'train': 1},1,0,
22833,3,{'train': 3},1,2,DUPLICATE_NEAR
22829,1,{'train': 1},1,0,
22830,1,{'train': 1},1,0,
22831,1,{'train': 1},1,0,
22832,1,{'train': 1},1,0,
22838,1,{'train': 1},1,0,
22839,1,{'train': 1},1,0,
22840,1,{'train': 1},1,0,
22842,2,{'train': 2},2,0,
22843,1,{'train': 1},1,0,
22844,1,{'train': 1},1,0,
22849,2,{'train': 2},2,0,
22852,3,{'train': 3},1,2,DUPLICATE_NEAR
22848,2,{'train': 2},2,0,
22851,1,{'train': 1},1,0,
22854,1,{'train': 1},1,0,
22855,1,{'train': 1},1,0,
22856,1,{'train': 1},1,0,
22857,1,{'train': 1},1,0,
22858,1,{'train': 1},1,0,
22859,1,{'train': 1},1,0,
22864,3,{'train': 3},1,2,DUPLICATE_NEAR
22861,1,{'train': 1},1,0,
22862,1,{'train': 1},1,0,
22867,2,{'train': 2},2,0,
22866,1,{'train': 1},1,0,
22868,1,{'train': 1},1,0,
22869,1,{'train': 1},1,0,
22870,1,{'train': 1},1,0,
22877,3,{'train': 3},1,2,DUPLICATE_NEAR
22872,1,{'train': 1},1,0,
22874,1,{'train': 1},1,0,
22875,1,{'train': 1},1,0,
22878,2,{'train': 2},2,0,
22881,2,{'train': 2},2,0,
22880,1,{'train': 1},1,0,
22883,2,{'train': 2},2,0,
22884,1,{'train': 1},1,0,
22885,1,{'train': 1},1,0,
22886,1,{'train': 1},1,0,
22887,1,{'train': 1},1,0,
22888,1,{'train': 1},1,0,
22889,1,{'train': 1},1,0,
22890,1,{'train': 1},1,0,
22891,1,{'train': 1},1,0,
22892,1,{'train': 1},1,0,
22893,1,{'train': 1},1,0,
22897,3,{'train': 3},1,2,DUPLICATE_NEAR
22895,1,{'train': 1},1,0,
22896,1,{'train': 1},1,0,
22899,1,{'train': 1},1,0,
22900,1,{'train': 1},1,0,
22908,2,{'train': 2},2,0,
22902,1,{'train': 1},1,0,
22903,1,{'train': 1},1,0,
22906,2,{'train': 2},2,0,
22907,2,{'train': 2},2,0,
22911,2,{'train': 2},2,0,
22910,1,{'train': 1},1,0,
22913,2,{'train': 2},2,0,
22914,1,{'train': 1},1,0,
22915,1,{'train': 1},1,0,
22916,1,{'train': 1},1,0,
22917,1,{'train': 1},1,0,
22922,3,{'train': 3},1,2,DUPLICATE_NEAR
22919,1,{'train': 1},1,0,
22921,1,{'train': 1},1,0,
22931,2,{'train': 2},2,0,
22924,1,{'train': 1},1,0,
22925,1,{'train': 1},1,0,
22926,1,{'train': 1},1,0,
22927,1,{'train': 1},1,0,
22930,2,{'train': 2},2,0,
22929,1,{'train': 1},1,0,
22932,1,{'train': 1},1,0,
22933,1,{'train': 1},1,0,
22939,2,{'train': 2},2,0,
22935,1,{'train': 1},1,0,
22936,1,{'train': 1},1,0,
22937,1,{'train': 1},1,0,
22938,1,{'train': 1},1,0,
22940,1,{'train': 1},1,0,
22941,1,{'train': 1},1,0,
22942,1,{'train': 1},1,0,
22943,1,{'train': 1},1,0,
22944,1,{'train': 1},1,0,
22951,3,{'train': 3},1,2,DUPLICATE_NEAR
22946,1,{'train': 1},1,0,
22947,1,{'train': 1},1,0,
22949,1,{'train': 1},1,0,
22950,1,{'train': 1},1,0,
22952,1,{'train': 1},1,0,
22953,1,{'train': 1},1,0,
22954,1,{'train': 1},1,0,
22955,1,{'train': 1},1,0,
22957,2,{'train': 2},2,0,
22959,2,{'train': 2},2,0,
22960,1,{'train': 1},1,0,
22961,1,{'train': 1},1,0,
22962,1,{'train': 1},1,0,
22963,1,{'train': 1},1,0,
22967,4,{'train': 4},1,3,DUPLICATE_NEAR
22968,1,{'train': 1},1,0,
22972,2,{'train': 2},2,0,
22970,1,{'train': 1},1,0,
22971,1,{'train': 1},1,0,
22973,1,{'train': 1},1,0,
22975,2,{'train': 2},2,0,
22976,1,{'train': 1},1,0,
22977,1,{'train': 1},1,0,
22978,1,{'train': 1},1,0,
22979,1,{'train': 1},1,0,
22980,1,{'train': 1},1,0,
22981,1,{'train': 1},1,0,
22982,1,{'train': 1},1,0,
22983,1,{'train': 1},1,0,
22984,1,{'train': 1},1,0,
22985,1,{'train': 1},1,0,
22986,1,{'train': 1},1,0,
22987,1,{'train': 1},1,0,
22988,1,{'train': 1},1,0,
22989,1,{'train': 1},1,0,
22991,2,{'train': 2},2,0,
22992,1,{'train': 1},1,0,
22995,2,{'train': 2},2,0,
22994,1,{'train': 1},1,0,
22996,1,{'train': 1},1,0,
22997,1,{'train': 1},1,0,
22998,1,{'train': 1},1,0,
22999,1,{'train': 1},1,0,
23000,1,{'train': 1},1,0,
23002,2,{'train': 2},2,0,
23003,1,{'train': 1},1,0,
23004,1,{'train': 1},1,0,
23006,1,{'train': 1},1,0,
23007,1,{'train': 1},1,0,
23009,1,{'train': 1},1,0,
23013,2,{'train': 2},2,0,
23011,1,{'train': 1},1,0,
23012,1,{'train': 1},1,0,
23014,1,{'train': 1},1,0,
23015,1,{'train': 1},1,0,
23016,1,{'train': 1},1,0,
23017,1,{'train': 1},1,0,
23021,2,{'train': 2},2,0,
23019,1,{'train': 1},1,0,
23020,1,{'train': 1},1,0,
23022,1,{'train': 1},1,0,
23026,3,{'train': 3},1,2,DUPLICATE_NEAR
23025,1,{'train': 1},1,0,
23027,1,{'train': 1},1,0,
23028,1,{'train': 1},1,0,
23035,3,{'train': 3},1,2,DUPLICATE_NEAR
23030,1,{'train': 1},1,0,
23031,1,{'train': 1},1,0,
23032,1,{'train': 1},1,0,
23034,1,{'train': 1},1,0,
23036,1,{'train': 1},1,0,
23037,1,{'train': 1},1,0,
23038,1,{'train': 1},1,0,
23039,1,{'train': 1},1,0,
23040,1,{'train': 1},1,0,
23041,1,{'train': 1},1,0,
23042,1,{'train': 1},1,0,
23043,1,{'train': 1},1,0,
23044,1,{'train': 1},1,0,
23046,2,{'train': 2},2,0,
23047,1,{'train': 1},1,0,
23048,1,{'train': 1},1,0,
23049,1,{'train': 1},1,0,
23050,1,{'train': 1},1,0,
23054,3,{'train': 3},1,2,DUPLICATE_NEAR
23052,1,{'train': 1},1,0,
23053,1,{'train': 1},1,0,
23056,1,{'train': 1},1,0,
23057,1,{'train': 1},1,0,
23058,1,{'train': 1},1,0,
23059,1,{'train': 1},1,0,
23060,1,{'train': 1},1,0,
23061,1,{'train': 1},1,0,
23062,1,{'train': 1},1,0,
23063,1,{'train': 1},1,0,
23064,1,{'train': 1},1,0,
23065,1,{'train': 1},1,0,
23066,1,{'train': 1},1,0,
23067,1,{'train': 1},1,0,
23068,1,{'train': 1},1,0,
23069,1,{'train': 1},1,0,
23070,1,{'train': 1},1,0,
23071,1,{'train': 1},1,0,
23076,3,{'train': 3},1,2,DUPLICATE_NEAR
23073,1,{'train': 1},1,0,
23075,1,{'train': 1},1,0,
23077,1,{'train': 1},1,0,
23078,1,{'train': 1},1,0,
23079,1,{'train': 1},1,0,
23080,1,{'train': 1},1,0,
23081,1,{'train': 1},1,0,
23082,1,{'train': 1},1,0,
23084,2,{'train': 2},2,0,
23086,1,{'train': 1},1,0,
23087,1,{'train': 1},1,0,
23088,1,{'train': 1},1,0,
23089,1,{'train': 1},1,0,
23094,2,{'train': 2},2,0,
23091,1,{'train': 1},1,0,
23092,1,{'train': 1},1,0,
23093,1,{'train': 1},1,0,
23095,1,{'train': 1},1,0,
23098,2,{'train': 2},2,0,
23097,1,{'train': 1},1,0,
23100,2,{'train': 2},2,0,
23101,1,{'train': 1},1,0,
23102,1,{'train': 1},1,0,
23103,1,{'train': 1},1,0,
23104,1,{'train': 1},1,0,
23105,1,{'train': 1},1,0,
23106,1,{'train': 1},1,0,
23107,1,{'train': 1},1,0,
23108,1,{'train': 1},1,0,
23109,1,{'train': 1},1,0,
23110,1,{'train': 1},1,0,
23111,1,{'train': 1},1,0,
23117,2,{'train': 2},2,0,
23113,1,{'train': 1},1,0,
23114,1,{'train': 1},1,0,
23115,1,{'train': 1},1,0,
23116,1,{'train': 1},1,0,
23118,1,{'train': 1},1,0,
23121,2,{'train': 2},2,0,
23120,1,{'train': 1},1,0,
23122,1,{'train': 1},1,0,
23123,1,{'train': 1},1,0,
23124,1,{'train': 1},1,0,
23125,1,{'train': 1},1,0,
23126,1,{'train': 1},1,0,
23131,3,{'train': 3},1,2,DUPLICATE_NEAR
23128,1,{'train': 1},1,0,
23130,1,{'train': 1},1,0,
23132,1,{'train': 1},1,0,
23133,1,{'train': 1},1,0,
23134,1,{'train': 1},1,0,
23135,1,{'train': 1},1,0,
23136,1,{'train': 1},1,0,
23138,1,{'train': 1},1,0,
23139,1,{'train': 1},1,0,
23140,1,{'train': 1},1,0,
23141,1,{'train': 1},1,0,
23142,1,{'train': 1},1,0,
23143,1,{'train': 1},1,0,
23144,1,{'train': 1},1,0,
23145,1,{'train': 1},1,0,
23146,1,{'train': 1},1,0,
23147,1,{'train': 1},1,0,
23148,1,{'train': 1},1,0,
23156,3,{'train': 3},1,2,DUPLICATE_NEAR
23150,1,{'train': 1},1,0,
23151,1,{'train': 1},1,0,
23158,2,{'train': 2},2,0,
23153,1,{'train': 1},1,0,
23155,1,{'train': 1},1,0,
23157,1,{'train': 1},1,0,
23159,1,{'train': 1},1,0,
23160,1,{'train': 1},1,0,
23161,1,{'train': 1},1,0,
23162,1,{'train': 1},1,0,
23163,1,{'train': 1},1,0,
23164,1,{'train': 1},1,0,
23166,2,{'train': 2},2,0,
23167,1,{'train': 1},1,0,
23168,1,{'train': 1},1,0,
23169,1,{'train': 1},1,0,
23170,1,{'train': 1},1,0,
23171,1,{'train': 1},1,0,
23172,1,{'train': 1},1,0,
23174,1,{'train': 1},1,0,
23175,1,{'train': 1},1,0,
23176,1,{'train': 1},1,0,
23178,1,{'train': 1},1,0,
23179,1,{'train': 1},1,0,
23180,1,{'train': 1},1,0,
23181,1,{'train': 1},1,0,
23182,1,{'train': 1},1,0,
23183,1,{'train': 1},1,0,
23184,1,{'train': 1},1,0,
23185,1,{'train': 1},1,0,
23186,1,{'train': 1},1,0,
23187,1,{'train': 1},1,0,
23188,1,{'train': 1},1,0,
23189,1,{'train': 1},1,0,
23193,1,{'train': 1},1,0,
23538,2,{'train': 2},2,0,
23196,1,{'train': 1},1,0,
23198,1,{'train': 1},1,0,
23199,1,{'train': 1},1,0,
23204,2,{'train': 2},2,0,
23201,1,{'train': 1},1,0,
23202,1,{'train': 1},1,0,
23205,2,{'train': 2},2,0,
23206,1,{'train': 1},1,0,
23211,3,{'train': 3},1,2,DUPLICATE_NEAR
23208,1,{'train': 1},1,0,
23209,1,{'train': 1},1,0,
23210,1,{'train': 1},1,0,
23212,1,{'train': 1},1,0,
23213,1,{'train': 1},1,0,
23218,2,{'train': 2},2,0,
23216,1,{'train': 1},1,0,
23217,1,{'train': 1},1,0,
23219,1,{'train': 1},1,0,
23220,1,{'train': 1},1,0,
23221,1,{'train': 1},1,0,
23222,1,{'train': 1},1,0,
23223,1,{'train': 1},1,0,
23225,1,{'train': 1},1,0,
23230,4,{'train': 4},1,3,DUPLICATE_NEAR
23227,1,{'train': 1},1,0,
23238,2,{'train': 2},2,0,
23235,2,{'train': 2},2,0,
23233,1,{'train': 1},1,0,
23234,1,{'train': 1},1,0,
23236,1,{'train': 1},1,0,
23237,1,{'train': 1},1,0,
23239,1,{'train': 1},1,0,
23240,1,{'train': 1},1,0,
23241,1,{'train': 1},1,0,
23242,1,{'train': 1},1,0,
23245,3,{'train': 3},1,2,DUPLICATE_NEAR
23246,1,{'train': 1},1,0,
23247,1,{'train': 1},1,0,
23248,1,{'train': 1},1,0,
23249,1,{'train': 1},1,0,
23250,1,{'train': 1},1,0,
23251,1,{'train': 1},1,0,
23252,1,{'train': 1},1,0,
23253,1,{'train': 1},1,0,
23255,2,{'train': 2},2,0,
23256,1,{'train': 1},1,0,
23260,2,{'train': 2},2,0,
23258,1,{'train': 1},1,0,
23259,1,{'train': 1},1,0,
23261,1,{'train': 1},1,0,
23262,1,{'train': 1},1,0,
23266,2,{'train': 2},2,0,
23264,1,{'train': 1},1,0,
23265,1,{'train': 1},1,0,
23267,1,{'train': 1},1,0,
23268,1,{'train': 1},1,0,
23269,1,{'train': 1},1,0,
23270,1,{'train': 1},1,0,
23272,2,{'train': 2},2,0,
23273,1,{'train': 1},1,0,
23274,1,{'train': 1},1,0,
23278,3,{'train': 3},1,2,DUPLICATE_NEAR
23276,1,{'train': 1},1,0,
23277,1,{'train': 1},1,0,
23279,1,{'train': 1},1,0,
23280,1,{'train': 1},1,0,
23630,3,{'train': 3},1,2,DUPLICATE_NEAR
23283,1,{'train': 1},1,0,
23287,2,{'train': 2},2,0,
23285,1,{'train': 1},1,0,
23286,1,{'train': 1},1,0,
23288,1,{'train': 1},1,0,
23289,1,{'train': 1},1,0,
23291,2,{'train': 2},2,0,
23293,2,{'train': 2},2,0,
23294,1,{'train': 1},1,0,
23295,1,{'train': 1},1,0,
23300,3,{'train': 3},1,2,DUPLICATE_NEAR
23297,1,{'train': 1},1,0,
23299,1,{'train': 1},1,0,
23301,1,{'train': 1},1,0,
23302,1,{'train': 1},1,0,
23303,1,{'train': 1},1,0,
23304,1,{'train': 1},1,0,
23305,1,{'train': 1},1,0,
23306,1,{'train': 1},1,0,
23307,1,{'train': 1},1,0,
23308,1,{'train': 1},1,0,
23309,1,{'train': 1},1,0,
23310,1,{'train': 1},1,0,
23311,1,{'train': 1},1,0,
23312,1,{'train': 1},1,0,
23313,1,{'train': 1},1,0,
23314,1,{'train': 1},1,0,
23315,1,{'train': 1},1,0,
23316,1,{'train': 1},1,0,
23319,2,{'train': 2},2,0,
23321,2,{'train': 2},2,0,
23320,1,{'train': 1},1,0,
23328,3,{'train': 3},1,2,DUPLICATE_NEAR
23324,1,{'train': 1},1,0,
23325,1,{'train': 1},1,0,
23326,1,{'train': 1},1,0,
23327,1,{'train': 1},1,0,
23329,1,{'train': 1},1,0,
23330,1,{'train': 1},1,0,
23334,3,{'train': 3},1,2,DUPLICATE_NEAR
23332,1,{'train': 1},1,0,
23336,1,{'train': 1},1,0,
23343,1,{'train': 1},1,0,
23344,1,{'train': 1},1,0,
23345,1,{'train': 1},1,0,
23346,1,{'train': 1},1,0,
23347,1,{'train': 1},1,0,
23348,1,{'train': 1},1,0,
23349,1,{'train': 1},1,0,
23350,1,{'train': 1},1,0,
23351,1,{'train': 1},1,0,
23358,3,{'train': 3},1,2,DUPLICATE_NEAR
23357,2,{'train': 2},2,0,
23354,1,{'train': 1},1,0,
23360,2,{'train': 2},2,0,
23359,1,{'train': 1},1,0,
23361,1,{'train': 1},1,0,
23366,2,{'train': 2},2,0,
23363,1,{'train': 1},1,0,
23364,1,{'train': 1},1,0,
23365,1,{'train': 1},1,0,
23367,1,{'train': 1},1,0,
23373,2,{'train': 2},2,0,
23369,1,{'train': 1},1,0,
23370,1,{'train': 1},1,0,
23371,1,{'train': 1},1,0,
23372,1,{'train': 1},1,0,
23374,1,{'train': 1},1,0,
23375,1,{'train': 1},1,0,
23376,1,{'train': 1},1,0,
23377,1,{'train': 1},1,0,
23378,1,{'train': 1},1,0,
23381,3,{'train': 3},1,2,DUPLICATE_NEAR
23382,1,{'train': 1},1,0,
23383,1,{'train': 1},1,0,
23385,1,{'train': 1},1,0,
23386,1,{'train': 1},1,0,
23387,1,{'train': 1},1,0,
23388,1,{'train': 1},1,0,
23554,2,{'train': 2},2,0,
23390,1,{'train': 1},1,0,
23391,1,{'train': 1},1,0,
48489,3,"{'train': 2, 'test': 1}",2,1,CROSS_SPLIT_NEARDUP_LEAKAGE
23394,1,{'train': 1},1,0,
23396,2,{'train': 2},2,0,
23397,1,{'train': 1},1,0,
23398,1,{'train': 1},1,0,
23399,1,{'train': 1},1,0,
23404,2,{'train': 2},2,0,
23401,1,{'train': 1},1,0,
23402,1,{'train': 1},1,0,
23403,1,{'train': 1},1,0,
23405,1,{'train': 1},1,0,
23406,1,{'train': 1},1,0,
23407,1,{'train': 1},1,0,
23408,1,{'train': 1},1,0,
23409,1,{'train': 1},1,0,
23410,1,{'train': 1},1,0,
23415,2,{'train': 2},2,0,
23412,1,{'train': 1},1,0,
23414,2,{'train': 2},2,0,
23416,1,{'train': 1},1,0,
23417,1,{'train': 1},1,0,
23419,1,{'train': 1},1,0,
23420,1,{'train': 1},1,0,
23421,1,{'train': 1},1,0,
23423,2,{'train': 2},2,0,
23424,1,{'train': 1},1,0,
23425,1,{'train': 1},1,0,
23426,1,{'train': 1},1,0,
48494,2,"{'train': 1, 'test': 1}",1,1,CROSS_SPLIT_NEARDUP_LEAKAGE
23428,1,{'train': 1},1,0,
23433,2,{'train': 2},2,0,
23430,1,{'train': 1},1,0,
23431,1,{'train': 1},1,0,
23432,1,{'train': 1},1,0,
23434,1,{'train': 1},1,0,
23435,1,{'train': 1},1,0,
23437,2,{'train': 2},2,0,
23438,1,{'train': 1},1,0,
23439,1,{'train': 1},1,0,
23440,1,{'train': 1},1,0,
23441,1,{'train': 1},1,0,
23442,1,{'train': 1},1,0,
23446,2,{'train': 2},2,0,
23444,1,{'train': 1},1,0,
23445,1,{'train': 1},1,0,
23447,1,{'train': 1},1,0,
23448,1,{'train': 1},1,0,
23449,1,{'train': 1},1,0,
23450,1,{'train': 1},1,0,
23454,3,{'train': 3},1,2,DUPLICATE_NEAR
23452,1,{'train': 1},1,0,
23455,1,{'train': 1},1,0,
23456,1,{'train': 1},1,0,
23457,1,{'train': 1},1,0,
23458,1,{'train': 1},1,0,
23459,1,{'train': 1},1,0,
23460,1,{'train': 1},1,0,
23461,1,{'train': 1},1,0,
23462,1,{'train': 1},1,0,
23463,1,{'train': 1},1,0,
23465,2,{'train': 2},2,0,
23466,1,{'train': 1},1,0,
23468,2,{'train': 2},2,0,
23469,1,{'train': 1},1,0,
23470,1,{'train': 1},1,0,
23471,1,{'train': 1},1,0,
23473,1,{'train': 1},1,0,
23474,1,{'train': 1},1,0,
23475,1,{'train': 1},1,0,
23476,1,{'train': 1},1,0,
23477,1,{'train': 1},1,0,
23478,1,{'train': 1},1,0,
23479,1,{'train': 1},1,0,
23480,1,{'train': 1},1,0,
23483,2,{'train': 2},2,0,
23482,1,{'train': 1},1,0,
23484,1,{'train': 1},1,0,
23485,1,{'train': 1},1,0,
23486,1,{'train': 1},1,0,
23487,1,{'train': 1},1,0,
23488,1,{'train': 1},1,0,
23492,2,{'train': 2},2,0,
23490,1,{'train': 1},1,0,
23491,1,{'train': 1},1,0,
23493,1,{'train': 1},1,0,
23494,1,{'train': 1},1,0,
23495,1,{'train': 1},1,0,
23496,1,{'train': 1},1,0,
23499,2,{'train': 2},2,0,
23498,1,{'train': 1},1,0,
23506,4,{'train': 4},1,3,DUPLICATE_NEAR
23502,1,{'train': 1},1,0,
23504,1,{'train': 1},1,0,
23505,1,{'train': 1},1,0,
23507,1,{'train': 1},1,0,
23508,1,{'train': 1},1,0,
23510,2,{'train': 2},2,0,
23511,1,{'train': 1},1,0,
23512,1,{'train': 1},1,0,
23513,1,{'train': 1},1,0,
23514,1,{'train': 1},1,0,
23515,1,{'train': 1},1,0,
23516,1,{'train': 1},1,0,
23517,1,{'train': 1},1,0,
23518,1,{'train': 1},1,0,
23519,1,{'train': 1},1,0,
23528,4,{'train': 4},1,3,DUPLICATE_NEAR
23521,1,{'train': 1},1,0,
23522,1,{'train': 1},1,0,
23525,1,{'train': 1},1,0,
23526,1,{'train': 1},1,0,
23527,1,{'train': 1},1,0,
23529,1,{'train': 1},1,0,
23531,2,{'train': 2},2,0,
23532,1,{'train': 1},1,0,
23533,1,{'train': 1},1,0,
23534,1,{'train': 1},1,0,
23536,2,{'train': 2},2,0,
23537,1,{'train': 1},1,0,
23540,1,{'train': 1},1,0,
23541,1,{'train': 1},1,0,
23542,1,{'train': 1},1,0,
23543,1,{'train': 1},1,0,
23544,1,{'train': 1},1,0,
23545,1,{'train': 1},1,0,
23549,2,{'train': 2},2,0,
23547,1,{'train': 1},1,0,
23548,1,{'train': 1},1,0,
43140,2,"{'train': 1, 'val': 1}",1,1,CROSS_SPLIT_NEARDUP_LEAKAGE
23556,2,{'train': 2},2,0,
23552,1,{'train': 1},1,0,
23553,1,{'train': 1},1,0,
23555,1,{'train': 1},1,0,
23557,1,{'train': 1},1,0,
23558,1,{'train': 1},1,0,
23559,1,{'train': 1},1,0,
23560,1,{'train': 1},1,0,
23561,1,{'train': 1},1,0,
23562,1,{'train': 1},1,0,
23563,1,{'train': 1},1,0,
23564,1,{'train': 1},1,0,
23565,1,{'train': 1},1,0,
23566,1,{'train': 1},1,0,
23567,1,{'train': 1},1,0,
23568,1,{'train': 1},1,0,
23569,1,{'train': 1},1,0,
23571,2,{'train': 2},2,0,
43147,4,"{'train': 2, 'val': 2}",2,2,CROSS_SPLIT_NEARDUP_LEAKAGE
23577,2,{'train': 2},2,0,
23574,1,{'train': 1},1,0,
23575,1,{'train': 1},1,0,
23576,1,{'train': 1},1,0,
23578,1,{'train': 1},1,0,
23579,1,{'train': 1},1,0,
23580,1,{'train': 1},1,0,
23585,2,{'train': 2},2,0,
23583,1,{'train': 1},1,0,
23591,4,{'train': 4},1,3,DUPLICATE_NEAR
23587,1,{'train': 1},1,0,
23589,1,{'train': 1},1,0,
23590,1,{'train': 1},1,0,
23592,1,{'train': 1},1,0,
23602,5,{'train': 5},1,4,DUPLICATE_NEAR
23601,2,{'train': 2},2,0,
23597,1,{'train': 1},1,0,
23598,1,{'train': 1},1,0,
23600,1,{'train': 1},1,0,
23603,1,{'train': 1},1,0,
23604,1,{'train': 1},1,0,
23605,1,{'train': 1},1,0,
23606,1,{'train': 1},1,0,
23607,1,{'train': 1},1,0,
23609,2,{'train': 2},2,0,
23610,1,{'train': 1},1,0,
23611,1,{'train': 1},1,0,
23612,1,{'train': 1},1,0,
31789,2,{'train': 2},2,0,
23614,1,{'train': 1},1,0,
23615,1,{'train': 1},1,0,
23617,1,{'train': 1},1,0,
23618,1,{'train': 1},1,0,
23619,1,{'train': 1},1,0,
23620,1,{'train': 1},1,0,
23623,2,{'train': 2},2,0,
23622,1,{'train': 1},1,0,
48526,8,"{'train': 7, 'test': 1}",1,7,CROSS_SPLIT_NEARDUP_LEAKAGE;DUPLICATE_NEAR
23632,2,{'train': 2},2,0,
23629,1,{'train': 1},1,0,
23633,1,{'train': 1},1,0,
23634,1,{'train': 1},1,0,
23640,2,{'train': 2},2,0,
23639,1,{'train': 1},1,0,
23641,1,{'train': 1},1,0,
23643,2,{'train': 2},2,0,
23644,1,{'train': 1},1,0,
23645,1,{'train': 1},1,0,
23646,1,{'train': 1},1,0,
23647,1,{'train': 1},1,0,
23649,2,{'train': 2},2,0,
23650,1,{'train': 1},1,0,
23651,1,{'train': 1},1,0,
23652,1,{'train': 1},1,0,
23653,1,{'train': 1},1,0,
23654,1,{'train': 1},1,0,
23655,1,{'train': 1},1,0,
23663,3,{'train': 3},1,2,DUPLICATE_NEAR
23657,1,{'train': 1},1,0,
23659,1,{'train': 1},1,0,
23660,1,{'train': 1},1,0,
23661,1,{'train': 1},1,0,
23662,1,{'train': 1},1,0,
23664,1,{'train': 1},1,0,
23665,1,{'train': 1},1,0,
23666,1,{'train': 1},1,0,
23667,1,{'train': 1},1,0,
23668,1,{'train': 1},1,0,
23669,1,{'train': 1},1,0,
23670,1,{'train': 1},1,0,
23675,2,{'train': 2},2,0,
23672,1,{'train': 1},1,0,
23673,1,{'train': 1},1,0,
23674,1,{'train': 1},1,0,
23683,4,{'train': 4},1,3,DUPLICATE_NEAR
23677,1,{'train': 1},1,0,
23678,1,{'train': 1},1,0,
23679,1,{'train': 1},1,0,
23681,1,{'train': 1},1,0,
23686,2,{'train': 2},2,0,
23687,2,{'train': 2},2,0,
23688,1,{'train': 1},1,0,
23690,1,{'train': 1},1,0,
23691,1,{'train': 1},1,0,
23692,1,{'train': 1},1,0,
23693,1,{'train': 1},1,0,
23694,1,{'train': 1},1,0,
23701,2,{'train': 2},2,0,
23703,6,{'train': 6},1,5,DUPLICATE_NEAR
23702,1,{'train': 1},1,0,
23704,1,{'train': 1},1,0,
23705,1,{'train': 1},1,0,
23706,1,{'train': 1},1,0,
23707,1,{'train': 1},1,0,
23708,1,{'train': 1},1,0,
23717,2,{'train': 2},2,0,
23718,5,{'train': 5},1,4,DUPLICATE_NEAR
23712,1,{'train': 1},1,0,
23713,1,{'train': 1},1,0,
23716,1,{'train': 1},1,0,
23719,1,{'train': 1},1,0,
23722,2,{'train': 2},2,0,
23723,2,{'train': 2},2,0,
23724,1,{'train': 1},1,0,
23737,6,{'train': 6},1,5,DUPLICATE_NEAR
23733,2,{'train': 2},2,0,
23736,2,{'train': 2},2,0,
23729,1,{'train': 1},1,0,
23731,1,{'train': 1},1,0,
23738,1,{'train': 1},1,0,
23739,1,{'train': 1},1,0,
23740,1,{'train': 1},1,0,
23742,2,{'train': 2},2,0,
23743,1,{'train': 1},1,0,
23744,1,{'train': 1},1,0,
23750,4,{'train': 4},1,3,DUPLICATE_NEAR
23748,2,{'train': 2},2,0,
23751,1,{'train': 1},1,0,
23752,1,{'train': 1},1,0,
23756,2,{'train': 2},2,0,
23754,1,{'train': 1},1,0,
23755,1,{'train': 1},1,0,
23757,1,{'train': 1},1,0,
23758,1,{'train': 1},1,0,
23759,1,{'train': 1},1,0,
23760,1,{'train': 1},1,0,
23761,1,{'train': 1},1,0,
23762,1,{'train': 1},1,0,
23763,1,{'train': 1},1,0,
23764,1,{'train': 1},1,0,
23765,1,{'train': 1},1,0,
23766,1,{'train': 1},1,0,
23767,1,{'train': 1},1,0,
23771,2,{'train': 2},2,0,
23769,1,{'train': 1},1,0,
23770,1,{'train': 1},1,0,
23778,2,{'train': 2},2,0,
23773,1,{'train': 1},1,0,
23774,1,{'train': 1},1,0,
23775,1,{'train': 1},1,0,
23776,1,{'train': 1},1,0,
23779,1,{'train': 1},1,0,
23783,3,{'train': 3},1,2,DUPLICATE_NEAR
23781,1,{'train': 1},1,0,
23784,1,{'train': 1},1,0,
23786,2,{'train': 2},2,0,
23787,1,{'train': 1},1,0,
23790,2,{'train': 2},2,0,
23789,1,{'train': 1},1,0,
23791,1,{'train': 1},1,0,
23792,1,{'train': 1},1,0,
23793,1,{'train': 1},1,0,
23794,1,{'train': 1},1,0,
23798,3,{'train': 3},1,2,DUPLICATE_NEAR
23797,1,{'train': 1},1,0,
23799,1,{'train': 1},1,0,
23800,1,{'train': 1},1,0,
23801,1,{'train': 1},1,0,
23803,2,{'train': 2},2,0,
23804,1,{'train': 1},1,0,
23805,1,{'train': 1},1,0,
23806,1,{'train': 1},1,0,
23807,1,{'train': 1},1,0,
23813,2,{'train': 2},2,0,
23809,1,{'train': 1},1,0,
23815,5,{'train': 5},1,4,DUPLICATE_NEAR
23816,1,{'train': 1},1,0,
23817,1,{'train': 1},1,0,
23820,2,{'train': 2},2,0,
23819,1,{'train': 1},1,0,
23826,3,{'train': 3},1,2,DUPLICATE_NEAR
23822,1,{'train': 1},1,0,
23823,1,{'train': 1},1,0,
23824,1,{'train': 1},1,0,
23827,1,{'train': 1},1,0,
23828,1,{'train': 1},1,0,
23829,1,{'train': 1},1,0,
23841,6,{'train': 6},1,5,DUPLICATE_NEAR
23842,2,{'train': 2},2,0,
23834,2,{'train': 2},2,0,
23839,2,{'train': 2},2,0,
23837,1,{'train': 1},1,0,
23848,5,{'train': 5},1,4,DUPLICATE_NEAR
23850,1,{'train': 1},1,0,
23851,1,{'train': 1},1,0,
23862,4,{'train': 4},1,3,DUPLICATE_NEAR
23853,1,{'train': 1},1,0,
23854,1,{'train': 1},1,0,
23855,1,{'train': 1},1,0,
23861,2,{'train': 2},2,0,
23857,1,{'train': 1},1,0,
23860,1,{'train': 1},1,0,
23863,1,{'train': 1},1,0,
23864,1,{'train': 1},1,0,
23865,1,{'train': 1},1,0,
23874,6,{'train': 6},1,5,DUPLICATE_NEAR
23868,1,{'train': 1},1,0,
23870,1,{'train': 1},1,0,
23873,1,{'train': 1},1,0,
23875,1,{'train': 1},1,0,
23876,1,{'train': 1},1,0,
23882,2,{'train': 2},2,0,
23878,1,{'train': 1},1,0,
23879,1,{'train': 1},1,0,
23880,1,{'train': 1},1,0,
23881,1,{'train': 1},1,0,
23883,1,{'train': 1},1,0,
23886,4,{'train': 4},1,3,DUPLICATE_NEAR
23891,3,{'train': 3},1,2,DUPLICATE_NEAR
23890,1,{'train': 1},1,0,
23897,3,{'train': 3},1,2,DUPLICATE_NEAR
23902,2,{'train': 2},2,0,
23894,1,{'train': 1},1,0,
23896,1,{'train': 1},1,0,
23900,2,{'train': 2},2,0,
23901,2,{'train': 2},2,0,
23903,1,{'train': 1},1,0,
23912,3,{'train': 3},1,2,DUPLICATE_NEAR
23913,3,{'train': 3},1,2,DUPLICATE_NEAR
23906,1,{'train': 1},1,0,
23909,1,{'train': 1},1,0,
23910,1,{'train': 1},1,0,
23911,1,{'train': 1},1,0,
23914,1,{'train': 1},1,0,
23915,1,{'train': 1},1,0,
23916,1,{'train': 1},1,0,
23917,1,{'train': 1},1,0,
23922,3,{'train': 3},1,2,DUPLICATE_NEAR
23919,1,{'train': 1},1,0,
23921,1,{'train': 1},1,0,
23923,1,{'train': 1},1,0,
23924,1,{'train': 1},1,0,
23925,1,{'train': 1},1,0,
23926,1,{'train': 1},1,0,
23927,1,{'train': 1},1,0,
23928,1,{'train': 1},1,0,
23929,1,{'train': 1},1,0,
23930,1,{'train': 1},1,0,
23936,3,{'train': 3},1,2,DUPLICATE_NEAR
23932,1,{'train': 1},1,0,
23933,1,{'train': 1},1,0,
23934,1,{'train': 1},1,0,
23937,1,{'train': 1},1,0,
23938,1,{'train': 1},1,0,
23939,1,{'train': 1},1,0,
23943,5,{'train': 5},1,4,DUPLICATE_NEAR
23944,1,{'train': 1},1,0,
23945,1,{'train': 1},1,0,
23946,1,{'train': 1},1,0,
23948,1,{'train': 1},1,0,
23949,1,{'train': 1},1,0,
23957,7,{'train': 7},1,6,DUPLICATE_NEAR
23955,1,{'train': 1},1,0,
23958,1,{'train': 1},1,0,
23959,1,{'train': 1},1,0,
23964,2,{'train': 2},2,0,
23961,1,{'train': 1},1,0,
23962,1,{'train': 1},1,0,
23963,1,{'train': 1},1,0,
23965,1,{'train': 1},1,0,
23967,1,{'train': 1},1,0,
23969,1,{'train': 1},1,0,
23970,1,{'train': 1},1,0,
23971,1,{'train': 1},1,0,
23974,2,{'train': 2},2,0,
23973,1,{'train': 1},1,0,
23975,1,{'train': 1},1,0,
23976,1,{'train': 1},1,0,
23977,1,{'train': 1},1,0,
23978,1,{'train': 1},1,0,
23979,1,{'train': 1},1,0,
23980,1,{'train': 1},1,0,
23981,1,{'train': 1},1,0,
23983,2,{'train': 2},2,0,
23984,1,{'train': 1},1,0,
23987,2,{'train': 2},2,0,
23988,2,{'train': 2},2,0,
23989,1,{'train': 1},1,0,
23993,1,{'train': 1},1,0,
23996,1,{'train': 1},1,0,
23997,1,{'train': 1},1,0,
24000,2,{'train': 2},2,0,
23999,1,{'train': 1},1,0,
24001,1,{'train': 1},1,0,
24002,1,{'train': 1},1,0,
24003,1,{'train': 1},1,0,
24005,2,{'train': 2},2,0,
24006,1,{'train': 1},1,0,
24007,1,{'train': 1},1,0,
24015,5,{'train': 5},1,4,DUPLICATE_NEAR
24009,1,{'train': 1},1,0,
24011,1,{'train': 1},1,0,
24012,1,{'train': 1},1,0,
24016,1,{'train': 1},1,0,
24017,1,{'train': 1},1,0,
24021,3,{'train': 3},1,2,DUPLICATE_NEAR
43214,6,"{'train': 5, 'val': 1}",1,5,CROSS_SPLIT_NEARDUP_LEAKAGE;DUPLICATE_NEAR
24026,1,{'train': 1},1,0,
24027,1,{'train': 1},1,0,
24028,1,{'train': 1},1,0,
24029,1,{'train': 1},1,0,
24030,1,{'train': 1},1,0,
24031,1,{'train': 1},1,0,
24042,6,{'train': 6},1,5,DUPLICATE_NEAR
24033,1,{'train': 1},1,0,
24034,1,{'train': 1},1,0,
24035,1,{'train': 1},1,0,
24036,1,{'train': 1},1,0,
24041,1,{'train': 1},1,0,
24045,3,{'train': 3},1,2,DUPLICATE_NEAR
24047,1,{'train': 1},1,0,
24048,1,{'train': 1},1,0,
24049,1,{'train': 1},1,0,
24050,1,{'train': 1},1,0,
24051,1,{'train': 1},1,0,
24052,1,{'train': 1},1,0,
24053,1,{'train': 1},1,0,
24054,1,{'train': 1},1,0,
24055,1,{'train': 1},1,0,
24056,1,{'train': 1},1,0,
24057,1,{'train': 1},1,0,
24058,1,{'train': 1},1,0,
24059,1,{'train': 1},1,0,
24060,1,{'train': 1},1,0,
24061,1,{'train': 1},1,0,
24065,3,{'train': 3},1,2,DUPLICATE_NEAR
24063,1,{'train': 1},1,0,
24066,1,{'train': 1},1,0,
24067,1,{'train': 1},1,0,
24068,1,{'train': 1},1,0,
24075,5,{'train': 5},1,4,DUPLICATE_NEAR
24070,1,{'train': 1},1,0,
24071,3,{'train': 3},1,2,DUPLICATE_NEAR
24076,1,{'train': 1},1,0,
24085,2,{'train': 2},2,0,
24078,1,{'train': 1},1,0,
24082,4,{'train': 4},1,3,DUPLICATE_NEAR
24083,1,{'train': 1},1,0,
24084,1,{'train': 1},1,0,
24086,1,{'train': 1},1,0,
24088,2,{'train': 2},2,0,
24093,3,{'train': 3},1,2,DUPLICATE_NEAR
24090,1,{'train': 1},1,0,
24096,2,{'train': 2},2,0,
24097,2,{'train': 2},2,0,
24095,1,{'train': 1},1,0,
24098,1,{'train': 1},1,0,
24099,1,{'train': 1},1,0,
24102,3,{'train': 3},1,2,DUPLICATE_NEAR
24108,3,{'train': 3},1,2,DUPLICATE_NEAR
24104,1,{'train': 1},1,0,
24105,1,{'train': 1},1,0,
24107,1,{'train': 1},1,0,
24109,1,{'train': 1},1,0,
24111,2,{'train': 2},2,0,
24112,1,{'train': 1},1,0,
24113,1,{'train': 1},1,0,
24114,1,{'train': 1},1,0,
24115,1,{'train': 1},1,0,
24116,1,{'train': 1},1,0,
24121,3,{'train': 3},1,2,DUPLICATE_NEAR
24119,1,{'train': 1},1,0,
24120,1,{'train': 1},1,0,
24122,1,{'train': 1},1,0,
24123,1,{'train': 1},1,0,
24124,1,{'train': 1},1,0,
24125,1,{'train': 1},1,0,
24126,1,{'train': 1},1,0,
24127,1,{'train': 1},1,0,
24128,1,{'train': 1},1,0,
24129,1,{'train': 1},1,0,
24130,1,{'train': 1},1,0,
24135,2,{'train': 2},2,0,
24132,1,{'train': 1},1,0,
24133,1,{'train': 1},1,0,
24134,1,{'train': 1},1,0,
24136,1,{'train': 1},1,0,
24140,2,{'train': 2},2,0,
24144,5,{'train': 5},1,4,DUPLICATE_NEAR
24139,1,{'train': 1},1,0,
24142,1,{'train': 1},1,0,
24145,1,{'train': 1},1,0,
24157,3,{'train': 3},1,2,DUPLICATE_NEAR
24160,5,{'train': 5},1,4,DUPLICATE_NEAR
24150,1,{'train': 1},1,0,
24151,1,{'train': 1},1,0,
24154,1,{'train': 1},1,0,
24155,1,{'train': 1},1,0,
24156,1,{'train': 1},1,0,
24158,1,{'train': 1},1,0,
24164,2,{'train': 2},2,0,
24167,2,{'train': 2},2,0,
24163,1,{'train': 1},1,0,
24165,1,{'train': 1},1,0,
24168,1,{'train': 1},1,0,
24169,1,{'train': 1},1,0,
24171,2,{'train': 2},2,0,
24172,1,{'train': 1},1,0,
24173,1,{'train': 1},1,0,
24174,1,{'train': 1},1,0,
24175,1,{'train': 1},1,0,
24176,1,{'train': 1},1,0,
24177,1,{'train': 1},1,0,
24178,1,{'train': 1},1,0,
24189,5,{'train': 5},1,4,DUPLICATE_NEAR
24192,2,{'train': 2},2,0,
24181,1,{'train': 1},1,0,
24184,1,{'train': 1},1,0,
24185,1,{'train': 1},1,0,
24186,1,{'train': 1},1,0,
24187,1,{'train': 1},1,0,
24188,1,{'train': 1},1,0,
24190,1,{'train': 1},1,0,
24193,1,{'train': 1},1,0,
24200,5,{'train': 5},1,4,DUPLICATE_NEAR
24196,1,{'train': 1},1,0,
24197,1,{'train': 1},1,0,
24199,1,{'train': 1},1,0,
24202,1,{'train': 1},1,0,
24208,3,{'train': 3},1,2,DUPLICATE_NEAR
24204,1,{'train': 1},1,0,
24206,1,{'train': 1},1,0,
24207,1,{'train': 1},1,0,
24210,2,{'train': 2},2,0,
24211,1,{'train': 1},1,0,
24212,1,{'train': 1},1,0,
24213,1,{'train': 1},1,0,
24214,1,{'train': 1},1,0,
24217,2,{'train': 2},2,0,
24218,2,{'train': 2},2,0,
24219,1,{'train': 1},1,0,
24220,1,{'train': 1},1,0,
24227,3,{'train': 3},1,2,DUPLICATE_NEAR
24224,1,{'train': 1},1,0,
24231,3,{'train': 3},1,2,DUPLICATE_NEAR
24228,1,{'train': 1},1,0,
24229,1,{'train': 1},1,0,
24230,1,{'train': 1},1,0,
24232,1,{'train': 1},1,0,
24234,2,{'train': 2},2,0,
24235,1,{'train': 1},1,0,
24236,1,{'train': 1},1,0,
24242,5,{'train': 5},1,4,DUPLICATE_NEAR
24241,1,{'train': 1},1,0,
24246,2,{'train': 2},2,0,
24244,1,{'train': 1},1,0,
24245,1,{'train': 1},1,0,
24247,1,{'train': 1},1,0,
24248,1,{'train': 1},1,0,
24249,1,{'train': 1},1,0,
24250,1,{'train': 1},1,0,
24251,1,{'train': 1},1,0,
24254,3,{'train': 3},1,2,DUPLICATE_NEAR
24255,1,{'train': 1},1,0,
24256,1,{'train': 1},1,0,
24257,1,{'train': 1},1,0,
24260,2,{'train': 2},2,0,
24259,1,{'train': 1},1,0,
24266,4,{'train': 4},1,3,DUPLICATE_NEAR
24263,1,{'train': 1},1,0,
24264,1,{'train': 1},1,0,
24267,1,{'train': 1},1,0,
24268,1,{'train': 1},1,0,
24269,1,{'train': 1},1,0,
24270,1,{'train': 1},1,0,
24271,1,{'train': 1},1,0,
24272,1,{'train': 1},1,0,
24273,1,{'train': 1},1,0,
24274,1,{'train': 1},1,0,
24275,1,{'train': 1},1,0,
24276,1,{'train': 1},1,0,
24277,1,{'train': 1},1,0,
43248,4,"{'train': 1, 'val': 3}",1,3,CROSS_SPLIT_NEARDUP_LEAKAGE;DUPLICATE_NEAR
24279,1,{'train': 1},1,0,
24280,1,{'train': 1},1,0,
24281,1,{'train': 1},1,0,
24282,1,{'train': 1},1,0,
24283,1,{'train': 1},1,0,
24295,2,{'train': 2},2,0,
24291,2,{'train': 2},2,0,
24286,1,{'train': 1},1,0,
24296,3,{'train': 3},1,2,DUPLICATE_NEAR
24288,1,{'train': 1},1,0,
24289,1,{'train': 1},1,0,
24292,1,{'train': 1},1,0,
24293,1,{'train': 1},1,0,
24294,1,{'train': 1},1,0,
24297,1,{'train': 1},1,0,
24298,1,{'train': 1},1,0,
24299,1,{'train': 1},1,0,
24302,3,{'train': 3},1,2,DUPLICATE_NEAR
24303,1,{'train': 1},1,0,
24304,1,{'train': 1},1,0,
24305,1,{'train': 1},1,0,
24306,1,{'train': 1},1,0,
24307,1,{'train': 1},1,0,
24308,1,{'train': 1},1,0,
24309,1,{'train': 1},1,0,
24315,3,{'train': 3},1,2,DUPLICATE_NEAR
24311,1,{'train': 1},1,0,
24312,1,{'train': 1},1,0,
24314,1,{'train': 1},1,0,
24316,1,{'train': 1},1,0,
24319,2,{'train': 2},2,0,
24318,1,{'train': 1},1,0,
24320,1,{'train': 1},1,0,
24321,1,{'train': 1},1,0,
24322,1,{'train': 1},1,0,
24323,1,{'train': 1},1,0,
24324,1,{'train': 1},1,0,
24325,1,{'train': 1},1,0,
24326,1,{'train': 1},1,0,
24327,1,{'train': 1},1,0,
24328,1,{'train': 1},1,0,
24329,1,{'train': 1},1,0,
24330,1,{'train': 1},1,0,
24331,1,{'train': 1},1,0,
24332,1,{'train': 1},1,0,
24340,5,{'train': 5},1,4,DUPLICATE_NEAR
24339,2,{'train': 2},2,0,
24338,1,{'train': 1},1,0,
24347,3,{'train': 3},1,2,DUPLICATE_NEAR
24342,1,{'train': 1},1,0,
24343,1,{'train': 1},1,0,
24344,1,{'train': 1},1,0,
24346,1,{'train': 1},1,0,
24356,4,{'train': 4},1,3,DUPLICATE_NEAR
24349,1,{'train': 1},1,0,
24351,1,{'train': 1},1,0,
24354,1,{'train': 1},1,0,
24358,1,{'train': 1},1,0,
24359,1,{'train': 1},1,0,
24360,1,{'train': 1},1,0,
24365,4,{'train': 4},1,3,DUPLICATE_NEAR
24363,1,{'train': 1},1,0,
24367,2,{'train': 2},2,0,
24368,1,{'train': 1},1,0,
24369,1,{'train': 1},1,0,
24370,1,{'train': 1},1,0,
24372,3,{'train': 3},1,2,DUPLICATE_NEAR
24374,1,{'train': 1},1,0,
24375,1,{'train': 1},1,0,
24376,1,{'train': 1},1,0,
24379,4,{'train': 4},1,3,DUPLICATE_NEAR
24381,1,{'train': 1},1,0,
24385,2,{'train': 2},2,0,
24383,1,{'train': 1},1,0,
24384,1,{'train': 1},1,0,
24386,1,{'train': 1},1,0,
24390,3,{'train': 3},1,2,DUPLICATE_NEAR
24389,1,{'train': 1},1,0,
24391,1,{'train': 1},1,0,
24392,1,{'train': 1},1,0,
24393,1,{'train': 1},1,0,
24394,1,{'train': 1},1,0,
24395,1,{'train': 1},1,0,
24396,1,{'train': 1},1,0,
24404,6,{'train': 6},1,5,DUPLICATE_NEAR
24398,1,{'train': 1},1,0,
24400,1,{'train': 1},1,0,
24405,1,{'train': 1},1,0,
24406,1,{'train': 1},1,0,
24407,1,{'train': 1},1,0,
24408,1,{'train': 1},1,0,
24409,1,{'train': 1},1,0,
24410,1,{'train': 1},1,0,
24411,1,{'train': 1},1,0,
24416,3,{'train': 3},1,2,DUPLICATE_NEAR
24414,1,{'train': 1},1,0,
24415,1,{'train': 1},1,0,
24417,1,{'train': 1},1,0,
24418,1,{'train': 1},1,0,
24426,3,{'train': 3},1,2,DUPLICATE_NEAR
24421,1,{'train': 1},1,0,
24422,1,{'train': 1},1,0,
24423,1,{'train': 1},1,0,
24424,1,{'train': 1},1,0,
24425,1,{'train': 1},1,0,
24436,5,{'train': 5},1,4,DUPLICATE_NEAR
24432,2,{'train': 2},2,0,
24429,1,{'train': 1},1,0,
24431,1,{'train': 1},1,0,
24435,1,{'train': 1},1,0,
24437,1,{'train': 1},1,0,
24438,1,{'train': 1},1,0,
24439,1,{'train': 1},1,0,
24440,1,{'train': 1},1,0,
24442,2,{'train': 2},2,0,
24450,4,{'train': 4},1,3,DUPLICATE_NEAR
24445,1,{'train': 1},1,0,
24446,1,{'train': 1},1,0,
24448,1,{'train': 1},1,0,
24449,1,{'train': 1},1,0,
24451,1,{'train': 1},1,0,
24452,1,{'train': 1},1,0,
24453,1,{'train': 1},1,0,
24454,1,{'train': 1},1,0,
24457,2,{'train': 2},2,0,
24456,1,{'train': 1},1,0,
24458,1,{'train': 1},1,0,
24459,1,{'train': 1},1,0,
24460,1,{'train': 1},1,0,
24461,1,{'train': 1},1,0,
24462,1,{'train': 1},1,0,
24463,1,{'train': 1},1,0,
48645,4,"{'train': 2, 'test': 2}",2,2,CROSS_SPLIT_NEARDUP_LEAKAGE
24466,1,{'train': 1},1,0,
24467,1,{'train': 1},1,0,
24468,1,{'train': 1},1,0,
24469,1,{'train': 1},1,0,
24470,1,{'train': 1},1,0,
24475,3,{'train': 3},1,2,DUPLICATE_NEAR
24472,1,{'train': 1},1,0,
24474,1,{'train': 1},1,0,
24476,1,{'train': 1},1,0,
24480,2,{'train': 2},2,0,
24481,2,{'train': 2},2,0,
24479,1,{'train': 1},1,0,
24482,1,{'train': 1},1,0,
24483,1,{'train': 1},1,0,
24484,1,{'train': 1},1,0,
24485,1,{'train': 1},1,0,
24488,2,{'train': 2},2,0,
24487,1,{'train': 1},1,0,
24489,1,{'train': 1},1,0,
24490,1,{'train': 1},1,0,
24491,1,{'train': 1},1,0,
48653,7,"{'train': 1, 'test': 6}",1,6,CROSS_SPLIT_NEARDUP_LEAKAGE;DUPLICATE_NEAR
24493,1,{'train': 1},1,0,
24494,1,{'train': 1},1,0,
24495,1,{'train': 1},1,0,
24503,6,{'train': 6},1,5,DUPLICATE_NEAR
24507,2,{'train': 2},2,0,
24500,1,{'train': 1},1,0,
24501,1,{'train': 1},1,0,
24502,1,{'train': 1},1,0,
24505,1,{'train': 1},1,0,
24519,2,{'train': 2},2,0,
24520,5,{'train': 5},1,4,DUPLICATE_NEAR
24515,2,{'train': 2},2,0,
24513,1,{'train': 1},1,0,
24514,1,{'train': 1},1,0,
24521,2,{'train': 2},2,0,
24517,1,{'train': 1},1,0,
24523,2,{'train': 2},2,0,
24526,2,{'train': 2},2,0,
24525,1,{'train': 1},1,0,
24527,1,{'train': 1},1,0,
24528,1,{'train': 1},1,0,
24537,3,{'train': 3},1,2,DUPLICATE_NEAR
24536,2,{'train': 2},2,0,
24531,1,{'train': 1},1,0,
24532,1,{'train': 1},1,0,
24538,2,{'train': 2},2,0,
24535,1,{'train': 1},1,0,
24541,3,{'train': 3},1,2,DUPLICATE_NEAR
24542,1,{'train': 1},1,0,
24543,1,{'train': 1},1,0,
24553,2,{'train': 2},2,0,
24551,5,{'train': 5},1,4,DUPLICATE_NEAR
24546,1,{'train': 1},1,0,
24548,1,{'train': 1},1,0,
24550,1,{'train': 1},1,0,
24554,1,{'train': 1},1,0,
24555,1,{'train': 1},1,0,
24556,1,{'train': 1},1,0,
24557,1,{'train': 1},1,0,
24558,1,{'train': 1},1,0,
24565,4,{'train': 4},1,3,DUPLICATE_NEAR
24560,1,{'train': 1},1,0,
24561,1,{'train': 1},1,0,
24570,3,{'train': 3},1,2,DUPLICATE_NEAR
24567,1,{'train': 1},1,0,
24568,1,{'train': 1},1,0,
24569,1,{'train': 1},1,0,
24571,1,{'train': 1},1,0,
24573,1,{'train': 1},1,0,
24574,1,{'train': 1},1,0,
24575,1,{'train': 1},1,0,
24576,1,{'train': 1},1,0,
24577,1,{'train': 1},1,0,
24578,1,{'train': 1},1,0,
24579,1,{'train': 1},1,0,
24580,1,{'train': 1},1,0,
24581,1,{'train': 1},1,0,
24586,4,{'train': 4},1,3,DUPLICATE_NEAR
24584,1,{'train': 1},1,0,
24585,1,{'train': 1},1,0,
24588,1,{'train': 1},1,0,
24589,1,{'train': 1},1,0,
24590,1,{'train': 1},1,0,
24591,1,{'train': 1},1,0,
24592,1,{'train': 1},1,0,
24597,2,{'train': 2},2,0,
24602,5,{'train': 5},1,4,DUPLICATE_NEAR
24595,1,{'train': 1},1,0,
24596,1,{'train': 1},1,0,
24601,1,{'train': 1},1,0,
24608,4,{'train': 4},1,3,DUPLICATE_NEAR
24614,2,{'train': 2},2,0,
24607,1,{'train': 1},1,0,
24609,1,{'train': 1},1,0,
24610,1,{'train': 1},1,0,
24611,1,{'train': 1},1,0,
24612,1,{'train': 1},1,0,
24613,1,{'train': 1},1,0,
24615,1,{'train': 1},1,0,
24618,3,{'train': 3},1,2,DUPLICATE_NEAR
24619,1,{'train': 1},1,0,
24620,1,{'train': 1},1,0,
24628,6,{'train': 6},1,5,DUPLICATE_NEAR
24624,1,{'train': 1},1,0,
24625,1,{'train': 1},1,0,
24627,1,{'train': 1},1,0,
24639,4,{'train': 4},1,3,DUPLICATE_NEAR
24637,2,{'train': 2},2,0,
24632,1,{'train': 1},1,0,
24634,1,{'train': 1},1,0,
24635,1,{'train': 1},1,0,
24636,1,{'train': 1},1,0,
24640,1,{'train': 1},1,0,
24641,1,{'train': 1},1,0,
24642,1,{'train': 1},1,0,
24643,1,{'train': 1},1,0,
24644,1,{'train': 1},1,0,
24645,1,{'train': 1},1,0,
24647,4,{'train': 4},1,3,DUPLICATE_NEAR
24648,1,{'train': 1},1,0,
24649,1,{'train': 1},1,0,
24652,1,{'train': 1},1,0,
24654,2,{'train': 2},2,0,
24658,4,{'train': 4},1,3,DUPLICATE_NEAR
24659,1,{'train': 1},1,0,
24660,1,{'train': 1},1,0,
24661,1,{'train': 1},1,0,
24662,1,{'train': 1},1,0,
24665,6,"{'train': 2, 'test': 4}",1,5,CROSS_SPLIT_NEARDUP_LEAKAGE;DUPLICATE_NEAR
24667,2,{'train': 2},2,0,
24666,1,{'train': 1},1,0,
24668,1,{'train': 1},1,0,
24676,4,{'train': 4},1,3,DUPLICATE_NEAR
24675,2,{'train': 2},2,0,
24672,1,{'train': 1},1,0,
24673,1,{'train': 1},1,0,
24677,1,{'train': 1},1,0,
24679,1,{'train': 1},1,0,
24680,1,{'train': 1},1,0,
24681,1,{'train': 1},1,0,
24682,1,{'train': 1},1,0,
24683,1,{'train': 1},1,0,
24684,1,{'train': 1},1,0,
24685,1,{'train': 1},1,0,
24686,1,{'train': 1},1,0,
24689,2,{'train': 2},2,0,
24688,1,{'train': 1},1,0,
24690,1,{'train': 1},1,0,
24691,1,{'train': 1},1,0,
24692,1,{'train': 1},1,0,
24697,2,{'train': 2},2,0,
24694,1,{'train': 1},1,0,
24695,1,{'train': 1},1,0,
24696,1,{'train': 1},1,0,
24698,1,{'train': 1},1,0,
24699,1,{'train': 1},1,0,
24700,1,{'train': 1},1,0,
24701,1,{'train': 1},1,0,
24707,3,{'train': 3},1,2,DUPLICATE_NEAR
24704,1,{'train': 1},1,0,
24706,1,{'train': 1},1,0,
24709,1,{'train': 1},1,0,
24711,1,{'train': 1},1,0,
24713,1,{'train': 1},1,0,
24714,1,{'train': 1},1,0,
24722,1,{'train': 1},1,0,
24740,1,{'train': 1},1,0,
24758,1,{'train': 1},1,0,
24759,1,{'train': 1},1,0,
24760,1,{'train': 1},1,0,
24779,1,{'train': 1},1,0,
24792,1,{'train': 1},1,0,
24793,1,{'train': 1},1,0,
24796,1,{'train': 1},1,0,
24849,1,{'train': 1},1,0,
24850,1,{'train': 1},1,0,
24881,1,{'train': 1},1,0,
24887,1,{'train': 1},1,0,
24920,1,{'train': 1},1,0,
24922,2,{'train': 2},2,0,
24923,1,{'train': 1},1,0,
25023,2,{'train': 2},2,0,
25062,1,{'train': 1},1,0,
25112,2,{'train': 2},2,0,
27350,4,{'train': 4},1,3,DUPLICATE_NEAR
25195,1,{'train': 1},1,0,
31394,2,{'train': 2},2,0,
25249,1,{'train': 1},1,0,
25293,1,{'train': 1},1,0,
30295,5,{'train': 5},1,4,DUPLICATE_NEAR
25686,1,{'train': 1},1,0,
25696,1,{'train': 1},1,0,
25744,1,{'train': 1},1,0,
25770,1,{'train': 1},1,0,
30551,3,{'train': 3},1,2,DUPLICATE_NEAR
25810,1,{'train': 1},1,0,
30556,3,{'train': 3},1,2,DUPLICATE_NEAR
25850,1,{'train': 1},1,0,
30416,7,{'train': 7},1,6,DUPLICATE_NEAR
25865,1,{'train': 1},1,0,
25880,1,{'train': 1},1,0,
25884,1,{'train': 1},1,0,
25929,1,{'train': 1},1,0,
25944,1,{'train': 1},1,0,
25999,1,{'train': 1},1,0,
26008,1,{'train': 1},1,0,
26097,1,{'train': 1},1,0,
26098,1,{'train': 1},1,0,
26119,2,{'train': 2},2,0,
30559,3,{'train': 3},1,2,DUPLICATE_NEAR
26805,3,{'train': 3},1,2,DUPLICATE_NEAR
26817,2,{'train': 2},2,0,
26288,2,{'train': 2},2,0,
26359,1,{'train': 1},1,0,
30623,4,{'train': 4},1,3,DUPLICATE_NEAR
26427,1,{'train': 1},1,0,
26434,1,{'train': 1},1,0,
26438,1,{'train': 1},1,0,
26471,1,{'train': 1},1,0,
26485,1,{'train': 1},1,0,
26638,1,{'train': 1},1,0,
26845,1,{'train': 1},1,0,
27047,3,{'train': 3},1,2,DUPLICATE_NEAR
31242,4,{'train': 4},1,3,DUPLICATE_NEAR
27293,1,{'train': 1},1,0,
31101,2,{'train': 2},2,0,
27301,1,{'train': 1},1,0,
27687,3,{'train': 3},1,2,DUPLICATE_NEAR
27454,1,{'train': 1},1,0,
41042,2,"{'train': 1, 'val': 1}",1,1,CROSS_SPLIT_NEARDUP_LEAKAGE
27636,1,{'train': 1},1,0,
27736,1,{'train': 1},1,0,
31396,2,{'train': 2},2,0,
27941,1,{'train': 1},1,0,
27944,1,{'train': 1},1,0,
28335,1,{'train': 1},1,0,
28610,1,{'train': 1},1,0,
28631,1,{'train': 1},1,0,
29366,3,{'train': 3},1,2,DUPLICATE_NEAR
29368,2,{'train': 2},2,0,
29367,1,{'train': 1},1,0,
29372,2,{'train': 2},2,0,
29421,16,{'train': 16},1,15,DUPLICATE_NEAR
29375,2,{'train': 2},2,0,
29374,1,{'train': 1},1,0,
29387,6,{'train': 6},1,5,DUPLICATE_NEAR
29383,5,{'train': 5},1,4,DUPLICATE_NEAR
29380,1,{'train': 1},1,0,
29389,1,{'train': 1},1,0,
29392,2,{'train': 2},2,0,
29393,1,{'train': 1},1,0,
29395,1,{'train': 1},1,0,
29402,3,{'train': 3},1,2,DUPLICATE_NEAR
29398,1,{'train': 1},1,0,
29401,2,{'train': 2},2,0,
29411,5,{'train': 5},1,4,DUPLICATE_NEAR
29408,3,{'train': 3},1,2,DUPLICATE_NEAR
29409,1,{'train': 1},1,0,
29416,5,{'train': 5},1,4,DUPLICATE_NEAR
29415,1,{'train': 1},1,0,
29420,2,{'train': 2},2,0,
29419,1,{'train': 1},1,0,
29422,1,{'train': 1},1,0,
29435,9,{'train': 9},1,8,DUPLICATE_NEAR
29425,1,{'train': 1},1,0,
29430,2,{'train': 2},2,0,
29444,3,{'train': 3},1,2,DUPLICATE_NEAR
29448,11,{'train': 11},1,10,DUPLICATE_NEAR
29440,2,{'train': 2},2,0,
29458,3,{'train': 3},1,2,DUPLICATE_NEAR
29452,5,{'train': 5},1,4,DUPLICATE_NEAR
29462,2,{'train': 2},2,0,
29461,1,{'train': 1},1,0,
29463,1,{'train': 1},1,0,
29464,1,{'train': 1},1,0,
29465,1,{'train': 1},1,0,
29466,1,{'train': 1},1,0,
29468,2,{'train': 2},2,0,
29469,1,{'train': 1},1,0,
29470,1,{'train': 1},1,0,
29471,1,{'train': 1},1,0,
29472,1,{'train': 1},1,0,
29473,1,{'train': 1},1,0,
29474,1,{'train': 1},1,0,
29475,1,{'train': 1},1,0,
29476,1,{'train': 1},1,0,
29477,1,{'train': 1},1,0,
29478,1,{'train': 1},1,0,
29559,20,{'train': 20},1,19,DUPLICATE_NEAR
29561,7,{'train': 7},1,6,DUPLICATE_NEAR
29558,4,{'train': 4},1,3,DUPLICATE_NEAR
29535,19,{'train': 19},1,18,DUPLICATE_NEAR
29495,3,{'train': 3},1,2,DUPLICATE_NEAR
29496,1,{'train': 1},1,0,
29543,8,{'train': 8},1,7,DUPLICATE_NEAR
29501,2,{'train': 2},2,0,
29553,3,{'train': 3},1,2,DUPLICATE_NEAR
29636,61,{'train': 61},1,60,DUPLICATE_NEAR
29593,16,{'train': 16},1,15,DUPLICATE_NEAR
29663,23,{'train': 23},1,22,DUPLICATE_NEAR
29582,9,{'train': 9},1,8,DUPLICATE_NEAR
30047,22,{'train': 22},1,21,DUPLICATE_NEAR
29518,2,{'train': 2},2,0,
29520,1,{'train': 1},1,0,
29526,2,{'train': 2},2,0,
29537,1,{'train': 1},1,0,
29552,1,{'train': 1},1,0,
29741,5,{'train': 5},1,4,DUPLICATE_NEAR
29666,1,{'train': 1},1,0,
29667,1,{'train': 1},1,0,
29671,2,{'train': 2},2,0,
29673,3,{'train': 3},1,2,DUPLICATE_NEAR
29672,1,{'train': 1},1,0,
29674,1,{'train': 1},1,0,
29675,1,{'train': 1},1,0,
29676,1,{'train': 1},1,0,
29679,4,{'train': 4},1,3,DUPLICATE_NEAR
29681,1,{'train': 1},1,0,
29682,1,{'train': 1},1,0,
29685,2,{'train': 2},2,0,
29684,1,{'train': 1},1,0,
29687,2,{'train': 2},2,0,
29688,1,{'train': 1},1,0,
29689,1,{'train': 1},1,0,
29695,4,{'train': 4},1,3,DUPLICATE_NEAR
29692,1,{'train': 1},1,0,
29693,1,{'train': 1},1,0,
29701,2,{'train': 2},2,0,
29699,3,{'train': 3},1,2,DUPLICATE_NEAR
29700,1,{'train': 1},1,0,
29704,2,{'train': 2},2,0,
29703,1,{'train': 1},1,0,
29705,1,{'train': 1},1,0,
29706,1,{'train': 1},1,0,
29707,1,{'train': 1},1,0,
29722,9,{'train': 9},1,8,DUPLICATE_NEAR
29710,1,{'train': 1},1,0,
29711,1,{'train': 1},1,0,
29713,2,{'train': 2},2,0,
29716,2,{'train': 2},2,0,
29715,1,{'train': 1},1,0,
29719,2,{'train': 2},2,0,
29726,1,{'train': 1},1,0,
29730,5,{'train': 5},1,4,DUPLICATE_NEAR
29733,2,{'train': 2},2,0,
29734,1,{'train': 1},1,0,
29735,1,{'train': 1},1,0,
29737,2,{'train': 2},2,0,
29738,1,{'train': 1},1,0,
29743,2,{'train': 2},2,0,
29747,3,{'train': 3},1,2,DUPLICATE_NEAR
29750,3,{'train': 3},1,2,DUPLICATE_NEAR
29753,2,{'train': 2},2,0,
29752,1,{'train': 1},1,0,
29759,5,{'train': 5},1,4,DUPLICATE_NEAR
29757,1,{'train': 1},1,0,
29761,2,{'train': 2},2,0,
29765,4,{'train': 4},1,3,DUPLICATE_NEAR
29770,3,{'train': 3},1,2,DUPLICATE_NEAR
29769,2,{'train': 2},2,0,
29771,1,{'train': 1},1,0,
29773,2,{'train': 2},2,0,
29774,1,{'train': 1},1,0,
29777,2,{'train': 2},2,0,
29776,1,{'train': 1},1,0,
43789,8,"{'train': 6, 'val': 2}",1,7,CROSS_SPLIT_NEARDUP_LEAKAGE;DUPLICATE_NEAR
29794,3,{'train': 3},1,2,DUPLICATE_NEAR
29786,3,{'train': 3},1,2,DUPLICATE_NEAR
29789,2,{'train': 2},2,0,
29788,1,{'train': 1},1,0,
29790,1,{'train': 1},1,0,
29792,2,{'train': 2},2,0,
29798,2,{'train': 2},2,0,
29797,1,{'train': 1},1,0,
29799,1,{'train': 1},1,0,
29803,2,{'train': 2},2,0,
29804,3,{'train': 3},1,2,DUPLICATE_NEAR
29806,2,{'train': 2},2,0,
29807,1,{'train': 1},1,0,
29808,1,{'train': 1},1,0,
29813,2,{'train': 2},2,0,
29812,3,{'train': 3},1,2,DUPLICATE_NEAR
29816,1,{'train': 1},1,0,
29822,5,{'train': 5},1,4,DUPLICATE_NEAR
29828,5,{'train': 5},1,4,DUPLICATE_NEAR
29820,1,{'train': 1},1,0,
29824,1,{'train': 1},1,0,
29848,2,{'train': 2},2,0,
29832,1,{'train': 1},1,0,
29834,2,{'train': 2},2,0,
29841,4,{'train': 4},1,3,DUPLICATE_NEAR
29836,1,{'train': 1},1,0,
29840,2,{'train': 2},2,0,
29859,9,{'train': 9},1,8,DUPLICATE_NEAR
29844,1,{'train': 1},1,0,
29857,4,{'train': 4},1,3,DUPLICATE_NEAR
29850,1,{'train': 1},1,0,
29860,2,{'train': 2},2,0,
29862,1,{'train': 1},1,0,
29865,1,{'train': 1},1,0,
29899,16,{'train': 16},1,15,DUPLICATE_NEAR
29909,3,{'train': 3},1,2,DUPLICATE_NEAR
29897,2,{'train': 2},2,0,
29886,11,{'train': 11},1,10,DUPLICATE_NEAR
29879,2,{'train': 2},2,0,
29880,1,{'train': 1},1,0,
29931,12,{'train': 12},1,11,DUPLICATE_NEAR
29929,4,{'train': 4},1,3,DUPLICATE_NEAR
29893,2,{'train': 2},2,0,
29910,3,{'train': 3},1,2,DUPLICATE_NEAR
29912,1,{'train': 1},1,0,
29913,1,{'train': 1},1,0,
29962,11,{'train': 11},1,10,DUPLICATE_NEAR
29925,2,{'train': 2},2,0,
29937,4,{'train': 4},1,3,DUPLICATE_NEAR
29933,1,{'train': 1},1,0,
29935,1,{'train': 1},1,0,
29945,3,{'train': 3},1,2,DUPLICATE_NEAR
29942,1,{'train': 1},1,0,
29944,2,{'train': 2},2,0,
29950,2,{'train': 2},2,0,
29947,1,{'train': 1},1,0,
29951,3,{'train': 3},1,2,DUPLICATE_NEAR
29952,1,{'train': 1},1,0,
29956,3,{'train': 3},1,2,DUPLICATE_NEAR
29957,2,{'train': 2},2,0,
29959,2,{'train': 2},2,0,
29965,2,{'train': 2},2,0,
29964,1,{'train': 1},1,0,
31883,3,{'train': 3},1,2,DUPLICATE_NEAR
29971,1,{'train': 1},1,0,
31894,3,{'train': 3},1,2,DUPLICATE_NEAR
31902,3,{'train': 3},1,2,DUPLICATE_NEAR
29975,1,{'train': 1},1,0,
31923,2,{'train': 2},2,0,
29977,1,{'train': 1},1,0,
29978,1,{'train': 1},1,0,
29979,1,{'train': 1},1,0,
29980,1,{'train': 1},1,0,
31942,2,{'train': 2},2,0,
31949,3,{'train': 3},1,2,DUPLICATE_NEAR
31951,4,{'train': 4},1,3,DUPLICATE_NEAR
32021,5,{'train': 5},1,4,DUPLICATE_NEAR
32053,4,{'train': 4},1,3,DUPLICATE_NEAR
32068,5,{'train': 5},1,4,DUPLICATE_NEAR
32148,10,{'train': 10},1,9,DUPLICATE_NEAR
32161,2,{'train': 2},2,0,
32159,2,{'train': 2},2,0,
32687,11,{'train': 11},1,10,DUPLICATE_NEAR
29995,1,{'train': 1},1,0,
29996,1,{'train': 1},1,0,
32718,2,{'train': 2},2,0,
32722,4,{'train': 4},1,3,DUPLICATE_NEAR
32729,3,{'train': 3},1,2,DUPLICATE_NEAR
32734,7,{'train': 7},1,6,DUPLICATE_NEAR
30003,1,{'train': 1},1,0,
30005,3,{'train': 3},1,2,DUPLICATE_NEAR
32762,3,{'train': 3},1,2,DUPLICATE_NEAR
30007,1,{'train': 1},1,0,
32776,2,{'train': 2},2,0,
32779,3,{'train': 3},1,2,DUPLICATE_NEAR
32780,3,{'train': 3},1,2,DUPLICATE_NEAR
30014,2,{'train': 2},2,0,
30018,2,{'train': 2},2,0,
30017,2,{'train': 2},2,0,
33505,4,{'train': 4},1,3,DUPLICATE_NEAR
33510,2,{'train': 2},2,0,
30048,8,{'train': 8},1,7,DUPLICATE_NEAR
30045,3,{'train': 3},1,2,DUPLICATE_NEAR
30052,1,{'train': 1},1,0,
33650,2,{'train': 2},2,0,
33688,4,{'train': 4},1,3,DUPLICATE_NEAR
33685,2,{'train': 2},2,0,
30059,1,{'train': 1},1,0,
33700,3,{'train': 3},1,2,DUPLICATE_NEAR
30061,1,{'train': 1},1,0,
33705,3,{'train': 3},1,2,DUPLICATE_NEAR
33717,4,{'train': 4},1,3,DUPLICATE_NEAR
30064,1,{'train': 1},1,0,
33719,3,{'train': 3},1,2,DUPLICATE_NEAR
33713,3,{'train': 3},1,2,DUPLICATE_NEAR
33744,10,{'train': 10},1,9,DUPLICATE_NEAR
33753,4,{'train': 4},1,3,DUPLICATE_NEAR
33840,20,{'train': 20},1,19,DUPLICATE_NEAR
33821,14,{'train': 14},1,13,DUPLICATE_NEAR
33725,5,{'train': 5},1,4,DUPLICATE_NEAR
33760,8,{'train': 8},1,7,DUPLICATE_NEAR
33816,4,{'train': 4},1,3,DUPLICATE_NEAR
33789,12,{'train': 12},1,11,DUPLICATE_NEAR
33773,24,{'train': 24},1,23,DUPLICATE_NEAR
33820,2,{'train': 2},2,0,
33822,3,{'train': 3},1,2,DUPLICATE_NEAR
33819,9,{'train': 9},1,8,DUPLICATE_NEAR
33854,13,{'train': 13},1,12,DUPLICATE_NEAR
30091,1,{'train': 1},1,0,
33851,2,{'train': 2},2,0,
33862,6,{'train': 6},1,5,DUPLICATE_NEAR
33888,3,{'train': 3},1,2,DUPLICATE_NEAR
33889,2,{'train': 2},2,0,
33891,3,{'train': 3},1,2,DUPLICATE_NEAR
33900,5,{'train': 5},1,4,DUPLICATE_NEAR
33902,3,{'train': 3},1,2,DUPLICATE_NEAR
33921,3,{'train': 3},1,2,DUPLICATE_NEAR
33929,2,{'train': 2},2,0,
33944,15,{'train': 15},1,14,DUPLICATE_NEAR
33950,2,{'train': 2},2,0,
33966,14,{'train': 14},1,13,DUPLICATE_NEAR
33932,2,{'train': 2},2,0,
33979,5,{'train': 5},1,4,DUPLICATE_NEAR
35075,19,{'train': 19},1,18,DUPLICATE_NEAR
35078,25,{'train': 25},1,24,DUPLICATE_NEAR
35045,6,{'train': 6},1,5,DUPLICATE_NEAR
35055,5,{'train': 5},1,4,DUPLICATE_NEAR
35077,3,{'train': 3},1,2,DUPLICATE_NEAR
35147,3,{'train': 3},1,2,DUPLICATE_NEAR
35149,4,{'train': 4},1,3,DUPLICATE_NEAR
35332,2,{'train': 2},2,0,
30152,8,{'train': 8},1,7,DUPLICATE_NEAR
30126,2,{'train': 2},2,0,
30154,5,{'train': 5},1,4,DUPLICATE_NEAR
30165,25,{'train': 25},1,24,DUPLICATE_NEAR
30155,3,{'train': 3},1,2,DUPLICATE_NEAR
30140,5,{'train': 5},1,4,DUPLICATE_NEAR
30142,1,{'train': 1},1,0,
30179,5,{'train': 5},1,4,DUPLICATE_NEAR
30181,3,{'train': 3},1,2,DUPLICATE_NEAR
30168,1,{'train': 1},1,0,
30170,2,{'train': 2},2,0,
35338,2,{'train': 2},2,0,
35345,2,{'train': 2},2,0,
35351,2,{'train': 2},2,0,
35355,2,{'train': 2},2,0,
35359,4,{'train': 4},1,3,DUPLICATE_NEAR
35360,2,{'train': 2},2,0,
30190,1,{'train': 1},1,0,
35369,6,{'train': 6},1,5,DUPLICATE_NEAR
35462,11,{'train': 11},1,10,DUPLICATE_NEAR
35471,2,{'train': 2},2,0,
35472,3,{'train': 3},1,2,DUPLICATE_NEAR
30196,1,{'train': 1},1,0,
35494,9,{'train': 9},1,8,DUPLICATE_NEAR
30202,16,{'train': 16},1,15,DUPLICATE_NEAR
30203,1,{'train': 1},1,0,
35500,3,{'train': 3},1,2,DUPLICATE_NEAR
30210,1,{'train': 1},1,0,
35539,10,{'train': 10},1,9,DUPLICATE_NEAR
35534,33,{'train': 33},1,32,DUPLICATE_NEAR
35507,17,{'train': 17},1,16,DUPLICATE_NEAR
36041,37,{'train': 37},1,36,DUPLICATE_NEAR
31770,17,{'train': 17},1,16,DUPLICATE_NEAR
36046,11,{'train': 11},1,10,DUPLICATE_NEAR
30549,2,{'train': 2},2,0,
35719,3,{'train': 3},1,2,DUPLICATE_NEAR
30638,1,{'train': 1},1,0,
35734,6,{'train': 6},1,5,DUPLICATE_NEAR
35730,4,{'train': 4},1,3,DUPLICATE_NEAR
30663,2,{'train': 2},2,0,
30786,23,{'train': 23},1,22,DUPLICATE_NEAR
35763,12,{'train': 12},1,11,DUPLICATE_NEAR
35744,5,{'train': 5},1,4,DUPLICATE_NEAR
35757,4,{'train': 4},1,3,DUPLICATE_NEAR
35769,4,{'train': 4},1,3,DUPLICATE_NEAR
31150,2,{'train': 2},2,0,
35818,8,{'train': 8},1,7,DUPLICATE_NEAR
31654,28,{'train': 28},1,27,DUPLICATE_NEAR
35812,10,{'train': 10},1,9,DUPLICATE_NEAR
35856,6,{'train': 6},1,5,DUPLICATE_NEAR
31646,3,{'train': 3},1,2,DUPLICATE_NEAR
31645,1,{'train': 1},1,0,
31649,1,{'train': 1},1,0,
35914,15,{'train': 15},1,14,DUPLICATE_NEAR
31714,51,{'train': 51},1,50,DUPLICATE_NEAR
35904,24,{'train': 24},1,23,DUPLICATE_NEAR
35999,49,{'train': 49},1,48,DUPLICATE_NEAR
35959,11,{'train': 11},1,10,DUPLICATE_NEAR
35994,14,{'train': 14},1,13,DUPLICATE_NEAR
35978,2,{'train': 2},2,0,
35987,3,{'train': 3},1,2,DUPLICATE_NEAR
28668,4,{'train': 4},1,3,DUPLICATE_NEAR
28669,3,{'train': 3},1,2,DUPLICATE_NEAR
28670,2,{'train': 2},2,0,
12847,3,{'train': 3},1,2,DUPLICATE_NEAR
28672,6,{'train': 6},1,5,DUPLICATE_NEAR
28673,1,{'train': 1},1,0,
28674,2,{'train': 2},2,0,
28676,4,{'train': 4},1,3,DUPLICATE_NEAR
12942,5,{'train': 5},1,4,DUPLICATE_NEAR
12971,6,{'train': 6},1,5,DUPLICATE_NEAR
28680,3,{'train': 3},1,2,DUPLICATE_NEAR
28681,3,{'train': 3},1,2,DUPLICATE_NEAR
28682,4,{'train': 4},1,3,DUPLICATE_NEAR
28683,5,{'train': 5},1,4,DUPLICATE_NEAR
28684,2,{'train': 2},2,0,
28686,2,{'train': 2},2,0,
13066,3,{'train': 3},1,2,DUPLICATE_NEAR
13081,5,{'train': 5},1,4,DUPLICATE_NEAR
28689,2,{'train': 2},2,0,
28691,4,{'train': 4},1,3,DUPLICATE_NEAR
28692,5,{'train': 5},1,4,DUPLICATE_NEAR
28695,5,{'train': 5},1,4,DUPLICATE_NEAR
28694,2,{'train': 2},2,0,
28696,1,{'train': 1},1,0,
28698,7,{'train': 7},1,6,DUPLICATE_NEAR
28699,4,{'train': 4},1,3,DUPLICATE_NEAR
28700,2,{'train': 2},2,0,
28701,2,{'train': 2},2,0,
28702,2,{'train': 2},2,0,
28704,3,{'train': 3},1,2,DUPLICATE_NEAR
28705,1,{'train': 1},1,0,
28709,7,{'train': 7},1,6,DUPLICATE_NEAR
28711,1,{'train': 1},1,0,
28713,3,{'train': 3},1,2,DUPLICATE_NEAR
28715,7,{'train': 7},1,6,DUPLICATE_NEAR
28716,2,{'train': 2},2,0,
28717,4,{'train': 4},1,3,DUPLICATE_NEAR
28718,1,{'train': 1},1,0,
28719,4,{'train': 4},1,3,DUPLICATE_NEAR
28720,2,{'train': 2},2,0,
47975,3,"{'train': 2, 'test': 1}",2,1,CROSS_SPLIT_NEARDUP_LEAKAGE
28722,6,{'train': 6},1,5,DUPLICATE_NEAR
28724,2,{'train': 2},2,0,
28725,3,{'train': 3},1,2,DUPLICATE_NEAR
28726,3,{'train': 3},1,2,DUPLICATE_NEAR
28727,4,{'train': 4},1,3,DUPLICATE_NEAR
28729,3,{'train': 3},1,2,DUPLICATE_NEAR
28730,1,{'train': 1},1,0,
13426,3,{'train': 3},1,2,DUPLICATE_NEAR
28732,3,{'train': 3},1,2,DUPLICATE_NEAR
28733,4,{'train': 4},1,3,DUPLICATE_NEAR
28735,4,{'train': 4},1,3,DUPLICATE_NEAR
28736,3,{'train': 3},1,2,DUPLICATE_NEAR
28737,2,{'train': 2},2,0,
28738,4,{'train': 4},1,3,DUPLICATE_NEAR
28740,3,{'train': 3},1,2,DUPLICATE_NEAR
28741,4,{'train': 4},1,3,DUPLICATE_NEAR
13577,5,{'train': 5},1,4,DUPLICATE_NEAR
28744,4,{'train': 4},1,3,DUPLICATE_NEAR
28745,2,{'train': 2},2,0,
28746,4,{'train': 4},1,3,DUPLICATE_NEAR
28748,4,{'train': 4},1,3,DUPLICATE_NEAR
28751,7,{'train': 7},1,6,DUPLICATE_NEAR
28754,4,{'train': 4},1,3,DUPLICATE_NEAR
28755,4,{'train': 4},1,3,DUPLICATE_NEAR
28757,4,{'train': 4},1,3,DUPLICATE_NEAR
28758,1,{'train': 1},1,0,
28759,4,{'train': 4},1,3,DUPLICATE_NEAR
28760,2,{'train': 2},2,0,
28761,1,{'train': 1},1,0,
28762,1,{'train': 1},1,0,
28763,3,{'train': 3},1,2,DUPLICATE_NEAR
28764,3,{'train': 3},1,2,DUPLICATE_NEAR
28766,3,{'train': 3},1,2,DUPLICATE_NEAR
28767,2,{'train': 2},2,0,
28768,2,{'train': 2},2,0,
28769,2,{'train': 2},2,0,
28770,6,{'train': 6},1,5,DUPLICATE_NEAR
13840,6,{'train': 6},1,5,DUPLICATE_NEAR
28773,2,{'train': 2},2,0,
28774,2,{'train': 2},2,0,
28775,3,{'train': 3},1,2,DUPLICATE_NEAR
28776,2,{'train': 2},2,0,
28777,2,{'train': 2},2,0,
28778,4,{'train': 4},1,3,DUPLICATE_NEAR
28780,3,{'train': 3},1,2,DUPLICATE_NEAR
28781,1,{'train': 1},1,0,
28782,1,{'train': 1},1,0,
28783,2,{'train': 2},2,0,
28786,5,{'train': 5},1,4,DUPLICATE_NEAR
28787,5,{'train': 5},1,4,DUPLICATE_NEAR
28788,3,{'train': 3},1,2,DUPLICATE_NEAR
14057,6,{'train': 6},1,5,DUPLICATE_NEAR
28791,5,{'train': 5},1,4,DUPLICATE_NEAR
28792,1,{'train': 1},1,0,
28793,3,{'train': 3},1,2,DUPLICATE_NEAR
28794,3,{'train': 3},1,2,DUPLICATE_NEAR
14154,5,{'train': 5},1,4,DUPLICATE_NEAR
28796,3,{'train': 3},1,2,DUPLICATE_NEAR
14174,3,{'train': 3},1,2,DUPLICATE_NEAR
28799,3,{'train': 3},1,2,DUPLICATE_NEAR
28800,2,{'train': 2},2,0,
28801,2,{'train': 2},2,0,
28802,4,{'train': 4},1,3,DUPLICATE_NEAR
14267,4,{'train': 4},1,3,DUPLICATE_NEAR
28805,4,{'train': 4},1,3,DUPLICATE_NEAR
14303,4,{'train': 4},1,3,DUPLICATE_NEAR
28807,2,{'train': 2},2,0,
28808,2,{'train': 2},2,0,
14330,3,{'train': 3},1,2,DUPLICATE_NEAR
28810,1,{'train': 1},1,0,
28813,4,{'train': 4},1,3,DUPLICATE_NEAR
14337,3,{'train': 3},1,2,DUPLICATE_NEAR
14369,3,{'train': 3},1,2,DUPLICATE_NEAR
14387,3,{'train': 3},1,2,DUPLICATE_NEAR
28816,3,{'train': 3},1,2,DUPLICATE_NEAR
28817,3,{'train': 3},1,2,DUPLICATE_NEAR
28818,2,{'train': 2},2,0,
28819,2,{'train': 2},2,0,
28820,6,{'train': 6},1,5,DUPLICATE_NEAR
28822,6,{'train': 6},1,5,DUPLICATE_NEAR
28824,2,{'train': 2},2,0,
28825,2,{'train': 2},2,0,
28826,3,{'train': 3},1,2,DUPLICATE_NEAR
28827,3,{'train': 3},1,2,DUPLICATE_NEAR
14484,5,{'train': 5},1,4,DUPLICATE_NEAR
28829,2,{'train': 2},2,0,
28830,1,{'train': 1},1,0,
28831,2,{'train': 2},2,0,
28832,3,{'train': 3},1,2,DUPLICATE_NEAR
28833,2,{'train': 2},2,0,
28834,1,{'train': 1},1,0,
28835,3,{'train': 3},1,2,DUPLICATE_NEAR
28836,2,{'train': 2},2,0,
28837,4,{'train': 4},1,3,DUPLICATE_NEAR
14627,4,{'train': 4},1,3,DUPLICATE_NEAR
14634,3,{'train': 3},1,2,DUPLICATE_NEAR
28840,2,{'train': 2},2,0,
28841,2,{'train': 2},2,0,
28842,4,{'train': 4},1,3,DUPLICATE_NEAR
14671,3,{'train': 3},1,2,DUPLICATE_NEAR
28844,2,{'train': 2},2,0,
28845,2,{'train': 2},2,0,
28846,3,{'train': 3},1,2,DUPLICATE_NEAR
28847,4,{'train': 4},1,3,DUPLICATE_NEAR
28849,5,{'train': 5},1,4,DUPLICATE_NEAR
28850,2,{'train': 2},2,0,
28851,2,{'train': 2},2,0,
28852,5,{'train': 5},1,4,DUPLICATE_NEAR
28853,2,{'train': 2},2,0,
28854,4,{'train': 4},1,3,DUPLICATE_NEAR
28855,4,{'train': 4},1,3,DUPLICATE_NEAR
28856,3,{'train': 3},1,2,DUPLICATE_NEAR
28857,1,{'train': 1},1,0,
14834,6,{'train': 6},1,5,DUPLICATE_NEAR
28859,3,{'train': 3},1,2,DUPLICATE_NEAR
28863,5,{'train': 5},1,4,DUPLICATE_NEAR
28866,2,{'train': 2},2,0,
28865,2,{'train': 2},2,0,
28867,6,{'train': 6},1,5,DUPLICATE_NEAR
28868,2,{'train': 2},2,0,
19100,6,{'train': 6},1,5,DUPLICATE_NEAR
28871,4,{'train': 4},1,3,DUPLICATE_NEAR
28872,3,{'train': 3},1,2,DUPLICATE_NEAR
28873,7,{'train': 7},1,6,DUPLICATE_NEAR
19201,6,{'train': 6},1,5,DUPLICATE_NEAR
28875,4,{'train': 4},1,3,DUPLICATE_NEAR
28876,2,{'train': 2},2,0,
28879,6,{'train': 6},1,5,DUPLICATE_NEAR
28880,2,{'train': 2},2,0,
28882,4,{'train': 4},1,3,DUPLICATE_NEAR
28883,3,{'train': 3},1,2,DUPLICATE_NEAR
28884,2,{'train': 2},2,0,
15108,3,{'train': 3},1,2,DUPLICATE_NEAR
28887,3,{'train': 3},1,2,DUPLICATE_NEAR
28888,2,{'train': 2},2,0,
28889,5,{'train': 5},1,4,DUPLICATE_NEAR
28890,5,{'train': 5},1,4,DUPLICATE_NEAR
15176,4,{'train': 4},1,3,DUPLICATE_NEAR
28892,2,{'train': 2},2,0,
28893,4,{'train': 4},1,3,DUPLICATE_NEAR
28895,1,{'train': 1},1,0,
28896,2,{'train': 2},2,0,
28897,6,{'train': 6},1,5,DUPLICATE_NEAR
15253,4,{'train': 4},1,3,DUPLICATE_NEAR
28901,2,{'train': 2},2,0,
28902,4,{'train': 4},1,3,DUPLICATE_NEAR
28903,2,{'train': 2},2,0,
15319,5,{'train': 5},1,4,DUPLICATE_NEAR
28905,3,{'train': 3},1,2,DUPLICATE_NEAR
28906,1,{'train': 1},1,0,
28907,2,{'train': 2},2,0,
28909,5,{'train': 5},1,4,DUPLICATE_NEAR
28911,6,{'train': 6},1,5,DUPLICATE_NEAR
28912,1,{'train': 1},1,0,
28913,1,{'train': 1},1,0,
28914,5,{'train': 5},1,4,DUPLICATE_NEAR
15509,4,{'train': 4},1,3,DUPLICATE_NEAR
28916,4,{'train': 4},1,3,DUPLICATE_NEAR
28917,3,{'train': 3},1,2,DUPLICATE_NEAR
15546,4,{'train': 4},1,3,DUPLICATE_NEAR
28919,2,{'train': 2},2,0,
28920,1,{'train': 1},1,0,
28921,2,{'train': 2},2,0,
28924,6,{'train': 6},1,5,DUPLICATE_NEAR
28925,3,{'train': 3},1,2,DUPLICATE_NEAR
28926,2,{'train': 2},2,0,
28927,2,{'train': 2},2,0,
28928,6,{'train': 6},1,5,DUPLICATE_NEAR
28929,2,{'train': 2},2,0,
28930,3,{'train': 3},1,2,DUPLICATE_NEAR
15686,5,{'train': 5},1,4,DUPLICATE_NEAR
28932,3,{'train': 3},1,2,DUPLICATE_NEAR
28933,4,{'train': 4},1,3,DUPLICATE_NEAR
28934,2,{'train': 2},2,0,
28935,6,{'train': 6},1,5,DUPLICATE_NEAR
28936,2,{'train': 2},2,0,
47278,9,"{'train': 5, 'test': 4}",1,8,CROSS_SPLIT_NEARDUP_LEAKAGE;DUPLICATE_NEAR
28939,6,{'train': 6},1,5,DUPLICATE_NEAR
28942,3,{'train': 3},1,2,DUPLICATE_NEAR
28943,2,{'train': 2},2,0,
15763,6,{'train': 6},1,5,DUPLICATE_NEAR
15796,4,{'train': 4},1,3,DUPLICATE_NEAR
28946,2,{'train': 2},2,0,
28948,8,{'train': 8},1,7,DUPLICATE_NEAR
28950,2,{'train': 2},2,0,
28951,2,{'train': 2},2,0,
28952,2,{'train': 2},2,0,
28953,4,{'train': 4},1,3,DUPLICATE_NEAR
28954,2,{'train': 2},2,0,
28955,5,{'train': 5},1,4,DUPLICATE_NEAR
15890,3,{'train': 3},1,2,DUPLICATE_NEAR
28957,2,{'train': 2},2,0,
28958,1,{'train': 1},1,0,
29317,5,{'train': 5},1,4,DUPLICATE_NEAR
28960,2,{'train': 2},2,0,
28961,2,{'train': 2},2,0,
28962,1,{'train': 1},1,0,
28963,4,{'train': 4},1,3,DUPLICATE_NEAR
28964,3,{'train': 3},1,2,DUPLICATE_NEAR
28966,4,{'train': 4},1,3,DUPLICATE_NEAR
28967,2,{'train': 2},2,0,
28968,4,{'train': 4},1,3,DUPLICATE_NEAR
28971,3,{'train': 3},1,2,DUPLICATE_NEAR
28972,4,{'train': 4},1,3,DUPLICATE_NEAR
28973,3,{'train': 3},1,2,DUPLICATE_NEAR
28974,2,{'train': 2},2,0,
28975,2,{'train': 2},2,0,
28976,6,{'train': 6},1,5,DUPLICATE_NEAR
16108,3,{'train': 3},1,2,DUPLICATE_NEAR
28979,3,{'train': 3},1,2,DUPLICATE_NEAR
28980,3,{'train': 3},1,2,DUPLICATE_NEAR
28981,4,{'train': 4},1,3,DUPLICATE_NEAR
28982,2,{'train': 2},2,0,
28986,7,{'train': 7},1,6,DUPLICATE_NEAR
28985,2,{'train': 2},2,0,
16194,4,{'train': 4},1,3,DUPLICATE_NEAR
28988,4,{'train': 4},1,3,DUPLICATE_NEAR
28989,4,{'train': 4},1,3,DUPLICATE_NEAR
28990,4,{'train': 4},1,3,DUPLICATE_NEAR
28991,4,{'train': 4},1,3,DUPLICATE_NEAR
28992,3,{'train': 3},1,2,DUPLICATE_NEAR
28993,2,{'train': 2},2,0,
16278,4,{'train': 4},1,3,DUPLICATE_NEAR
28996,5,{'train': 5},1,4,DUPLICATE_NEAR
28997,1,{'train': 1},1,0,
28999,5,{'train': 5},1,4,DUPLICATE_NEAR
29000,2,{'train': 2},2,0,
29001,5,{'train': 5},1,4,DUPLICATE_NEAR
29003,3,{'train': 3},1,2,DUPLICATE_NEAR
29004,4,{'train': 4},1,3,DUPLICATE_NEAR
29005,4,{'train': 4},1,3,DUPLICATE_NEAR
16358,6,{'train': 6},1,5,DUPLICATE_NEAR
29007,2,{'train': 2},2,0,
29008,2,{'train': 2},2,0,
29009,2,{'train': 2},2,0,
29010,2,{'train': 2},2,0,
29011,1,{'train': 1},1,0,
29012,2,{'train': 2},2,0,
29013,1,{'train': 1},1,0,
29014,4,{'train': 4},1,3,DUPLICATE_NEAR
29015,3,{'train': 3},1,2,DUPLICATE_NEAR
29016,2,{'train': 2},2,0,
29017,2,{'train': 2},2,0,
29018,3,{'train': 3},1,2,DUPLICATE_NEAR
29019,3,{'train': 3},1,2,DUPLICATE_NEAR
29021,3,{'train': 3},1,2,DUPLICATE_NEAR
29023,3,{'train': 3},1,2,DUPLICATE_NEAR
29025,2,{'train': 2},2,0,
29026,3,{'train': 3},1,2,DUPLICATE_NEAR
29027,3,{'train': 3},1,2,DUPLICATE_NEAR
29029,3,{'train': 3},1,2,DUPLICATE_NEAR
29030,2,{'train': 2},2,0,
29031,3,{'train': 3},1,2,DUPLICATE_NEAR
29032,3,{'train': 3},1,2,DUPLICATE_NEAR
29033,2,{'train': 2},2,0,
29034,4,{'train': 4},1,3,DUPLICATE_NEAR
29035,1,{'train': 1},1,0,
29036,1,{'train': 1},1,0,
29041,5,{'train': 5},1,4,DUPLICATE_NEAR
29038,3,{'train': 3},1,2,DUPLICATE_NEAR
29046,4,{'train': 4},1,3,DUPLICATE_NEAR
29043,2,{'train': 2},2,0,
29044,2,{'train': 2},2,0,
29048,2,{'train': 2},2,0,
29049,2,{'train': 2},2,0,
29050,3,{'train': 3},1,2,DUPLICATE_NEAR
29051,2,{'train': 2},2,0,
29052,2,{'train': 2},2,0,
29053,3,{'train': 3},1,2,DUPLICATE_NEAR
29054,1,{'train': 1},1,0,
16738,3,{'train': 3},1,2,DUPLICATE_NEAR
29056,2,{'train': 2},2,0,
29057,4,{'train': 4},1,3,DUPLICATE_NEAR
29059,2,{'train': 2},2,0,
29061,4,{'train': 4},1,3,DUPLICATE_NEAR
29062,2,{'train': 2},2,0,
29063,1,{'train': 1},1,0,
29064,1,{'train': 1},1,0,
29065,2,{'train': 2},2,0,
29068,4,{'train': 4},1,3,DUPLICATE_NEAR
29069,3,{'train': 3},1,2,DUPLICATE_NEAR
29070,3,{'train': 3},1,2,DUPLICATE_NEAR
29071,2,{'train': 2},2,0,
29074,4,{'train': 4},1,3,DUPLICATE_NEAR
29075,3,{'train': 3},1,2,DUPLICATE_NEAR
29077,3,{'train': 3},1,2,DUPLICATE_NEAR
16911,3,{'train': 3},1,2,DUPLICATE_NEAR
29079,2,{'train': 2},2,0,
29080,1,{'train': 1},1,0,
29081,3,{'train': 3},1,2,DUPLICATE_NEAR
29083,3,{'train': 3},1,2,DUPLICATE_NEAR
29084,3,{'train': 3},1,2,DUPLICATE_NEAR
29085,1,{'train': 1},1,0,
29087,2,{'train': 2},2,0,
29089,3,{'train': 3},1,2,DUPLICATE_NEAR
29090,2,{'train': 2},2,0,
29091,2,{'train': 2},2,0,
29094,4,{'train': 4},1,3,DUPLICATE_NEAR
29095,2,{'train': 2},2,0,
29096,2,{'train': 2},2,0,
29097,1,{'train': 1},1,0,
29098,3,{'train': 3},1,2,DUPLICATE_NEAR
29099,2,{'train': 2},2,0,
29100,2,{'train': 2},2,0,
29101,4,{'train': 4},1,3,DUPLICATE_NEAR
29103,3,{'train': 3},1,2,DUPLICATE_NEAR
29104,2,{'train': 2},2,0,
29105,1,{'train': 1},1,0,
29107,3,{'train': 3},1,2,DUPLICATE_NEAR
29108,2,{'train': 2},2,0,
29109,2,{'train': 2},2,0,
29110,2,{'train': 2},2,0,
29111,3,{'train': 3},1,2,DUPLICATE_NEAR
29112,1,{'train': 1},1,0,
29113,2,{'train': 2},2,0,
29114,1,{'train': 1},1,0,
29117,4,{'train': 4},1,3,DUPLICATE_NEAR
29118,2,{'train': 2},2,0,
29119,3,{'train': 3},1,2,DUPLICATE_NEAR
29121,3,{'train': 3},1,2,DUPLICATE_NEAR
29122,3,{'train': 3},1,2,DUPLICATE_NEAR
29123,2,{'train': 2},2,0,
29124,2,{'train': 2},2,0,
29125,2,{'train': 2},2,0,
29126,2,{'train': 2},2,0,
29127,3,{'train': 3},1,2,DUPLICATE_NEAR
17390,4,{'train': 4},1,3,DUPLICATE_NEAR
29129,2,{'train': 2},2,0,
29130,2,{'train': 2},2,0,
29131,1,{'train': 1},1,0,
29134,3,{'train': 3},1,2,DUPLICATE_NEAR
29133,2,{'train': 2},2,0,
29135,2,{'train': 2},2,0,
29136,1,{'train': 1},1,0,
29137,3,{'train': 3},1,2,DUPLICATE_NEAR
29138,2,{'train': 2},2,0,
29141,3,{'train': 3},1,2,DUPLICATE_NEAR
29140,2,{'train': 2},2,0,
29143,2,{'train': 2},2,0,
29144,1,{'train': 1},1,0,
29145,5,{'train': 5},1,4,DUPLICATE_NEAR
29147,2,{'train': 2},2,0,
29148,2,{'train': 2},2,0,
29149,1,{'train': 1},1,0,
29150,1,{'train': 1},1,0,
17600,4,{'train': 4},1,3,DUPLICATE_NEAR
29153,3,{'train': 3},1,2,DUPLICATE_NEAR
29154,1,{'train': 1},1,0,
29155,2,{'train': 2},2,0,
29156,2,{'train': 2},2,0,
29159,5,{'train': 5},1,4,DUPLICATE_NEAR
29161,2,{'train': 2},2,0,
29162,2,{'train': 2},2,0,
29163,2,{'train': 2},2,0,
29165,4,{'train': 4},1,3,DUPLICATE_NEAR
29167,3,{'train': 3},1,2,DUPLICATE_NEAR
29168,3,{'train': 3},1,2,DUPLICATE_NEAR
29171,5,{'train': 5},1,4,DUPLICATE_NEAR
29172,3,{'train': 3},1,2,DUPLICATE_NEAR
29174,3,{'train': 3},1,2,DUPLICATE_NEAR
29175,2,{'train': 2},2,0,
29177,3,{'train': 3},1,2,DUPLICATE_NEAR
29178,1,{'train': 1},1,0,
29180,3,{'train': 3},1,2,DUPLICATE_NEAR
29181,2,{'train': 2},2,0,
17942,4,{'train': 4},1,3,DUPLICATE_NEAR
29183,2,{'train': 2},2,0,
29185,2,{'train': 2},2,0,
29186,1,{'train': 1},1,0,
29187,2,{'train': 2},2,0,
29188,2,{'train': 2},2,0,
29189,2,{'train': 2},2,0,
29190,1,{'train': 1},1,0,
18096,3,{'train': 3},1,2,DUPLICATE_NEAR
29192,1,{'train': 1},1,0,
18113,4,{'train': 4},1,3,DUPLICATE_NEAR
29194,3,{'train': 3},1,2,DUPLICATE_NEAR
29196,3,{'train': 3},1,2,DUPLICATE_NEAR
29198,3,{'train': 3},1,2,DUPLICATE_NEAR
29199,4,{'train': 4},1,3,DUPLICATE_NEAR
29200,1,{'train': 1},1,0,
18164,3,{'train': 3},1,2,DUPLICATE_NEAR
29202,2,{'train': 2},2,0,
18213,3,{'train': 3},1,2,DUPLICATE_NEAR
29204,3,{'train': 3},1,2,DUPLICATE_NEAR
29205,1,{'train': 1},1,0,
29206,1,{'train': 1},1,0,
29207,3,{'train': 3},1,2,DUPLICATE_NEAR
29209,4,{'train': 4},1,3,DUPLICATE_NEAR
29210,2,{'train': 2},2,0,
29211,3,{'train': 3},1,2,DUPLICATE_NEAR
29212,2,{'train': 2},2,0,
29213,1,{'train': 1},1,0,
29214,3,{'train': 3},1,2,DUPLICATE_NEAR
29216,2,{'train': 2},2,0,
18345,4,{'train': 4},1,3,DUPLICATE_NEAR
29218,2,{'train': 2},2,0,
29219,2,{'train': 2},2,0,
29220,3,{'train': 3},1,2,DUPLICATE_NEAR
29221,1,{'train': 1},1,0,
29222,3,{'train': 3},1,2,DUPLICATE_NEAR
29223,3,{'train': 3},1,2,DUPLICATE_NEAR
29224,1,{'train': 1},1,0,
18452,4,{'train': 4},1,3,DUPLICATE_NEAR
29226,2,{'train': 2},2,0,
29227,3,{'train': 3},1,2,DUPLICATE_NEAR
29228,2,{'train': 2},2,0,
29229,1,{'train': 1},1,0,
29230,3,{'train': 3},1,2,DUPLICATE_NEAR
18571,3,{'train': 3},1,2,DUPLICATE_NEAR
29232,2,{'train': 2},2,0,
29233,2,{'train': 2},2,0,
29234,2,{'train': 2},2,0,
29236,3,{'train': 3},1,2,DUPLICATE_NEAR
29237,3,{'train': 3},1,2,DUPLICATE_NEAR
29238,3,{'train': 3},1,2,DUPLICATE_NEAR
29239,1,{'train': 1},1,0,
29241,3,{'train': 3},1,2,DUPLICATE_NEAR
29242,1,{'train': 1},1,0,
29243,2,{'train': 2},2,0,
29244,1,{'train': 1},1,0,
29245,1,{'train': 1},1,0,
29246,3,{'train': 3},1,2,DUPLICATE_NEAR
29247,3,{'train': 3},1,2,DUPLICATE_NEAR
29248,2,{'train': 2},2,0,
29249,1,{'train': 1},1,0,
29250,3,{'train': 3},1,2,DUPLICATE_NEAR
29252,3,{'train': 3},1,2,DUPLICATE_NEAR
29253,2,{'train': 2},2,0,
29254,1,{'train': 1},1,0,
29256,4,{'train': 4},1,3,DUPLICATE_NEAR
29257,4,{'train': 4},1,3,DUPLICATE_NEAR
29259,2,{'train': 2},2,0,
29260,1,{'train': 1},1,0,
29264,4,{'train': 4},1,3,DUPLICATE_NEAR
29265,3,{'train': 3},1,2,DUPLICATE_NEAR
29266,4,{'train': 4},1,3,DUPLICATE_NEAR
29268,4,{'train': 4},1,3,DUPLICATE_NEAR
29269,2,{'train': 2},2,0,
29270,2,{'train': 2},2,0,
29271,3,{'train': 3},1,2,DUPLICATE_NEAR
47803,5,"{'train': 3, 'test': 2}",1,4,CROSS_SPLIT_NEARDUP_LEAKAGE;DUPLICATE_NEAR
29273,2,{'train': 2},2,0,
29274,3,{'train': 3},1,2,DUPLICATE_NEAR
29276,2,{'train': 2},2,0,
29277,2,{'train': 2},2,0,
29278,3,{'train': 3},1,2,DUPLICATE_NEAR
29279,1,{'train': 1},1,0,
29280,3,{'train': 3},1,2,DUPLICATE_NEAR
29283,2,{'train': 2},2,0,
29284,1,{'train': 1},1,0,
29285,5,{'train': 5},1,4,DUPLICATE_NEAR
29287,2,{'train': 2},2,0,
29288,4,{'train': 4},1,3,DUPLICATE_NEAR
29289,1,{'train': 1},1,0,
29290,2,{'train': 2},2,0,
29291,3,{'train': 3},1,2,DUPLICATE_NEAR
29292,1,{'train': 1},1,0,
29295,4,{'train': 4},1,3,DUPLICATE_NEAR
29296,2,{'train': 2},2,0,
29297,1,{'train': 1},1,0,
29299,3,{'train': 3},1,2,DUPLICATE_NEAR
29302,2,{'train': 2},2,0,
19303,3,{'train': 3},1,2,DUPLICATE_NEAR
29303,2,{'train': 2},2,0,
19324,3,{'train': 3},1,2,DUPLICATE_NEAR
29305,3,{'train': 3},1,2,DUPLICATE_NEAR
29307,5,{'train': 5},1,4,DUPLICATE_NEAR
29308,1,{'train': 1},1,0,
29309,4,{'train': 4},1,3,DUPLICATE_NEAR
29310,1,{'train': 1},1,0,
29311,3,{'train': 3},1,2,DUPLICATE_NEAR
29312,3,{'train': 3},1,2,DUPLICATE_NEAR
29313,2,{'train': 2},2,0,
29315,3,{'train': 3},1,2,DUPLICATE_NEAR
29316,2,{'train': 2},2,0,
29318,2,{'train': 2},2,0,
29320,4,{'train': 4},1,3,DUPLICATE_NEAR
29321,1,{'train': 1},1,0,
29322,2,{'train': 2},2,0,
29323,3,{'train': 3},1,2,DUPLICATE_NEAR
29324,1,{'train': 1},1,0,
29325,4,{'train': 4},1,3,DUPLICATE_NEAR
29326,1,{'train': 1},1,0,
29328,3,{'train': 3},1,2,DUPLICATE_NEAR
29329,1,{'train': 1},1,0,
29330,2,{'train': 2},2,0,
19575,3,{'train': 3},1,2,DUPLICATE_NEAR
29332,1,{'train': 1},1,0,
29333,1,{'train': 1},1,0,
29334,2,{'train': 2},2,0,
29335,3,{'train': 3},1,2,DUPLICATE_NEAR
29336,3,{'train': 3},1,2,DUPLICATE_NEAR
29337,2,{'train': 2},2,0,
29340,5,{'train': 5},1,4,DUPLICATE_NEAR
29341,1,{'train': 1},1,0,
29342,3,{'train': 3},1,2,DUPLICATE_NEAR
29343,3,{'train': 3},1,2,DUPLICATE_NEAR
29344,1,{'train': 1},1,0,
29345,5,{'train': 5},1,4,DUPLICATE_NEAR
29347,3,{'train': 3},1,2,DUPLICATE_NEAR
29349,2,{'train': 2},2,0,
29350,3,{'train': 3},1,2,DUPLICATE_NEAR
19755,4,{'train': 4},1,3,DUPLICATE_NEAR
29353,1,{'train': 1},1,0,
19760,4,{'train': 4},1,3,DUPLICATE_NEAR
29355,2,{'train': 2},2,0,
29357,3,{'train': 3},1,2,DUPLICATE_NEAR
29358,2,{'train': 2},2,0,
29359,3,{'train': 3},1,2,DUPLICATE_NEAR
29360,2,{'train': 2},2,0,
29361,2,{'train': 2},2,0,
31788,1,{'train': 1},1,0,
31791,2,{'train': 2},2,0,
31793,2,{'train': 2},2,0,
31794,1,{'train': 1},1,0,
31795,1,{'train': 1},1,0,
31796,1,{'train': 1},1,0,
31799,3,{'train': 3},1,2,DUPLICATE_NEAR
31800,1,{'train': 1},1,0,
31801,1,{'train': 1},1,0,
31802,1,{'train': 1},1,0,
31803,1,{'train': 1},1,0,
31804,1,{'train': 1},1,0,
31816,2,{'train': 2},2,0,
31818,2,{'train': 2},2,0,
31807,1,{'train': 1},1,0,
31808,1,{'train': 1},1,0,
31809,1,{'train': 1},1,0,
31810,1,{'train': 1},1,0,
31811,1,{'train': 1},1,0,
31812,1,{'train': 1},1,0,
31813,1,{'train': 1},1,0,
31815,2,{'train': 2},2,0,
31817,1,{'train': 1},1,0,
31819,1,{'train': 1},1,0,
31820,1,{'train': 1},1,0,
31821,1,{'train': 1},1,0,
31822,1,{'train': 1},1,0,
31823,1,{'train': 1},1,0,
31824,1,{'train': 1},1,0,
31825,1,{'train': 1},1,0,
31826,1,{'train': 1},1,0,
31827,1,{'train': 1},1,0,
31828,1,{'train': 1},1,0,
31829,1,{'train': 1},1,0,
31830,1,{'train': 1},1,0,
31831,1,{'train': 1},1,0,
32247,4,{'train': 4},1,3,DUPLICATE_NEAR
31833,1,{'train': 1},1,0,
31834,1,{'train': 1},1,0,
31835,1,{'train': 1},1,0,
31836,1,{'train': 1},1,0,
31839,2,{'train': 2},2,0,
31841,2,{'train': 2},2,0,
31848,4,"{'train': 3, 'val': 1}",1,3,CROSS_SPLIT_NEARDUP_LEAKAGE;DUPLICATE_NEAR
31843,1,{'train': 1},1,0,
31844,1,{'train': 1},1,0,
31845,1,{'train': 1},1,0,
31846,1,{'train': 1},1,0,
31847,1,{'train': 1},1,0,
31849,1,{'train': 1},1,0,
31850,1,{'train': 1},1,0,
31851,1,{'train': 1},1,0,
31852,1,{'train': 1},1,0,
31854,1,{'train': 1},1,0,
31855,1,{'train': 1},1,0,
31856,1,{'train': 1},1,0,
31857,1,{'train': 1},1,0,
31863,2,{'train': 2},2,0,
31862,1,{'train': 1},1,0,
31872,2,{'train': 2},2,0,
31871,1,{'train': 1},1,0,
31879,2,{'train': 2},2,0,
31878,1,{'train': 1},1,0,
32162,1,{'train': 1},1,0,
32163,1,{'train': 1},1,0,
32164,1,{'train': 1},1,0,
32166,1,{'train': 1},1,0,
32167,1,{'train': 1},1,0,
32168,1,{'train': 1},1,0,
32169,1,{'train': 1},1,0,
32170,1,{'train': 1},1,0,
32171,1,{'train': 1},1,0,
32172,1,{'train': 1},1,0,
32173,1,{'train': 1},1,0,
32174,1,{'train': 1},1,0,
32175,1,{'train': 1},1,0,
32176,1,{'train': 1},1,0,
32177,1,{'train': 1},1,0,
32178,1,{'train': 1},1,0,
32179,1,{'train': 1},1,0,
32180,1,{'train': 1},1,0,
32181,1,{'train': 1},1,0,
32182,1,{'train': 1},1,0,
32183,1,{'train': 1},1,0,
32184,1,{'train': 1},1,0,
32185,1,{'train': 1},1,0,
32186,1,{'train': 1},1,0,
32187,1,{'train': 1},1,0,
32188,1,{'train': 1},1,0,
32189,1,{'train': 1},1,0,
32190,1,{'train': 1},1,0,
32191,1,{'train': 1},1,0,
32192,1,{'train': 1},1,0,
32194,2,{'train': 2},2,0,
32195,1,{'train': 1},1,0,
32196,1,{'train': 1},1,0,
32197,1,{'train': 1},1,0,
32198,1,{'train': 1},1,0,
32199,1,{'train': 1},1,0,
32200,1,{'train': 1},1,0,
32201,1,{'train': 1},1,0,
32202,1,{'train': 1},1,0,
32204,1,{'train': 1},1,0,
41891,7,"{'train': 6, 'val': 1}",1,6,CROSS_SPLIT_NEARDUP_LEAKAGE;DUPLICATE_NEAR
32206,1,{'train': 1},1,0,
32207,1,{'train': 1},1,0,
32208,1,{'train': 1},1,0,
32209,1,{'train': 1},1,0,
32210,1,{'train': 1},1,0,
32211,1,{'train': 1},1,0,
32212,1,{'train': 1},1,0,
32213,1,{'train': 1},1,0,
32214,1,{'train': 1},1,0,
32215,1,{'train': 1},1,0,
32216,1,{'train': 1},1,0,
32217,1,{'train': 1},1,0,
32218,1,{'train': 1},1,0,
32219,1,{'train': 1},1,0,
32220,1,{'train': 1},1,0,
32221,1,{'train': 1},1,0,
32222,1,{'train': 1},1,0,
32223,1,{'train': 1},1,0,
32224,1,{'train': 1},1,0,
32225,1,{'train': 1},1,0,
32226,1,{'train': 1},1,0,
32227,1,{'train': 1},1,0,
32228,1,{'train': 1},1,0,
32229,1,{'train': 1},1,0,
32230,1,{'train': 1},1,0,
32231,1,{'train': 1},1,0,
32232,1,{'train': 1},1,0,
32233,1,{'train': 1},1,0,
32234,1,{'train': 1},1,0,
32235,1,{'train': 1},1,0,
32238,2,{'train': 2},2,0,
32237,1,{'train': 1},1,0,
32239,1,{'train': 1},1,0,
32240,1,{'train': 1},1,0,
32241,1,{'train': 1},1,0,
32242,1,{'train': 1},1,0,
32243,1,{'train': 1},1,0,
32244,1,{'train': 1},1,0,
32245,1,{'train': 1},1,0,
32246,1,{'train': 1},1,0,
32248,1,{'train': 1},1,0,
32249,1,{'train': 1},1,0,
44089,3,"{'train': 1, 'val': 2}",2,1,CROSS_SPLIT_NEARDUP_LEAKAGE
32252,1,{'train': 1},1,0,
31884,1,{'train': 1},1,0,
31891,2,{'train': 2},2,0,
31889,1,{'train': 1},1,0,
31890,1,{'train': 1},1,0,
31893,1,{'train': 1},1,0,
31895,1,{'train': 1},1,0,
31896,1,{'train': 1},1,0,
31897,1,{'train': 1},1,0,
31898,1,{'train': 1},1,0,
31900,2,{'train': 2},2,0,
31901,1,{'train': 1},1,0,
31903,1,{'train': 1},1,0,
31904,1,{'train': 1},1,0,
31905,1,{'train': 1},1,0,
31906,1,{'train': 1},1,0,
31908,2,{'train': 2},2,0,
31909,1,{'train': 1},1,0,
31910,1,{'train': 1},1,0,
31911,1,{'train': 1},1,0,
31912,1,{'train': 1},1,0,
49966,4,"{'train': 2, 'test': 2}",2,2,CROSS_SPLIT_NEARDUP_LEAKAGE
31914,1,{'train': 1},1,0,
31918,2,{'train': 2},2,0,
31917,1,{'train': 1},1,0,
31919,1,{'train': 1},1,0,
31921,2,{'train': 2},2,0,
31922,1,{'train': 1},1,0,
31924,1,{'train': 1},1,0,
31926,2,{'train': 2},2,0,
31927,1,{'train': 1},1,0,
31928,1,{'train': 1},1,0,
31929,1,{'train': 1},1,0,
31932,2,{'train': 2},2,0,
31931,1,{'train': 1},1,0,
31935,2,{'train': 2},2,0,
31934,1,{'train': 1},1,0,
31938,2,{'train': 2},2,0,
31937,1,{'train': 1},1,0,
31941,3,{'train': 3},1,2,DUPLICATE_NEAR
31944,2,{'train': 2},2,0,
31947,3,{'train': 3},1,2,DUPLICATE_NEAR
31950,1,{'train': 1},1,0,
31955,1,{'train': 1},1,0,
31957,1,{'train': 1},1,0,
31959,1,{'train': 1},1,0,
31962,1,{'train': 1},1,0,
31965,1,{'train': 1},1,0,
31969,1,{'train': 1},1,0,
31970,1,{'train': 1},1,0,
31971,1,{'train': 1},1,0,
32031,2,{'train': 2},2,0,
32030,8,{'train': 8},1,7,DUPLICATE_NEAR
31978,1,{'train': 1},1,0,
32078,2,{'train': 2},2,0,
31982,1,{'train': 1},1,0,
31983,1,{'train': 1},1,0,
31984,1,{'train': 1},1,0,
31985,1,{'train': 1},1,0,
31987,2,{'train': 2},2,0,
31988,1,{'train': 1},1,0,
31990,1,{'train': 1},1,0,
31991,1,{'train': 1},1,0,
31997,1,{'train': 1},1,0,
32000,1,{'train': 1},1,0,
32015,1,{'train': 1},1,0,
32016,1,{'train': 1},1,0,
32018,1,{'train': 1},1,0,
32020,1,{'train': 1},1,0,
32022,1,{'train': 1},1,0,
32023,1,{'train': 1},1,0,
32027,1,{'train': 1},1,0,
32029,2,{'train': 2},2,0,
32032,1,{'train': 1},1,0,
32033,1,{'train': 1},1,0,
32034,1,{'train': 1},1,0,
32037,1,{'train': 1},1,0,
44057,3,"{'train': 1, 'val': 2}",2,1,CROSS_SPLIT_NEARDUP_LEAKAGE
32040,1,{'train': 1},1,0,
32041,1,{'train': 1},1,0,
32042,1,{'train': 1},1,0,
32044,2,{'train': 2},2,0,
32045,1,{'train': 1},1,0,
32066,2,{'train': 2},2,0,
32049,1,{'train': 1},1,0,
32050,1,{'train': 1},1,0,
32051,1,{'train': 1},1,0,
32057,1,{'train': 1},1,0,
32058,1,{'train': 1},1,0,
32076,1,{'train': 1},1,0,
32079,1,{'train': 1},1,0,
32080,1,{'train': 1},1,0,
32083,2,{'train': 2},2,0,
32082,1,{'train': 1},1,0,
32084,1,{'train': 1},1,0,
32086,2,{'train': 2},2,0,
32087,1,{'train': 1},1,0,
32088,1,{'train': 1},1,0,
32089,1,{'train': 1},1,0,
32152,6,{'train': 6},1,5,DUPLICATE_NEAR
32091,1,{'train': 1},1,0,
32092,1,{'train': 1},1,0,
32094,1,{'train': 1},1,0,
32095,1,{'train': 1},1,0,
32096,1,{'train': 1},1,0,
32097,1,{'train': 1},1,0,
32135,6,{'train': 6},1,5,DUPLICATE_NEAR
32101,1,{'train': 1},1,0,
32102,1,{'train': 1},1,0,
32105,1,{'train': 1},1,0,
32146,4,{'train': 4},1,3,DUPLICATE_NEAR
32145,13,{'train': 13},1,12,DUPLICATE_NEAR
32127,3,{'train': 3},1,2,DUPLICATE_NEAR
32130,1,{'train': 1},1,0,
32131,1,{'train': 1},1,0,
32132,1,{'train': 1},1,0,
32137,2,{'train': 2},2,0,
32138,1,{'train': 1},1,0,
32139,1,{'train': 1},1,0,
32140,1,{'train': 1},1,0,
32141,1,{'train': 1},1,0,
32142,1,{'train': 1},1,0,
32143,1,{'train': 1},1,0,
32149,1,{'train': 1},1,0,
32150,1,{'train': 1},1,0,
32151,1,{'train': 1},1,0,
32153,1,{'train': 1},1,0,
32154,1,{'train': 1},1,0,
32157,2,{'train': 2},2,0,
32158,1,{'train': 1},1,0,
32160,1,{'train': 1},1,0,
32565,5,{'train': 5},1,4,DUPLICATE_NEAR
32254,1,{'train': 1},1,0,
32255,1,{'train': 1},1,0,
39261,22,{'train': 22},1,21,DUPLICATE_NEAR
39241,5,{'train': 5},1,4,DUPLICATE_NEAR
32259,1,{'train': 1},1,0,
32260,1,{'train': 1},1,0,
32261,1,{'train': 1},1,0,
39223,20,{'train': 20},1,19,DUPLICATE_NEAR
32265,2,{'train': 2},2,0,
32264,1,{'train': 1},1,0,
32268,2,{'train': 2},2,0,
32267,1,{'train': 1},1,0,
32269,1,{'train': 1},1,0,
32270,1,{'train': 1},1,0,
32271,1,{'train': 1},1,0,
39325,8,{'train': 8},1,7,DUPLICATE_NEAR
39305,20,{'train': 20},1,19,DUPLICATE_NEAR
50013,6,"{'train': 3, 'test': 3}",1,5,CROSS_SPLIT_NEARDUP_LEAKAGE;DUPLICATE_NEAR
32507,4,{'train': 4},1,3,DUPLICATE_NEAR
32280,1,{'train': 1},1,0,
39535,22,{'train': 22},1,21,DUPLICATE_NEAR
32282,1,{'train': 1},1,0,
32286,2,{'train': 2},2,0,
32285,1,{'train': 1},1,0,
32394,5,{'train': 5},1,4,DUPLICATE_NEAR
32290,1,{'train': 1},1,0,
32291,1,{'train': 1},1,0,
39018,18,{'train': 18},1,17,DUPLICATE_NEAR
32294,2,{'train': 2},2,0,
32295,1,{'train': 1},1,0,
32297,1,{'train': 1},1,0,
39444,21,{'train': 21},1,20,DUPLICATE_NEAR
32299,1,{'train': 1},1,0,
32300,1,{'train': 1},1,0,
32302,2,{'train': 2},2,0,
32305,2,{'train': 2},2,0,
32304,1,{'train': 1},1,0,
32306,1,{'train': 1},1,0,
32307,1,{'train': 1},1,0,
32308,1,{'train': 1},1,0,
39461,18,{'train': 18},1,17,DUPLICATE_NEAR
32314,3,{'train': 3},1,2,DUPLICATE_NEAR
32316,1,{'train': 1},1,0,
32388,3,{'train': 3},1,2,DUPLICATE_NEAR
32320,1,{'train': 1},1,0,
32323,2,{'train': 2},2,0,
32324,1,{'train': 1},1,0,
32326,2,{'train': 2},2,0,
32327,1,{'train': 1},1,0,
32329,2,{'train': 2},2,0,
32330,1,{'train': 1},1,0,
32331,1,{'train': 1},1,0,
32615,4,{'train': 4},1,3,DUPLICATE_NEAR
32400,6,{'train': 6},1,5,DUPLICATE_NEAR
32334,1,{'train': 1},1,0,
32335,1,{'train': 1},1,0,
32336,1,{'train': 1},1,0,
32338,2,{'train': 2},2,0,
32339,1,{'train': 1},1,0,
32341,2,{'train': 2},2,0,
32344,2,{'train': 2},2,0,
32343,1,{'train': 1},1,0,
32375,4,{'train': 4},1,3,DUPLICATE_NEAR
32584,4,"{'train': 2, 'val': 2}",2,2,CROSS_SPLIT_NEARDUP_LEAKAGE
32349,1,{'train': 1},1,0,
32351,2,{'train': 2},2,0,
32430,6,{'train': 6},1,5,DUPLICATE_NEAR
32353,1,{'train': 1},1,0,
50040,4,"{'train': 1, 'test': 3}",1,3,CROSS_SPLIT_NEARDUP_LEAKAGE;DUPLICATE_NEAR
32355,1,{'train': 1},1,0,
32356,1,{'train': 1},1,0,
32357,1,{'train': 1},1,0,
32358,1,{'train': 1},1,0,
32361,1,{'train': 1},1,0,
39086,21,{'train': 21},1,20,DUPLICATE_NEAR
32365,1,{'train': 1},1,0,
32366,1,{'train': 1},1,0,
39128,19,{'train': 19},1,18,DUPLICATE_NEAR
32370,2,{'train': 2},2,0,
32369,1,{'train': 1},1,0,
32371,1,{'train': 1},1,0,
32373,2,{'train': 2},2,0,
32376,2,{'train': 2},2,0,
32382,2,{'train': 2},2,0,
32381,1,{'train': 1},1,0,
32383,1,{'train': 1},1,0,
32384,1,{'train': 1},1,0,
32516,2,{'train': 2},2,0,
32387,2,{'train': 2},2,0,
32389,1,{'train': 1},1,0,
32390,1,{'train': 1},1,0,
32391,1,{'train': 1},1,0,
32393,1,{'train': 1},1,0,
32398,1,{'train': 1},1,0,
32401,1,{'train': 1},1,0,
32403,2,{'train': 2},2,0,
32406,1,{'train': 1},1,0,
32407,1,{'train': 1},1,0,
32408,1,{'train': 1},1,0,
32425,2,{'train': 2},2,0,
32411,1,{'train': 1},1,0,
32412,1,{'train': 1},1,0,
32414,2,{'train': 2},2,0,
32415,1,{'train': 1},1,0,
39168,22,{'train': 22},1,21,DUPLICATE_NEAR
32418,1,{'train': 1},1,0,
32492,4,{'train': 4},1,3,DUPLICATE_NEAR
39594,18,{'train': 18},1,17,DUPLICATE_NEAR
39574,4,{'train': 4},1,3,DUPLICATE_NEAR
32424,1,{'train': 1},1,0,
38931,19,{'train': 19},1,18,DUPLICATE_NEAR
38977,11,{'train': 11},1,10,DUPLICATE_NEAR
38989,18,{'train': 18},1,17,DUPLICATE_NEAR
32431,1,{'train': 1},1,0,
32432,1,{'train': 1},1,0,
32433,1,{'train': 1},1,0,
32623,5,{'train': 5},1,4,DUPLICATE_NEAR
32574,4,{'train': 4},1,3,DUPLICATE_NEAR
32523,3,{'train': 3},1,2,DUPLICATE_NEAR
32438,1,{'train': 1},1,0,
32439,1,{'train': 1},1,0,
39385,18,{'train': 18},1,17,DUPLICATE_NEAR
32441,1,{'train': 1},1,0,
32443,1,{'train': 1},1,0,
32444,1,{'train': 1},1,0,
32445,1,{'train': 1},1,0,
32446,1,{'train': 1},1,0,
32447,1,{'train': 1},1,0,
32448,1,{'train': 1},1,0,
32449,1,{'train': 1},1,0,
32452,2,{'train': 2},2,0,
32454,3,{'train': 3},1,2,DUPLICATE_NEAR
32455,1,{'train': 1},1,0,
39604,17,{'train': 17},1,16,DUPLICATE_NEAR
38905,19,{'train': 19},1,18,DUPLICATE_NEAR
32460,1,{'train': 1},1,0,
32461,1,{'train': 1},1,0,
39532,2,{'train': 2},2,0,
32465,1,{'train': 1},1,0,
32467,2,{'train': 2},2,0,
32468,1,{'train': 1},1,0,
32469,1,{'train': 1},1,0,
32470,1,{'train': 1},1,0,
32471,1,{'train': 1},1,0,
32472,1,{'train': 1},1,0,
32473,1,{'train': 1},1,0,
39556,21,{'train': 21},1,20,DUPLICATE_NEAR
32475,1,{'train': 1},1,0,
32476,1,{'train': 1},1,0,
39296,22,{'train': 22},1,21,DUPLICATE_NEAR
32478,1,{'train': 1},1,0,
39520,3,{'train': 3},1,2,DUPLICATE_NEAR
32483,1,{'train': 1},1,0,
32485,2,{'train': 2},2,0,
32486,1,{'train': 1},1,0,
32630,4,{'train': 4},1,3,DUPLICATE_NEAR
32491,1,{'train': 1},1,0,
32494,2,{'train': 2},2,0,
32495,1,{'train': 1},1,0,
32499,1,{'train': 1},1,0,
32501,1,{'train': 1},1,0,
32591,2,{'train': 2},2,0,
39445,7,{'train': 7},1,6,DUPLICATE_NEAR
39439,3,{'train': 3},1,2,DUPLICATE_NEAR
32508,1,{'train': 1},1,0,
32509,1,{'train': 1},1,0,
32511,2,{'train': 2},2,0,
32512,1,{'train': 1},1,0,
32515,1,{'train': 1},1,0,
32517,1,{'train': 1},1,0,
32520,2,{'train': 2},2,0,
32519,1,{'train': 1},1,0,
32521,1,{'train': 1},1,0,
44999,19,"{'train': 1, 'val': 18}",1,18,CROSS_SPLIT_NEARDUP_LEAKAGE;DUPLICATE_NEAR
32526,2,{'train': 2},2,0,
32530,1,{'train': 1},1,0,
32535,4,{'train': 4},1,3,DUPLICATE_NEAR
32532,1,{'train': 1},1,0,
32537,1,{'train': 1},1,0,
32538,1,{'train': 1},1,0,
32539,1,{'train': 1},1,0,
32540,1,{'train': 1},1,0,
32541,1,{'train': 1},1,0,
32543,2,{'train': 2},2,0,
32544,1,{'train': 1},1,0,
32546,1,{'train': 1},1,0,
32549,2,{'train': 2},2,0,
32548,1,{'train': 1},1,0,
39332,18,{'train': 18},1,17,DUPLICATE_NEAR
39354,6,{'train': 6},1,5,DUPLICATE_NEAR
39189,16,{'train': 16},1,15,DUPLICATE_NEAR
32554,1,{'train': 1},1,0,
39204,10,{'train': 10},1,9,DUPLICATE_NEAR
32571,2,{'train': 2},2,0,
32557,1,{'train': 1},1,0,
32558,1,{'train': 1},1,0,
32561,2,{'train': 2},2,0,
32560,1,{'train': 1},1,0,
32564,1,{'train': 1},1,0,
32567,2,{'train': 2},2,0,
32568,1,{'train': 1},1,0,
32569,1,{'train': 1},1,0,
32570,1,{'train': 1},1,0,
32575,1,{'train': 1},1,0,
32576,1,{'train': 1},1,0,
32577,1,{'train': 1},1,0,
32579,2,{'train': 2},2,0,
32580,1,{'train': 1},1,0,
32581,1,{'train': 1},1,0,
32585,1,{'train': 1},1,0,
32586,1,{'train': 1},1,0,
32589,1,{'train': 1},1,0,
32590,1,{'train': 1},1,0,
32592,1,{'train': 1},1,0,
39115,21,{'train': 21},1,20,DUPLICATE_NEAR
39103,5,{'train': 5},1,4,DUPLICATE_NEAR
32596,1,{'train': 1},1,0,
32597,1,{'train': 1},1,0,
32600,2,{'train': 2},2,0,
32601,1,{'train': 1},1,0,
38957,18,{'train': 18},1,17,DUPLICATE_NEAR
32603,1,{'train': 1},1,0,
39012,8,{'train': 8},1,7,DUPLICATE_NEAR
32608,2,{'train': 2},2,0,
32607,1,{'train': 1},1,0,
39007,4,{'train': 4},1,3,DUPLICATE_NEAR
45020,21,"{'train': 2, 'val': 19}",1,20,CROSS_SPLIT_NEARDUP_LEAKAGE;DUPLICATE_NEAR
32614,1,{'train': 1},1,0,
39408,4,{'train': 4},1,3,DUPLICATE_NEAR
39413,18,{'train': 18},1,17,DUPLICATE_NEAR
32621,2,{'train': 2},2,0,
32620,1,{'train': 1},1,0,
32622,1,{'train': 1},1,0,
32625,1,{'train': 1},1,0,
32629,1,{'train': 1},1,0,
32632,2,{'train': 2},2,0,
32633,1,{'train': 1},1,0,
32635,2,{'train': 2},2,0,
32636,1,{'train': 1},1,0,
32639,2,{'train': 2},2,0,
32638,1,{'train': 1},1,0,
32657,2,{'train': 2},2,0,
32658,3,{'train': 3},1,2,DUPLICATE_NEAR
32643,1,{'train': 1},1,0,
32644,1,{'train': 1},1,0,
32647,3,{'train': 3},1,2,DUPLICATE_NEAR
32648,1,{'train': 1},1,0,
32649,1,{'train': 1},1,0,
32650,1,{'train': 1},1,0,
32651,1,{'train': 1},1,0,
32652,1,{'train': 1},1,0,
32655,3,{'train': 3},1,2,DUPLICATE_NEAR
32656,1,{'train': 1},1,0,
32659,1,{'train': 1},1,0,
32660,1,{'train': 1},1,0,
32661,1,{'train': 1},1,0,
32663,2,{'train': 2},2,0,
32665,2,{'train': 2},2,0,
32666,1,{'train': 1},1,0,
32682,4,{'train': 4},1,3,DUPLICATE_NEAR
32671,3,{'train': 3},1,2,DUPLICATE_NEAR
32673,1,{'train': 1},1,0,
32676,1,{'train': 1},1,0,
32680,1,{'train': 1},1,0,
32684,1,{'train': 1},1,0,
32719,4,{'train': 4},1,3,DUPLICATE_NEAR
32689,1,{'train': 1},1,0,
32691,1,{'train': 1},1,0,
32692,1,{'train': 1},1,0,
32693,1,{'train': 1},1,0,
32694,1,{'train': 1},1,0,
32695,1,{'train': 1},1,0,
32696,1,{'train': 1},1,0,
32697,1,{'train': 1},1,0,
32700,2,{'train': 2},2,0,
32699,1,{'train': 1},1,0,
32701,1,{'train': 1},1,0,
32702,1,{'train': 1},1,0,
32703,1,{'train': 1},1,0,
32704,1,{'train': 1},1,0,
32705,1,{'train': 1},1,0,
32706,1,{'train': 1},1,0,
32707,1,{'train': 1},1,0,
32708,1,{'train': 1},1,0,
32711,2,{'train': 2},2,0,
32710,1,{'train': 1},1,0,
32712,1,{'train': 1},1,0,
32714,2,{'train': 2},2,0,
32715,1,{'train': 1},1,0,
32716,1,{'train': 1},1,0,
32721,1,{'train': 1},1,0,
32723,1,{'train': 1},1,0,
32725,2,{'train': 2},2,0,
32728,2,{'train': 2},2,0,
32735,1,{'train': 1},1,0,
32736,1,{'train': 1},1,0,
32781,4,{'train': 4},1,3,DUPLICATE_NEAR
32756,4,{'train': 4},1,3,DUPLICATE_NEAR
32742,2,{'train': 2},2,0,
32741,1,{'train': 1},1,0,
32744,2,{'train': 2},2,0,
32745,1,{'train': 1},1,0,
32747,1,{'train': 1},1,0,
32748,1,{'train': 1},1,0,
32749,1,{'train': 1},1,0,
32753,2,{'train': 2},2,0,
32751,1,{'train': 1},1,0,
32752,1,{'train': 1},1,0,
32754,1,{'train': 1},1,0,
32759,2,{'train': 2},2,0,
32760,1,{'train': 1},1,0,
32761,1,{'train': 1},1,0,
32764,1,{'train': 1},1,0,
32765,1,{'train': 1},1,0,
32766,1,{'train': 1},1,0,
32773,3,{'train': 3},1,2,DUPLICATE_NEAR
32768,1,{'train': 1},1,0,
32769,1,{'train': 1},1,0,
32770,1,{'train': 1},1,0,
32774,1,{'train': 1},1,0,
32775,1,{'train': 1},1,0,
32782,1,{'train': 1},1,0,
32783,1,{'train': 1},1,0,
32785,2,{'train': 2},2,0,
32786,1,{'train': 1},1,0,
32788,2,{'train': 2},2,0,
32789,1,{'train': 1},1,0,
32791,2,{'train': 2},2,0,
32792,1,{'train': 1},1,0,
32794,2,{'train': 2},2,0,
32795,1,{'train': 1},1,0,
32796,1,{'train': 1},1,0,
32798,2,{'train': 2},2,0,
32799,1,{'train': 1},1,0,
32800,1,{'train': 1},1,0,
32801,1,{'train': 1},1,0,
32802,1,{'train': 1},1,0,
32804,2,{'train': 2},2,0,
32805,1,{'train': 1},1,0,
32807,2,{'train': 2},2,0,
32808,1,{'train': 1},1,0,
32811,3,{'train': 3},1,2,DUPLICATE_NEAR
32812,1,{'train': 1},1,0,
32814,2,{'train': 2},2,0,
32817,2,{'train': 2},2,0,
32816,1,{'train': 1},1,0,
32820,2,{'train': 2},2,0,
32819,1,{'train': 1},1,0,
32821,1,{'train': 1},1,0,
32823,2,{'train': 2},2,0,
32825,2,{'train': 2},2,0,
32826,1,{'train': 1},1,0,
32827,1,{'train': 1},1,0,
32829,2,{'train': 2},2,0,
32832,3,{'train': 3},1,2,DUPLICATE_NEAR
32833,1,{'train': 1},1,0,
32835,2,{'train': 2},2,0,
32838,2,{'train': 2},2,0,
32837,1,{'train': 1},1,0,
32840,2,{'train': 2},2,0,
32841,1,{'train': 1},1,0,
32843,2,{'train': 2},2,0,
32844,1,{'train': 1},1,0,
32845,1,{'train': 1},1,0,
32846,1,{'train': 1},1,0,
32847,1,{'train': 1},1,0,
32848,1,{'train': 1},1,0,
32849,1,{'train': 1},1,0,
32850,1,{'train': 1},1,0,
32852,2,{'train': 2},2,0,
32853,1,{'train': 1},1,0,
32854,1,{'train': 1},1,0,
32855,1,{'train': 1},1,0,
32856,1,{'train': 1},1,0,
32859,2,{'train': 2},2,0,
32858,1,{'train': 1},1,0,
32860,1,{'train': 1},1,0,
32862,2,{'train': 2},2,0,
32863,1,{'train': 1},1,0,
32864,1,{'train': 1},1,0,
32865,1,{'train': 1},1,0,
32866,1,{'train': 1},1,0,
32868,2,{'train': 2},2,0,
32870,2,{'train': 2},2,0,
32871,1,{'train': 1},1,0,
32874,2,{'train': 2},2,0,
32873,1,{'train': 1},1,0,
32877,3,{'train': 3},1,2,DUPLICATE_NEAR
32879,2,{'train': 2},2,0,
32880,1,{'train': 1},1,0,
32881,1,{'train': 1},1,0,
32883,2,{'train': 2},2,0,
32885,2,{'train': 2},2,0,
32886,1,{'train': 1},1,0,
32887,1,{'train': 1},1,0,
32889,2,{'train': 2},2,0,
32890,1,{'train': 1},1,0,
32891,1,{'train': 1},1,0,
32892,1,{'train': 1},1,0,
32895,2,{'train': 2},2,0,
32894,1,{'train': 1},1,0,
32898,2,{'train': 2},2,0,
32897,1,{'train': 1},1,0,
32899,1,{'train': 1},1,0,
32901,2,{'train': 2},2,0,
32902,1,{'train': 1},1,0,
32903,1,{'train': 1},1,0,
32904,1,{'train': 1},1,0,
32905,1,{'train': 1},1,0,
32906,1,{'train': 1},1,0,
32907,1,{'train': 1},1,0,
32910,2,{'train': 2},2,0,
32909,1,{'train': 1},1,0,
32911,1,{'train': 1},1,0,
32913,2,{'train': 2},2,0,
32916,2,{'train': 2},2,0,
32915,1,{'train': 1},1,0,
32919,2,{'train': 2},2,0,
32918,1,{'train': 1},1,0,
32920,1,{'train': 1},1,0,
32922,2,{'train': 2},2,0,
32923,1,{'train': 1},1,0,
32924,1,{'train': 1},1,0,
32925,1,{'train': 1},1,0,
32926,1,{'train': 1},1,0,
32928,2,{'train': 2},2,0,
32929,1,{'train': 1},1,0,
32930,1,{'train': 1},1,0,
32931,1,{'train': 1},1,0,
32934,2,{'train': 2},2,0,
32933,1,{'train': 1},1,0,
32935,1,{'train': 1},1,0,
32937,2,{'train': 2},2,0,
32938,1,{'train': 1},1,0,
32939,1,{'train': 1},1,0,
32940,1,{'train': 1},1,0,
32941,1,{'train': 1},1,0,
32943,2,{'train': 2},2,0,
32944,1,{'train': 1},1,0,
32945,1,{'train': 1},1,0,
32947,2,{'train': 2},2,0,
32950,2,{'train': 2},2,0,
32949,1,{'train': 1},1,0,
32951,1,{'train': 1},1,0,
32952,1,{'train': 1},1,0,
32953,1,{'train': 1},1,0,
32955,2,{'train': 2},2,0,
32956,1,{'train': 1},1,0,
32957,1,{'train': 1},1,0,
32958,1,{'train': 1},1,0,
32959,1,{'train': 1},1,0,
32961,2,{'train': 2},2,0,
32962,1,{'train': 1},1,0,
32963,1,{'train': 1},1,0,
32965,2,{'train': 2},2,0,
32968,2,{'train': 2},2,0,
32967,1,{'train': 1},1,0,
32969,1,{'train': 1},1,0,
32970,1,{'train': 1},1,0,
32971,1,{'train': 1},1,0,
32972,1,{'train': 1},1,0,
32973,1,{'train': 1},1,0,
32974,1,{'train': 1},1,0,
32977,2,{'train': 2},2,0,
32976,1,{'train': 1},1,0,
32978,1,{'train': 1},1,0,
32979,1,{'train': 1},1,0,
32980,1,{'train': 1},1,0,
32981,1,{'train': 1},1,0,
32982,1,{'train': 1},1,0,
32983,1,{'train': 1},1,0,
32984,1,{'train': 1},1,0,
32986,2,{'train': 2},2,0,
32987,1,{'train': 1},1,0,
32989,2,{'train': 2},2,0,
32990,1,{'train': 1},1,0,
32991,1,{'train': 1},1,0,
32992,1,{'train': 1},1,0,
32995,3,{'train': 3},1,2,DUPLICATE_NEAR
32996,1,{'train': 1},1,0,
32998,2,{'train': 2},2,0,
32999,1,{'train': 1},1,0,
33000,1,{'train': 1},1,0,
33002,2,{'train': 2},2,0,
33005,3,{'train': 3},1,2,DUPLICATE_NEAR
33007,2,{'train': 2},2,0,
33008,1,{'train': 1},1,0,
33009,1,{'train': 1},1,0,
33010,1,{'train': 1},1,0,
33011,1,{'train': 1},1,0,
33013,2,{'train': 2},2,0,
33014,1,{'train': 1},1,0,
33015,1,{'train': 1},1,0,
33017,2,{'train': 2},2,0,
33019,2,{'train': 2},2,0,
33021,1,{'train': 1},1,0,
33023,2,{'train': 2},2,0,
33024,1,{'train': 1},1,0,
33026,2,{'train': 2},2,0,
33029,2,{'train': 2},2,0,
33028,1,{'train': 1},1,0,
33031,2,{'train': 2},2,0,
33032,1,{'train': 1},1,0,
33035,2,{'train': 2},2,0,
33034,1,{'train': 1},1,0,
33036,1,{'train': 1},1,0,
33038,2,{'train': 2},2,0,
33039,1,{'train': 1},1,0,
33040,1,{'train': 1},1,0,
33041,1,{'train': 1},1,0,
33043,2,{'train': 2},2,0,
33044,1,{'train': 1},1,0,
33047,2,{'train': 2},2,0,
33046,1,{'train': 1},1,0,
33050,2,{'train': 2},2,0,
33049,1,{'train': 1},1,0,
33052,2,{'train': 2},2,0,
33053,1,{'train': 1},1,0,
33054,1,{'train': 1},1,0,
33055,1,{'train': 1},1,0,
33056,1,{'train': 1},1,0,
33057,1,{'train': 1},1,0,
33059,2,{'train': 2},2,0,
33061,2,{'train': 2},2,0,
33062,1,{'train': 1},1,0,
33063,1,{'train': 1},1,0,
33065,2,{'train': 2},2,0,
33067,2,{'train': 2},2,0,
33068,1,{'train': 1},1,0,
33069,1,{'train': 1},1,0,
33071,2,{'train': 2},2,0,
33072,1,{'train': 1},1,0,
33073,1,{'train': 1},1,0,
33074,1,{'train': 1},1,0,
33075,1,{'train': 1},1,0,
33076,1,{'train': 1},1,0,
33077,1,{'train': 1},1,0,
33079,2,{'train': 2},2,0,
33080,1,{'train': 1},1,0,
33082,2,{'train': 2},2,0,
33083,1,{'train': 1},1,0,
33086,2,{'train': 2},2,0,
33085,1,{'train': 1},1,0,
33087,1,{'train': 1},1,0,
33088,1,{'train': 1},1,0,
33089,1,{'train': 1},1,0,
33092,2,{'train': 2},2,0,
33091,1,{'train': 1},1,0,
33093,1,{'train': 1},1,0,
33094,1,{'train': 1},1,0,
33095,1,{'train': 1},1,0,
33098,2,{'train': 2},2,0,
33097,1,{'train': 1},1,0,
33101,3,{'train': 3},1,2,DUPLICATE_NEAR
33102,1,{'train': 1},1,0,
33103,1,{'train': 1},1,0,
33104,1,{'train': 1},1,0,
33105,1,{'train': 1},1,0,
33106,1,{'train': 1},1,0,
33107,1,{'train': 1},1,0,
33110,2,{'train': 2},2,0,
33109,1,{'train': 1},1,0,
33111,1,{'train': 1},1,0,
33113,2,{'train': 2},2,0,
33116,2,{'train': 2},2,0,
33115,1,{'train': 1},1,0,
33119,2,{'train': 2},2,0,
33118,1,{'train': 1},1,0,
33122,2,{'train': 2},2,0,
33121,1,{'train': 1},1,0,
33123,1,{'train': 1},1,0,
33125,2,{'train': 2},2,0,
33126,1,{'train': 1},1,0,
33128,2,{'train': 2},2,0,
33131,2,{'train': 2},2,0,
33130,1,{'train': 1},1,0,
33132,1,{'train': 1},1,0,
33133,1,{'train': 1},1,0,
33134,1,{'train': 1},1,0,
33135,1,{'train': 1},1,0,
33136,1,{'train': 1},1,0,
33137,1,{'train': 1},1,0,
33140,2,{'train': 2},2,0,
33139,1,{'train': 1},1,0,
33143,2,{'train': 2},2,0,
33142,1,{'train': 1},1,0,
33144,1,{'train': 1},1,0,
33145,1,{'train': 1},1,0,
33146,1,{'train': 1},1,0,
33147,1,{'train': 1},1,0,
33148,1,{'train': 1},1,0,
33149,1,{'train': 1},1,0,
33151,2,{'train': 2},2,0,
33152,1,{'train': 1},1,0,
33155,3,{'train': 3},1,2,DUPLICATE_NEAR
33156,1,{'train': 1},1,0,
33158,2,{'train': 2},2,0,
33159,1,{'train': 1},1,0,
33160,1,{'train': 1},1,0,
33161,1,{'train': 1},1,0,
33162,1,{'train': 1},1,0,
33163,1,{'train': 1},1,0,
33164,1,{'train': 1},1,0,
33165,1,{'train': 1},1,0,
33167,2,{'train': 2},2,0,
33169,2,{'train': 2},2,0,
33170,1,{'train': 1},1,0,
33172,2,{'train': 2},2,0,
33173,1,{'train': 1},1,0,
33175,2,{'train': 2},2,0,
33176,1,{'train': 1},1,0,
33177,1,{'train': 1},1,0,
33178,1,{'train': 1},1,0,
33179,1,{'train': 1},1,0,
33180,1,{'train': 1},1,0,
33181,1,{'train': 1},1,0,
33182,1,{'train': 1},1,0,
33183,1,{'train': 1},1,0,
33185,2,{'train': 2},2,0,
33186,1,{'train': 1},1,0,
33187,1,{'train': 1},1,0,
33188,1,{'train': 1},1,0,
33189,1,{'train': 1},1,0,
33191,2,{'train': 2},2,0,
33192,1,{'train': 1},1,0,
33193,1,{'train': 1},1,0,
33194,1,{'train': 1},1,0,
33196,2,{'train': 2},2,0,
33197,1,{'train': 1},1,0,
33198,1,{'train': 1},1,0,
33199,1,{'train': 1},1,0,
33200,1,{'train': 1},1,0,
33203,2,{'train': 2},2,0,
33202,1,{'train': 1},1,0,
33206,3,{'train': 3},1,2,DUPLICATE_NEAR
33207,1,{'train': 1},1,0,
33208,1,{'train': 1},1,0,
33209,1,{'train': 1},1,0,
33211,2,{'train': 2},2,0,
33212,1,{'train': 1},1,0,
33213,1,{'train': 1},1,0,
33214,1,{'train': 1},1,0,
33215,1,{'train': 1},1,0,
33218,2,{'train': 2},2,0,
33217,1,{'train': 1},1,0,
33220,2,{'train': 2},2,0,
33221,1,{'train': 1},1,0,
33222,1,{'train': 1},1,0,
33223,1,{'train': 1},1,0,
33224,1,{'train': 1},1,0,
33227,2,{'train': 2},2,0,
33226,1,{'train': 1},1,0,
33230,2,{'train': 2},2,0,
33229,1,{'train': 1},1,0,
33233,2,{'train': 2},2,0,
33232,1,{'train': 1},1,0,
33234,1,{'train': 1},1,0,
33235,1,{'train': 1},1,0,
33236,1,{'train': 1},1,0,
33237,1,{'train': 1},1,0,
33238,1,{'train': 1},1,0,
33239,1,{'train': 1},1,0,
33240,1,{'train': 1},1,0,
33241,1,{'train': 1},1,0,
33242,1,{'train': 1},1,0,
33243,1,{'train': 1},1,0,
33244,1,{'train': 1},1,0,
33245,1,{'train': 1},1,0,
33248,2,{'train': 2},2,0,
33247,1,{'train': 1},1,0,
33249,1,{'train': 1},1,0,
33250,1,{'train': 1},1,0,
33251,1,{'train': 1},1,0,
33252,1,{'train': 1},1,0,
33253,1,{'train': 1},1,0,
33255,2,{'train': 2},2,0,
33256,1,{'train': 1},1,0,
33257,1,{'train': 1},1,0,
33258,1,{'train': 1},1,0,
33259,1,{'train': 1},1,0,
33261,2,{'train': 2},2,0,
33262,1,{'train': 1},1,0,
33264,2,{'train': 2},2,0,
33265,1,{'train': 1},1,0,
33267,2,{'train': 2},2,0,
33269,2,{'train': 2},2,0,
33270,1,{'train': 1},1,0,
33272,2,{'train': 2},2,0,
33273,1,{'train': 1},1,0,
33274,1,{'train': 1},1,0,
33275,1,{'train': 1},1,0,
33276,1,{'train': 1},1,0,
33277,1,{'train': 1},1,0,
33278,1,{'train': 1},1,0,
33279,1,{'train': 1},1,0,
33280,1,{'train': 1},1,0,
33282,2,{'train': 2},2,0,
33283,1,{'train': 1},1,0,
33284,1,{'train': 1},1,0,
33285,1,{'train': 1},1,0,
33286,1,{'train': 1},1,0,
33287,1,{'train': 1},1,0,
33288,1,{'train': 1},1,0,
33289,1,{'train': 1},1,0,
33291,2,{'train': 2},2,0,
33292,1,{'train': 1},1,0,
33293,1,{'train': 1},1,0,
33294,1,{'train': 1},1,0,
33297,2,{'train': 2},2,0,
33296,1,{'train': 1},1,0,
33300,2,{'train': 2},2,0,
33299,1,{'train': 1},1,0,
33303,3,{'train': 3},1,2,DUPLICATE_NEAR
33306,2,{'train': 2},2,0,
33305,1,{'train': 1},1,0,
33308,2,{'train': 2},2,0,
33309,1,{'train': 1},1,0,
33310,1,{'train': 1},1,0,
33312,2,{'train': 2},2,0,
33314,2,{'train': 2},2,0,
33315,1,{'train': 1},1,0,
33317,2,{'train': 2},2,0,
33319,1,{'train': 1},1,0,
33321,2,{'train': 2},2,0,
33322,1,{'train': 1},1,0,
33323,1,{'train': 1},1,0,
33324,1,{'train': 1},1,0,
33325,1,{'train': 1},1,0,
33326,1,{'train': 1},1,0,
33327,1,{'train': 1},1,0,
33328,1,{'train': 1},1,0,
33332,2,{'train': 2},2,0,
33333,1,{'train': 1},1,0,
33334,1,{'train': 1},1,0,
33336,2,{'train': 2},2,0,
33338,2,{'train': 2},2,0,
33339,1,{'train': 1},1,0,
33341,2,{'train': 2},2,0,
33342,1,{'train': 1},1,0,
33343,1,{'train': 1},1,0,
33345,2,{'train': 2},2,0,
33346,1,{'train': 1},1,0,
33348,2,{'train': 2},2,0,
33349,1,{'train': 1},1,0,
33350,1,{'train': 1},1,0,
33351,1,{'train': 1},1,0,
33352,1,{'train': 1},1,0,
33353,1,{'train': 1},1,0,
33354,1,{'train': 1},1,0,
33355,1,{'train': 1},1,0,
33356,1,{'train': 1},1,0,
33357,1,{'train': 1},1,0,
33358,1,{'train': 1},1,0,
33360,2,{'train': 2},2,0,
33362,2,{'train': 2},2,0,
33363,1,{'train': 1},1,0,
33364,1,{'train': 1},1,0,
33365,1,{'train': 1},1,0,
33366,1,{'train': 1},1,0,
33369,2,{'train': 2},2,0,
33368,1,{'train': 1},1,0,
33371,2,{'train': 2},2,0,
33372,1,{'train': 1},1,0,
33374,2,{'train': 2},2,0,
33375,1,{'train': 1},1,0,
33376,1,{'train': 1},1,0,
33377,1,{'train': 1},1,0,
33378,1,{'train': 1},1,0,
33381,2,{'train': 2},2,0,
33380,1,{'train': 1},1,0,
33384,2,{'train': 2},2,0,
33383,1,{'train': 1},1,0,
33387,2,{'train': 2},2,0,
33386,1,{'train': 1},1,0,
33388,1,{'train': 1},1,0,
33390,2,{'train': 2},2,0,
33393,2,{'train': 2},2,0,
33392,1,{'train': 1},1,0,
33395,2,{'train': 2},2,0,
33396,1,{'train': 1},1,0,
33398,2,{'train': 2},2,0,
33399,1,{'train': 1},1,0,
33402,2,{'train': 2},2,0,
33401,1,{'train': 1},1,0,
33405,2,{'train': 2},2,0,
33404,1,{'train': 1},1,0,
33406,1,{'train': 1},1,0,
33409,3,{'train': 3},1,2,DUPLICATE_NEAR
33412,2,{'train': 2},2,0,
33411,1,{'train': 1},1,0,
33415,3,{'train': 3},1,2,DUPLICATE_NEAR
33416,1,{'train': 1},1,0,
33417,1,{'train': 1},1,0,
33418,1,{'train': 1},1,0,
33419,1,{'train': 1},1,0,
33421,2,{'train': 2},2,0,
33425,1,{'train': 1},1,0,
33427,2,{'train': 2},2,0,
33428,1,{'train': 1},1,0,
33429,1,{'train': 1},1,0,
33430,1,{'train': 1},1,0,
33432,2,{'train': 2},2,0,
33433,1,{'train': 1},1,0,
33434,1,{'train': 1},1,0,
33436,2,{'train': 2},2,0,
33442,2,{'train': 2},2,0,
33441,1,{'train': 1},1,0,
33445,2,{'train': 2},2,0,
33444,1,{'train': 1},1,0,
33446,1,{'train': 1},1,0,
33448,2,{'train': 2},2,0,
33449,1,{'train': 1},1,0,
33450,1,{'train': 1},1,0,
33451,1,{'train': 1},1,0,
33454,2,{'train': 2},2,0,
33453,1,{'train': 1},1,0,
33456,2,{'train': 2},2,0,
33457,1,{'train': 1},1,0,
33459,2,{'train': 2},2,0,
33460,1,{'train': 1},1,0,
33461,1,{'train': 1},1,0,
33463,2,{'train': 2},2,0,
33465,2,{'train': 2},2,0,
33466,1,{'train': 1},1,0,
33467,1,{'train': 1},1,0,
33468,1,{'train': 1},1,0,
33469,1,{'train': 1},1,0,
33472,2,{'train': 2},2,0,
33471,1,{'train': 1},1,0,
33475,2,{'train': 2},2,0,
33474,1,{'train': 1},1,0,
33478,3,{'train': 3},1,2,DUPLICATE_NEAR
33479,1,{'train': 1},1,0,
33481,2,{'train': 2},2,0,
33482,1,{'train': 1},1,0,
33484,2,{'train': 2},2,0,
33487,2,{'train': 2},2,0,
33486,1,{'train': 1},1,0,
33488,1,{'train': 1},1,0,
33489,1,{'train': 1},1,0,
33490,1,{'train': 1},1,0,
33494,1,{'train': 1},1,0,
33500,1,{'train': 1},1,0,
33506,1,{'train': 1},1,0,
33507,1,{'train': 1},1,0,
33508,1,{'train': 1},1,0,
33511,1,{'train': 1},1,0,
33513,2,{'train': 2},2,0,
33514,1,{'train': 1},1,0,
33515,1,{'train': 1},1,0,
33516,1,{'train': 1},1,0,
33517,1,{'train': 1},1,0,
33518,1,{'train': 1},1,0,
33519,1,{'train': 1},1,0,
33520,1,{'train': 1},1,0,
33521,1,{'train': 1},1,0,
33522,1,{'train': 1},1,0,
33523,1,{'train': 1},1,0,
33524,1,{'train': 1},1,0,
33525,1,{'train': 1},1,0,
33526,1,{'train': 1},1,0,
33527,1,{'train': 1},1,0,
33528,1,{'train': 1},1,0,
33529,1,{'train': 1},1,0,
33530,1,{'train': 1},1,0,
33531,1,{'train': 1},1,0,
33532,1,{'train': 1},1,0,
33533,1,{'train': 1},1,0,
33534,1,{'train': 1},1,0,
33535,1,{'train': 1},1,0,
33536,1,{'train': 1},1,0,
33537,1,{'train': 1},1,0,
33538,1,{'train': 1},1,0,
33539,1,{'train': 1},1,0,
33540,1,{'train': 1},1,0,
33541,1,{'train': 1},1,0,
33542,1,{'train': 1},1,0,
33543,1,{'train': 1},1,0,
33544,1,{'train': 1},1,0,
33545,1,{'train': 1},1,0,
33546,1,{'train': 1},1,0,
33547,1,{'train': 1},1,0,
33548,1,{'train': 1},1,0,
33549,1,{'train': 1},1,0,
33550,1,{'train': 1},1,0,
33554,1,{'train': 1},1,0,
33555,1,{'train': 1},1,0,
33556,1,{'train': 1},1,0,
33557,1,{'train': 1},1,0,
33558,1,{'train': 1},1,0,
33559,1,{'train': 1},1,0,
33560,1,{'train': 1},1,0,
33561,1,{'train': 1},1,0,
33562,1,{'train': 1},1,0,
33551,1,{'train': 1},1,0,
33552,1,{'train': 1},1,0,
33553,1,{'train': 1},1,0,
33563,1,{'train': 1},1,0,
33564,1,{'train': 1},1,0,
33572,4,{'train': 4},1,3,DUPLICATE_NEAR
33567,1,{'train': 1},1,0,
33571,4,{'train': 4},1,3,DUPLICATE_NEAR
33579,3,{'train': 3},1,2,DUPLICATE_NEAR
33578,3,{'train': 3},1,2,DUPLICATE_NEAR
33581,2,{'train': 2},2,0,
33582,1,{'train': 1},1,0,
33586,1,{'train': 1},1,0,
33587,1,{'train': 1},1,0,
33588,1,{'train': 1},1,0,
33589,1,{'train': 1},1,0,
33596,5,{'train': 5},1,4,DUPLICATE_NEAR
47650,135,"{'train': 105, 'val': 17, 'test': 13}",1,134,CROSS_SPLIT_NEARDUP_LEAKAGE;DUPLICATE_NEAR
33595,1,{'train': 1},1,0,
33597,1,{'train': 1},1,0,
33598,1,{'train': 1},1,0,
33600,1,{'train': 1},1,0,
33623,14,{'train': 14},1,13,DUPLICATE_NEAR
33606,1,{'train': 1},1,0,
33610,2,{'train': 2},2,0,
33608,1,{'train': 1},1,0,
33609,1,{'train': 1},1,0,
33613,1,{'train': 1},1,0,
33618,1,{'train': 1},1,0,
33619,1,{'train': 1},1,0,
33620,1,{'train': 1},1,0,
33621,1,{'train': 1},1,0,
33622,1,{'train': 1},1,0,
33626,1,{'train': 1},1,0,
33627,1,{'train': 1},1,0,
33628,1,{'train': 1},1,0,
33629,1,{'train': 1},1,0,
33630,1,{'train': 1},1,0,
33631,1,{'train': 1},1,0,
33632,1,{'train': 1},1,0,
33635,1,{'train': 1},1,0,
33636,1,{'train': 1},1,0,
33638,2,{'train': 2},2,0,
33639,1,{'train': 1},1,0,
33640,1,{'train': 1},1,0,
33643,2,{'train': 2},2,0,
33642,1,{'train': 1},1,0,
33646,2,{'train': 2},2,0,
33645,1,{'train': 1},1,0,
33652,2,{'train': 2},2,0,
33648,1,{'train': 1},1,0,
33649,1,{'train': 1},1,0,
33651,1,{'train': 1},1,0,
33658,2,{'train': 2},2,0,
33654,1,{'train': 1},1,0,
33655,1,{'train': 1},1,0,
33656,1,{'train': 1},1,0,
33657,1,{'train': 1},1,0,
33659,1,{'train': 1},1,0,
33660,1,{'train': 1},1,0,
33661,1,{'train': 1},1,0,
33662,1,{'train': 1},1,0,
33663,1,{'train': 1},1,0,
33664,1,{'train': 1},1,0,
33669,2,{'train': 2},2,0,
33670,1,{'train': 1},1,0,
33672,1,{'train': 1},1,0,
33676,1,{'train': 1},1,0,
33690,3,{'train': 3},1,2,DUPLICATE_NEAR
33686,1,{'train': 1},1,0,
33687,1,{'train': 1},1,0,
33702,4,{'train': 4},1,3,DUPLICATE_NEAR
33696,2,{'train': 2},2,0,
33695,1,{'train': 1},1,0,
33697,1,{'train': 1},1,0,
33699,2,{'train': 2},2,0,
33703,1,{'train': 1},1,0,
33708,2,{'train': 2},2,0,
33707,1,{'train': 1},1,0,
33709,1,{'train': 1},1,0,
33711,2,{'train': 2},2,0,
33714,1,{'train': 1},1,0,
33720,1,{'train': 1},1,0,
33839,11,{'train': 11},1,10,DUPLICATE_NEAR
33769,1,{'train': 1},1,0,
33779,2,{'train': 2},2,0,
33794,4,{'train': 4},1,3,DUPLICATE_NEAR
33782,1,{'train': 1},1,0,
33793,1,{'train': 1},1,0,
33809,1,{'train': 1},1,0,
33814,1,{'train': 1},1,0,
33843,4,{'train': 4},1,3,DUPLICATE_NEAR
33858,5,{'train': 5},1,4,DUPLICATE_NEAR
33852,2,{'train': 2},2,0,
33853,1,{'train': 1},1,0,
33864,1,{'train': 1},1,0,
33867,2,{'train': 2},2,0,
33866,1,{'train': 1},1,0,
33869,3,{'train': 3},1,2,DUPLICATE_NEAR
33870,1,{'train': 1},1,0,
33871,1,{'train': 1},1,0,
33876,3,{'train': 3},1,2,DUPLICATE_NEAR
33874,2,{'train': 2},2,0,
33878,2,{'train': 2},2,0,
33879,1,{'train': 1},1,0,
33880,1,{'train': 1},1,0,
33884,3,{'train': 3},1,2,DUPLICATE_NEAR
33882,1,{'train': 1},1,0,
33887,1,{'train': 1},1,0,
33911,4,{'train': 4},1,3,DUPLICATE_NEAR
33893,1,{'train': 1},1,0,
33905,5,{'train': 5},1,4,DUPLICATE_NEAR
33909,2,{'train': 2},2,0,
33912,3,{'train': 3},1,2,DUPLICATE_NEAR
33915,2,{'train': 2},2,0,
33914,1,{'train': 1},1,0,
33918,2,{'train': 2},2,0,
33927,3,{'train': 3},1,2,DUPLICATE_NEAR
33919,1,{'train': 1},1,0,
33922,1,{'train': 1},1,0,
33923,1,{'train': 1},1,0,
33924,1,{'train': 1},1,0,
33925,1,{'train': 1},1,0,
33928,1,{'train': 1},1,0,
33930,1,{'train': 1},1,0,
33959,7,{'train': 7},1,6,DUPLICATE_NEAR
33963,2,{'train': 2},2,0,
33978,4,{'train': 4},1,3,DUPLICATE_NEAR
33977,2,{'train': 2},2,0,
33970,1,{'train': 1},1,0,
33972,1,{'train': 1},1,0,
43837,3,"{'train': 2, 'val': 1}",2,1,CROSS_SPLIT_NEARDUP_LEAKAGE
33974,1,{'train': 1},1,0,
33984,3,{'train': 3},1,2,DUPLICATE_NEAR
34047,4,{'train': 4},1,3,DUPLICATE_NEAR
33986,1,{'train': 1},1,0,
41825,3,"{'train': 1, 'val': 2}",2,1,CROSS_SPLIT_NEARDUP_LEAKAGE
34238,2,{'train': 2},2,0,
34575,6,{'train': 6},1,5,DUPLICATE_NEAR
33990,1,{'train': 1},1,0,
34583,6,{'train': 6},1,5,DUPLICATE_NEAR
34017,2,{'train': 2},2,0,
34247,52,{'train': 52},1,51,DUPLICATE_NEAR
34057,2,{'train': 2},2,0,
34163,5,{'train': 5},1,4,DUPLICATE_NEAR
34002,1,{'train': 1},1,0,
34006,1,{'train': 1},1,0,
34008,1,{'train': 1},1,0,
34574,2,{'train': 2},2,0,
34013,1,{'train': 1},1,0,
34016,2,{'train': 2},2,0,
34015,1,{'train': 1},1,0,
34018,1,{'train': 1},1,0,
34019,1,{'train': 1},1,0,
34021,1,{'train': 1},1,0,
34023,1,{'train': 1},1,0,
34026,3,{'train': 3},1,2,DUPLICATE_NEAR
35306,10,"{'train': 9, 'val': 1}",1,9,CROSS_SPLIT_NEARDUP_LEAKAGE;DUPLICATE_NEAR
34029,1,{'train': 1},1,0,
34030,1,{'train': 1},1,0,
34031,6,"{'train': 5, 'test': 1}",1,5,CROSS_SPLIT_NEARDUP_LEAKAGE;DUPLICATE_NEAR
34034,2,{'train': 2},2,0,
34036,1,{'train': 1},1,0,
34043,4,{'train': 4},1,3,DUPLICATE_NEAR
34085,3,{'train': 3},1,2,DUPLICATE_NEAR
34117,8,{'train': 8},1,7,DUPLICATE_NEAR
34051,1,{'train': 1},1,0,
34053,1,{'train': 1},1,0,
34054,1,{'train': 1},1,0,
34055,1,{'train': 1},1,0,
34372,4,{'train': 4},1,3,DUPLICATE_NEAR
34059,1,{'train': 1},1,0,
42086,12,"{'train': 10, 'val': 2}",1,11,CROSS_SPLIT_NEARDUP_LEAKAGE;DUPLICATE_NEAR
34063,1,{'train': 1},1,0,
34067,1,{'train': 1},1,0,
34073,2,{'train': 2},2,0,
34069,1,{'train': 1},1,0,
34071,1,{'train': 1},1,0,
34072,1,{'train': 1},1,0,
34173,4,{'train': 4},1,3,DUPLICATE_NEAR
47882,4,"{'train': 3, 'test': 1}",1,3,CROSS_SPLIT_NEARDUP_LEAKAGE;DUPLICATE_NEAR
34080,1,{'train': 1},1,0,
34082,1,{'train': 1},1,0,
34083,1,{'train': 1},1,0,
34086,1,{'train': 1},1,0,
47648,5,"{'train': 2, 'test': 3}",1,4,CROSS_SPLIT_NEARDUP_LEAKAGE;DUPLICATE_NEAR
34610,3,{'train': 3},1,2,DUPLICATE_NEAR
34103,1,{'train': 1},1,0,
34348,2,{'train': 2},2,0,
34370,19,{'train': 19},1,18,DUPLICATE_NEAR
34273,2,{'train': 2},2,0,
34107,1,{'train': 1},1,0,
34340,3,{'train': 3},1,2,DUPLICATE_NEAR
34110,1,{'train': 1},1,0,
34228,12,{'train': 12},1,11,DUPLICATE_NEAR
34693,20,{'train': 20},1,19,DUPLICATE_NEAR
34484,2,{'train': 2},2,0,
34116,1,{'train': 1},1,0,
34584,2,{'train': 2},2,0,
42085,4,"{'train': 3, 'val': 1}",1,3,CROSS_SPLIT_NEARDUP_LEAKAGE;DUPLICATE_NEAR
34120,1,{'train': 1},1,0,
34123,1,{'train': 1},1,0,
34127,2,{'train': 2},2,0,
34174,2,{'train': 2},2,0,
34128,1,{'train': 1},1,0,
34129,1,{'train': 1},1,0,
34130,1,{'train': 1},1,0,
34132,1,{'train': 1},1,0,
34135,2,{'train': 2},2,0,
34137,1,{'train': 1},1,0,
34141,3,{'train': 3},1,2,DUPLICATE_NEAR
34310,2,{'train': 2},2,0,
34140,1,{'train': 1},1,0,
34146,1,{'train': 1},1,0,
34147,1,{'train': 1},1,0,
34148,1,{'train': 1},1,0,
34149,1,{'train': 1},1,0,
34151,2,{'train': 2},2,0,
34152,2,{'train': 2},2,0,
34153,1,{'train': 1},1,0,
34154,1,{'train': 1},1,0,
34160,2,{'train': 2},2,0,
34156,1,{'train': 1},1,0,
34157,1,{'train': 1},1,0,
34159,1,{'train': 1},1,0,
34696,6,{'train': 6},1,5,DUPLICATE_NEAR
34257,4,{'train': 4},1,3,DUPLICATE_NEAR
34169,1,{'train': 1},1,0,
34172,2,{'train': 2},2,0,
34179,1,{'train': 1},1,0,
35173,8,{'train': 8},1,7,DUPLICATE_NEAR
34181,1,{'train': 1},1,0,
34185,1,{'train': 1},1,0,
34380,17,"{'train': 15, 'val': 1, 'test': 1}",1,16,CROSS_SPLIT_NEARDUP_LEAKAGE;DUPLICATE_NEAR
34188,1,{'train': 1},1,0,
34190,1,{'train': 1},1,0,
34191,1,{'train': 1},1,0,
34193,1,{'train': 1},1,0,
34194,1,{'train': 1},1,0,
34195,1,{'train': 1},1,0,
34197,1,{'train': 1},1,0,
34198,1,{'train': 1},1,0,
34199,1,{'train': 1},1,0,
34219,2,{'train': 2},2,0,
34812,7,{'train': 7},1,6,DUPLICATE_NEAR
41827,3,"{'train': 2, 'val': 1}",2,1,CROSS_SPLIT_NEARDUP_LEAKAGE
34643,3,{'train': 3},1,2,DUPLICATE_NEAR
35182,2,{'train': 2},2,0,
34210,1,{'train': 1},1,0,
34212,1,{'train': 1},1,0,
34213,1,{'train': 1},1,0,
34216,1,{'train': 1},1,0,
34223,2,{'train': 2},2,0,
34222,1,{'train': 1},1,0,
34226,1,{'train': 1},1,0,
34231,1,{'train': 1},1,0,
34232,1,{'train': 1},1,0,
34757,2,{'train': 2},2,0,
34235,1,{'train': 1},1,0,
34236,1,{'train': 1},1,0,
34239,1,{'train': 1},1,0,
34240,1,{'train': 1},1,0,
34408,2,{'train': 2},2,0,
19332,10,"{'train': 9, 'val': 1}",1,9,CROSS_SPLIT_NEARDUP_LEAKAGE;DUPLICATE_NEAR
47063,5,"{'train': 4, 'test': 1}",1,4,CROSS_SPLIT_NEARDUP_LEAKAGE;DUPLICATE_NEAR
34248,1,{'train': 1},1,0,
34249,2,{'train': 2},2,0,
34251,2,{'train': 2},2,0,
34253,2,{'train': 2},2,0,
34262,1,{'train': 1},1,0,
34263,1,{'train': 1},1,0,
34536,11,{'train': 11},1,10,DUPLICATE_NEAR
34269,2,{'train': 2},2,0,
34270,2,{'train': 2},2,0,
34268,1,{'train': 1},1,0,
34276,1,{'train': 1},1,0,
34278,2,{'train': 2},2,0,
34279,1,{'train': 1},1,0,
34284,1,{'train': 1},1,0,
34285,1,{'train': 1},1,0,
34291,2,{'train': 2},2,0,
34289,1,{'train': 1},1,0,
34292,1,{'train': 1},1,0,
34293,1,{'train': 1},1,0,
34301,5,{'train': 5},1,4,DUPLICATE_NEAR
34297,1,{'train': 1},1,0,
34298,1,{'train': 1},1,0,
34303,2,{'train': 2},2,0,
34306,1,{'train': 1},1,0,
34312,1,{'train': 1},1,0,
34313,1,{'train': 1},1,0,
34314,1,{'train': 1},1,0,
34315,1,{'train': 1},1,0,
34316,1,{'train': 1},1,0,
34318,1,{'train': 1},1,0,
34319,1,{'train': 1},1,0,
34325,2,{'train': 2},2,0,
34321,1,{'train': 1},1,0,
34331,3,{'train': 3},1,2,DUPLICATE_NEAR
34326,1,{'train': 1},1,0,
34328,10,{'train': 10},1,9,DUPLICATE_NEAR
34330,1,{'train': 1},1,0,
34338,1,{'train': 1},1,0,
34341,1,{'train': 1},1,0,
34342,1,{'train': 1},1,0,
34343,1,{'train': 1},1,0,
34344,1,{'train': 1},1,0,
34345,1,{'train': 1},1,0,
34349,2,{'train': 2},2,0,
34352,1,{'train': 1},1,0,
34353,1,{'train': 1},1,0,
34354,1,{'train': 1},1,0,
34355,1,{'train': 1},1,0,
34358,1,{'train': 1},1,0,
34359,1,{'train': 1},1,0,
34366,2,{'train': 2},2,0,
34367,1,{'train': 1},1,0,
34374,1,{'train': 1},1,0,
34375,1,{'train': 1},1,0,
34381,1,{'train': 1},1,0,
34382,1,{'train': 1},1,0,
34400,3,{'train': 3},1,2,DUPLICATE_NEAR
34392,2,{'train': 2},2,0,
34423,2,{'train': 2},2,0,
34431,2,{'train': 2},2,0,
34429,4,{'train': 4},1,3,DUPLICATE_NEAR
34402,10,{'train': 10},1,9,DUPLICATE_NEAR
34393,1,{'train': 1},1,0,
34404,2,{'train': 2},2,0,
34396,1,{'train': 1},1,0,
34398,1,{'train': 1},1,0,
34438,2,{'train': 2},2,0,
34403,1,{'train': 1},1,0,
34405,1,{'train': 1},1,0,
34409,1,{'train': 1},1,0,
34414,1,{'train': 1},1,0,
34415,1,{'train': 1},1,0,
34726,2,{'train': 2},2,0,
34417,1,{'train': 1},1,0,
34420,1,{'train': 1},1,0,
34427,2,{'train': 2},2,0,
34426,1,{'train': 1},1,0,
34428,1,{'train': 1},1,0,
34432,1,{'train': 1},1,0,
34434,2,{'train': 2},2,0,
34437,1,{'train': 1},1,0,
34439,1,{'train': 1},1,0,
34559,4,{'train': 4},1,3,DUPLICATE_NEAR
34442,1,{'train': 1},1,0,
34443,1,{'train': 1},1,0,
34444,1,{'train': 1},1,0,
34445,1,{'train': 1},1,0,
34452,3,{'train': 3},1,2,DUPLICATE_NEAR
34447,1,{'train': 1},1,0,
34454,3,{'train': 3},1,2,DUPLICATE_NEAR
34450,1,{'train': 1},1,0,
34451,1,{'train': 1},1,0,
34458,2,{'train': 2},2,0,
34455,1,{'train': 1},1,0,
34456,1,{'train': 1},1,0,
34457,1,{'train': 1},1,0,
34459,1,{'train': 1},1,0,
34460,1,{'train': 1},1,0,
34461,1,{'train': 1},1,0,
34476,6,{'train': 6},1,5,DUPLICATE_NEAR
34519,6,{'train': 6},1,5,DUPLICATE_NEAR
34466,1,{'train': 1},1,0,
34468,1,{'train': 1},1,0,
34470,1,{'train': 1},1,0,
34516,2,{'train': 2},2,0,
34477,2,{'train': 2},2,0,
34475,1,{'train': 1},1,0,
34528,2,{'train': 2},2,0,
34489,2,{'train': 2},2,0,
34499,5,{'train': 5},1,4,DUPLICATE_NEAR
34482,1,{'train': 1},1,0,
34501,6,{'train': 6},1,5,DUPLICATE_NEAR
34524,2,{'train': 2},2,0,
34491,1,{'train': 1},1,0,
34492,1,{'train': 1},1,0,
34493,1,{'train': 1},1,0,
34494,1,{'train': 1},1,0,
34495,1,{'train': 1},1,0,
34496,1,{'train': 1},1,0,
34502,1,{'train': 1},1,0,
34505,2,{'train': 2},2,0,
34509,3,{'train': 3},1,2,DUPLICATE_NEAR
34512,1,{'train': 1},1,0,
34514,1,{'train': 1},1,0,
34517,1,{'train': 1},1,0,
34520,1,{'train': 1},1,0,
34521,1,{'train': 1},1,0,
34525,2,{'train': 2},2,0,
34555,31,"{'train': 29, 'test': 2}",1,30,CROSS_SPLIT_NEARDUP_LEAKAGE;DUPLICATE_NEAR
34527,1,{'train': 1},1,0,
34529,1,{'train': 1},1,0,
34530,1,{'train': 1},1,0,
34531,1,{'train': 1},1,0,
34535,1,{'train': 1},1,0,
34538,1,{'train': 1},1,0,
34540,1,{'train': 1},1,0,
34558,7,{'train': 7},1,6,DUPLICATE_NEAR
34547,2,{'train': 2},2,0,
34543,1,{'train': 1},1,0,
34546,2,{'train': 2},2,0,
34545,1,{'train': 1},1,0,
34556,2,{'train': 2},2,0,
34552,1,{'train': 1},1,0,
34557,1,{'train': 1},1,0,
34561,1,{'train': 1},1,0,
34564,1,{'train': 1},1,0,
34565,1,{'train': 1},1,0,
34570,1,{'train': 1},1,0,
34571,1,{'train': 1},1,0,
34572,1,{'train': 1},1,0,
34573,1,{'train': 1},1,0,
34577,1,{'train': 1},1,0,
34578,1,{'train': 1},1,0,
34580,2,{'train': 2},2,0,
34582,1,{'train': 1},1,0,
34585,1,{'train': 1},1,0,
34587,2,{'train': 2},2,0,
34588,1,{'train': 1},1,0,
34589,1,{'train': 1},1,0,
34590,1,{'train': 1},1,0,
34593,3,{'train': 3},1,2,DUPLICATE_NEAR
34612,2,{'train': 2},2,0,
34644,2,{'train': 2},2,0,
34598,1,{'train': 1},1,0,
34599,1,{'train': 1},1,0,
42560,3,"{'train': 1, 'val': 2}",2,1,CROSS_SPLIT_NEARDUP_LEAKAGE
34608,1,{'train': 1},1,0,
34609,1,{'train': 1},1,0,
34611,1,{'train': 1},1,0,
34613,1,{'train': 1},1,0,
34615,1,{'train': 1},1,0,
34618,2,{'train': 2},2,0,
34617,1,{'train': 1},1,0,
34619,1,{'train': 1},1,0,
34620,1,{'train': 1},1,0,
34621,1,{'train': 1},1,0,
34622,1,{'train': 1},1,0,
34623,1,{'train': 1},1,0,
34627,2,{'train': 2},2,0,
34625,1,{'train': 1},1,0,
34626,1,{'train': 1},1,0,
34633,2,{'train': 2},2,0,
34630,1,{'train': 1},1,0,
34631,1,{'train': 1},1,0,
34632,1,{'train': 1},1,0,
34634,1,{'train': 1},1,0,
34637,2,{'train': 2},2,0,
34638,1,{'train': 1},1,0,
34639,1,{'train': 1},1,0,
34640,1,{'train': 1},1,0,
34641,1,{'train': 1},1,0,
34647,2,{'train': 2},2,0,
34648,1,{'train': 1},1,0,
34649,1,{'train': 1},1,0,
34650,1,{'train': 1},1,0,
34686,4,{'train': 4},1,3,DUPLICATE_NEAR
34666,3,{'train': 3},1,2,DUPLICATE_NEAR
34653,1,{'train': 1},1,0,
34656,2,{'train': 2},2,0,
34655,1,{'train': 1},1,0,
34657,1,{'train': 1},1,0,
34658,1,{'train': 1},1,0,
34662,2,{'train': 2},2,0,
34661,1,{'train': 1},1,0,
34664,1,{'train': 1},1,0,
34665,1,{'train': 1},1,0,
34668,1,{'train': 1},1,0,
34669,1,{'train': 1},1,0,
34682,3,{'train': 3},1,2,DUPLICATE_NEAR
34672,1,{'train': 1},1,0,
34674,6,{'train': 6},1,5,DUPLICATE_NEAR
34675,1,{'train': 1},1,0,
34725,2,{'train': 2},2,0,
34678,2,{'train': 2},2,0,
34681,2,{'train': 2},2,0,
34680,1,{'train': 1},1,0,
34683,1,{'train': 1},1,0,
34684,1,{'train': 1},1,0,
34687,1,{'train': 1},1,0,
34692,2,{'train': 2},2,0,
34690,1,{'train': 1},1,0,
34694,1,{'train': 1},1,0,
34695,1,{'train': 1},1,0,
34748,4,{'train': 4},1,3,DUPLICATE_NEAR
34699,1,{'train': 1},1,0,
34700,1,{'train': 1},1,0,
34701,1,{'train': 1},1,0,
34719,4,{'train': 4},1,3,DUPLICATE_NEAR
34703,1,{'train': 1},1,0,
34705,1,{'train': 1},1,0,
34707,2,{'train': 2},2,0,
34708,1,{'train': 1},1,0,
34709,1,{'train': 1},1,0,
34710,1,{'train': 1},1,0,
34791,8,"{'train': 7, 'test': 1}",1,7,CROSS_SPLIT_NEARDUP_LEAKAGE;DUPLICATE_NEAR
34712,1,{'train': 1},1,0,
34713,1,{'train': 1},1,0,
34714,1,{'train': 1},1,0,
34716,1,{'train': 1},1,0,
34717,1,{'train': 1},1,0,
34727,2,{'train': 2},2,0,
34720,1,{'train': 1},1,0,
34721,1,{'train': 1},1,0,
34724,2,{'train': 2},2,0,
34723,1,{'train': 1},1,0,
34730,2,{'train': 2},2,0,
34729,1,{'train': 1},1,0,
34736,2,{'train': 2},2,0,
34732,1,{'train': 1},1,0,
34735,2,{'train': 2},2,0,
34737,1,{'train': 1},1,0,
34738,1,{'train': 1},1,0,
34739,1,{'train': 1},1,0,
34741,2,{'train': 2},2,0,
34742,1,{'train': 1},1,0,
34743,1,{'train': 1},1,0,
34745,1,{'train': 1},1,0,
34749,1,{'train': 1},1,0,
34750,1,{'train': 1},1,0,
34752,1,{'train': 1},1,0,
34753,1,{'train': 1},1,0,
34765,3,{'train': 3},1,2,DUPLICATE_NEAR
34755,1,{'train': 1},1,0,
34756,1,{'train': 1},1,0,
34758,1,{'train': 1},1,0,
34759,1,{'train': 1},1,0,
34760,1,{'train': 1},1,0,
34761,1,{'train': 1},1,0,
34763,1,{'train': 1},1,0,
34764,1,{'train': 1},1,0,
34766,1,{'train': 1},1,0,
34768,1,{'train': 1},1,0,
34770,1,{'train': 1},1,0,
34772,1,{'train': 1},1,0,
34773,1,{'train': 1},1,0,
34774,1,{'train': 1},1,0,
34775,1,{'train': 1},1,0,
34852,3,{'train': 3},1,2,DUPLICATE_NEAR
34777,1,{'train': 1},1,0,
34778,1,{'train': 1},1,0,
34779,1,{'train': 1},1,0,
34781,1,{'train': 1},1,0,
34783,1,{'train': 1},1,0,
34784,1,{'train': 1},1,0,
34787,2,{'train': 2},2,0,
34786,1,{'train': 1},1,0,
34788,1,{'train': 1},1,0,
34790,2,{'train': 2},2,0,
34792,1,{'train': 1},1,0,
34793,1,{'train': 1},1,0,
34830,6,{'train': 6},1,5,DUPLICATE_NEAR
34795,1,{'train': 1},1,0,
34796,1,{'train': 1},1,0,
34797,1,{'train': 1},1,0,
34799,2,{'train': 2},2,0,
34800,1,{'train': 1},1,0,
34801,1,{'train': 1},1,0,
34847,8,{'train': 8},1,7,DUPLICATE_NEAR
34807,2,{'train': 2},2,0,
34806,1,{'train': 1},1,0,
34808,1,{'train': 1},1,0,
34813,2,{'train': 2},2,0,
35162,2,{'train': 2},2,0,
34819,2,{'train': 2},2,0,
34845,3,{'train': 3},1,2,DUPLICATE_NEAR
34821,1,{'train': 1},1,0,
34827,1,{'train': 1},1,0,
34829,1,{'train': 1},1,0,
34831,1,{'train': 1},1,0,
35196,2,{'train': 2},2,0,
34836,1,{'train': 1},1,0,
34838,1,{'train': 1},1,0,
34842,2,{'train': 2},2,0,
34840,1,{'train': 1},1,0,
34843,2,{'train': 2},2,0,
34846,1,{'train': 1},1,0,
34849,1,{'train': 1},1,0,
34853,2,{'train': 2},2,0,
34854,1,{'train': 1},1,0,
34856,1,{'train': 1},1,0,
34858,1,{'train': 1},1,0,
34863,2,{'train': 2},2,0,
34860,1,{'train': 1},1,0,
34861,1,{'train': 1},1,0,
34865,1,{'train': 1},1,0,
34870,2,{'train': 2},2,0,
34867,1,{'train': 1},1,0,
34871,1,{'train': 1},1,0,
34872,1,{'train': 1},1,0,
34876,3,{'train': 3},1,2,DUPLICATE_NEAR
34875,1,{'train': 1},1,0,
34877,1,{'train': 1},1,0,
34879,1,{'train': 1},1,0,
34891,7,{'train': 7},1,6,DUPLICATE_NEAR
34882,1,{'train': 1},1,0,
34884,1,{'train': 1},1,0,
34885,1,{'train': 1},1,0,
34886,1,{'train': 1},1,0,
34888,1,{'train': 1},1,0,
34889,1,{'train': 1},1,0,
34975,2,{'train': 2},2,0,
34892,1,{'train': 1},1,0,
34893,1,{'train': 1},1,0,
34896,1,{'train': 1},1,0,
34897,1,{'train': 1},1,0,
34899,1,{'train': 1},1,0,
34914,2,{'train': 2},2,0,
34915,5,{'train': 5},1,4,DUPLICATE_NEAR
34902,1,{'train': 1},1,0,
34903,1,{'train': 1},1,0,
34905,1,{'train': 1},1,0,
34906,1,{'train': 1},1,0,
34907,1,{'train': 1},1,0,
34908,1,{'train': 1},1,0,
34910,2,{'train': 2},2,0,
34922,2,{'train': 2},2,0,
34916,1,{'train': 1},1,0,
34917,1,{'train': 1},1,0,
34918,1,{'train': 1},1,0,
34920,2,{'train': 2},2,0,
34921,1,{'train': 1},1,0,
34937,4,{'train': 4},1,3,DUPLICATE_NEAR
34924,1,{'train': 1},1,0,
34926,1,{'train': 1},1,0,
34927,1,{'train': 1},1,0,
34928,1,{'train': 1},1,0,
34931,2,{'train': 2},2,0,
34930,1,{'train': 1},1,0,
34932,1,{'train': 1},1,0,
34934,1,{'train': 1},1,0,
34939,1,{'train': 1},1,0,
34940,1,{'train': 1},1,0,
34941,1,{'train': 1},1,0,
34944,1,{'train': 1},1,0,
34945,1,{'train': 1},1,0,
34946,1,{'train': 1},1,0,
34947,1,{'train': 1},1,0,
34948,1,{'train': 1},1,0,
34950,1,{'train': 1},1,0,
34952,1,{'train': 1},1,0,
34990,2,{'train': 2},2,0,
34954,1,{'train': 1},1,0,
35301,3,{'train': 3},1,2,DUPLICATE_NEAR
35006,5,{'train': 5},1,4,DUPLICATE_NEAR
34989,2,{'train': 2},2,0,
35325,11,{'train': 11},1,10,DUPLICATE_NEAR
35236,28,{'train': 28},1,27,DUPLICATE_NEAR
35009,5,{'train': 5},1,4,DUPLICATE_NEAR
34966,1,{'train': 1},1,0,
34969,1,{'train': 1},1,0,
34970,1,{'train': 1},1,0,
35001,3,{'train': 3},1,2,DUPLICATE_NEAR
34979,2,{'train': 2},2,0,
34977,1,{'train': 1},1,0,
34978,1,{'train': 1},1,0,
34997,2,{'train': 2},2,0,
34987,2,{'train': 2},2,0,
34992,1,{'train': 1},1,0,
46046,7,"{'train': 2, 'test': 5}",1,6,CROSS_SPLIT_NEARDUP_LEAKAGE;DUPLICATE_NEAR
35000,1,{'train': 1},1,0,
35003,1,{'train': 1},1,0,
35005,1,{'train': 1},1,0,
42087,6,"{'train': 5, 'val': 1}",1,5,CROSS_SPLIT_NEARDUP_LEAKAGE;DUPLICATE_NEAR
35011,3,{'train': 3},1,2,DUPLICATE_NEAR
35062,4,{'train': 4},1,3,DUPLICATE_NEAR
35023,1,{'train': 1},1,0,
35028,1,{'train': 1},1,0,
35072,8,{'train': 8},1,7,DUPLICATE_NEAR
35070,2,{'train': 2},2,0,
35060,1,{'train': 1},1,0,
35074,2,{'train': 2},2,0,
35104,8,{'train': 8},1,7,DUPLICATE_NEAR
35080,1,{'train': 1},1,0,
35081,1,{'train': 1},1,0,
35082,1,{'train': 1},1,0,
35085,1,{'train': 1},1,0,
35096,4,{'train': 4},1,3,DUPLICATE_NEAR
35090,2,{'train': 2},2,0,
35091,1,{'train': 1},1,0,
35092,1,{'train': 1},1,0,
35093,1,{'train': 1},1,0,
35108,3,{'train': 3},1,2,DUPLICATE_NEAR
35097,1,{'train': 1},1,0,
35102,1,{'train': 1},1,0,
35109,1,{'train': 1},1,0,
35110,1,{'train': 1},1,0,
35111,1,{'train': 1},1,0,
35112,1,{'train': 1},1,0,
35113,1,{'train': 1},1,0,
35114,1,{'train': 1},1,0,
35117,2,{'train': 2},2,0,
35120,1,{'train': 1},1,0,
35122,2,{'train': 2},2,0,
35124,1,{'train': 1},1,0,
35126,1,{'train': 1},1,0,
35127,1,{'train': 1},1,0,
35128,1,{'train': 1},1,0,
35129,1,{'train': 1},1,0,
35130,1,{'train': 1},1,0,
41828,2,"{'train': 1, 'val': 1}",1,1,CROSS_SPLIT_NEARDUP_LEAKAGE
35132,1,{'train': 1},1,0,
35137,2,{'train': 2},2,0,
35134,1,{'train': 1},1,0,
35135,1,{'train': 1},1,0,
35136,1,{'train': 1},1,0,
35142,2,{'train': 2},2,0,
35146,3,{'train': 3},1,2,DUPLICATE_NEAR
35144,1,{'train': 1},1,0,
35148,1,{'train': 1},1,0,
35150,1,{'train': 1},1,0,
35154,2,{'train': 2},2,0,
35155,3,{'train': 3},1,2,DUPLICATE_NEAR
35153,1,{'train': 1},1,0,
35157,1,{'train': 1},1,0,
35158,1,{'train': 1},1,0,
35159,1,{'train': 1},1,0,
35161,2,{'train': 2},2,0,
35163,1,{'train': 1},1,0,
35165,1,{'train': 1},1,0,
35166,1,{'train': 1},1,0,
35167,1,{'train': 1},1,0,
35179,3,{'train': 3},1,2,DUPLICATE_NEAR
35171,2,{'train': 2},2,0,
35177,2,{'train': 2},2,0,
35174,1,{'train': 1},1,0,
35176,1,{'train': 1},1,0,
35178,1,{'train': 1},1,0,
35181,2,{'train': 2},2,0,
35185,2,{'train': 2},2,0,
35186,1,{'train': 1},1,0,
35190,2,{'train': 2},2,0,
35188,1,{'train': 1},1,0,
35208,2,{'train': 2},2,0,
35191,1,{'train': 1},1,0,
35194,1,{'train': 1},1,0,
35195,1,{'train': 1},1,0,
35197,1,{'train': 1},1,0,
35203,2,{'train': 2},2,0,
35199,1,{'train': 1},1,0,
35200,1,{'train': 1},1,0,
35201,1,{'train': 1},1,0,
35202,1,{'train': 1},1,0,
35204,1,{'train': 1},1,0,
35205,1,{'train': 1},1,0,
35206,1,{'train': 1},1,0,
35207,1,{'train': 1},1,0,
35209,1,{'train': 1},1,0,
35221,2,{'train': 2},2,0,
35211,1,{'train': 1},1,0,
35214,2,{'train': 2},2,0,
35213,1,{'train': 1},1,0,
35215,1,{'train': 1},1,0,
35217,2,{'train': 2},2,0,
35219,2,{'train': 2},2,0,
35220,1,{'train': 1},1,0,
35222,1,{'train': 1},1,0,
35223,1,{'train': 1},1,0,
35237,2,{'train': 2},2,0,
35233,3,{'train': 3},1,2,DUPLICATE_NEAR
35238,2,{'train': 2},2,0,
35235,1,{'train': 1},1,0,
35239,1,{'train': 1},1,0,
35240,1,{'train': 1},1,0,
35241,1,{'train': 1},1,0,
35245,1,{'train': 1},1,0,
35246,1,{'train': 1},1,0,
35270,3,{'train': 3},1,2,DUPLICATE_NEAR
35250,3,{'train': 3},1,2,DUPLICATE_NEAR
35277,2,{'train': 2},2,0,
35273,3,{'train': 3},1,2,DUPLICATE_NEAR
35255,1,{'train': 1},1,0,
35258,2,{'train': 2},2,0,
35260,1,{'train': 1},1,0,
35261,1,{'train': 1},1,0,
35263,1,{'train': 1},1,0,
35266,1,{'train': 1},1,0,
35269,2,{'train': 2},2,0,
35268,1,{'train': 1},1,0,
35271,1,{'train': 1},1,0,
35272,1,{'train': 1},1,0,
35274,1,{'train': 1},1,0,
35278,1,{'train': 1},1,0,
35279,1,{'train': 1},1,0,
35280,1,{'train': 1},1,0,
35281,1,{'train': 1},1,0,
35283,1,{'train': 1},1,0,
35284,1,{'train': 1},1,0,
35288,3,{'train': 3},1,2,DUPLICATE_NEAR
35287,2,{'train': 2},2,0,
35321,3,{'train': 3},1,2,DUPLICATE_NEAR
35291,1,{'train': 1},1,0,
35304,4,{'train': 4},1,3,DUPLICATE_NEAR
35295,1,{'train': 1},1,0,
35297,1,{'train': 1},1,0,
35298,1,{'train': 1},1,0,
35300,1,{'train': 1},1,0,
35302,1,{'train': 1},1,0,
35303,1,{'train': 1},1,0,
35305,1,{'train': 1},1,0,
35307,1,{'train': 1},1,0,
35310,1,{'train': 1},1,0,
35313,1,{'train': 1},1,0,
35314,2,{'train': 2},2,0,
35315,1,{'train': 1},1,0,
35320,2,{'train': 2},2,0,
35317,1,{'train': 1},1,0,
35322,1,{'train': 1},1,0,
35323,1,{'train': 1},1,0,
35324,1,{'train': 1},1,0,
35327,1,{'train': 1},1,0,
35328,1,{'train': 1},1,0,
35330,2,{'train': 2},2,0,
35331,1,{'train': 1},1,0,
35333,1,{'train': 1},1,0,
35334,1,{'train': 1},1,0,
35335,1,{'train': 1},1,0,
35336,1,{'train': 1},1,0,
35337,1,{'train': 1},1,0,
35339,1,{'train': 1},1,0,
35342,2,{'train': 2},2,0,
35341,1,{'train': 1},1,0,
35344,2,{'train': 2},2,0,
35346,1,{'train': 1},1,0,
35348,2,{'train': 2},2,0,
35350,2,{'train': 2},2,0,
35463,4,{'train': 4},1,3,DUPLICATE_NEAR
35357,2,{'train': 2},2,0,
35362,2,{'train': 2},2,0,
35363,1,{'train': 1},1,0,
35366,2,{'train': 2},2,0,
35365,1,{'train': 1},1,0,
35367,1,{'train': 1},1,0,
35370,1,{'train': 1},1,0,
35372,1,{'train': 1},1,0,
35374,2,{'train': 2},2,0,
35375,1,{'train': 1},1,0,
35377,1,{'train': 1},1,0,
35378,1,{'train': 1},1,0,
35379,1,{'train': 1},1,0,
35384,3,{'train': 3},1,2,DUPLICATE_NEAR
35381,1,{'train': 1},1,0,
35382,1,{'train': 1},1,0,
35385,1,{'train': 1},1,0,
35388,2,{'train': 2},2,0,
35387,1,{'train': 1},1,0,
35389,1,{'train': 1},1,0,
35390,1,{'train': 1},1,0,
35391,1,{'train': 1},1,0,
35392,1,{'train': 1},1,0,
35393,1,{'train': 1},1,0,
35394,1,{'train': 1},1,0,
35395,1,{'train': 1},1,0,
35398,1,{'train': 1},1,0,
35400,1,{'train': 1},1,0,
35402,2,{'train': 2},2,0,
35403,1,{'train': 1},1,0,
35404,1,{'train': 1},1,0,
35406,1,{'train': 1},1,0,
35407,1,{'train': 1},1,0,
35409,2,{'train': 2},2,0,
35410,1,{'train': 1},1,0,
35411,1,{'train': 1},1,0,
35415,2,{'train': 2},2,0,
35413,1,{'train': 1},1,0,
35414,1,{'train': 1},1,0,
35416,1,{'train': 1},1,0,
35417,1,{'train': 1},1,0,
35418,1,{'train': 1},1,0,
35419,1,{'train': 1},1,0,
35420,1,{'train': 1},1,0,
35422,1,{'train': 1},1,0,
35423,1,{'train': 1},1,0,
35424,1,{'train': 1},1,0,
35426,2,{'train': 2},2,0,
35427,1,{'train': 1},1,0,
35428,1,{'train': 1},1,0,
35429,1,{'train': 1},1,0,
35430,1,{'train': 1},1,0,
35434,3,{'train': 3},1,2,DUPLICATE_NEAR
35438,2,{'train': 2},2,0,
35435,1,{'train': 1},1,0,
35436,1,{'train': 1},1,0,
35437,1,{'train': 1},1,0,
35439,1,{'train': 1},1,0,
35444,3,{'train': 3},1,2,DUPLICATE_NEAR
35445,2,{'train': 2},2,0,
35443,1,{'train': 1},1,0,
35446,1,{'train': 1},1,0,
35447,1,{'train': 1},1,0,
35448,1,{'train': 1},1,0,
35450,1,{'train': 1},1,0,
35451,1,{'train': 1},1,0,
35454,1,{'train': 1},1,0,
35455,1,{'train': 1},1,0,
35466,2,{'train': 2},2,0,
35465,1,{'train': 1},1,0,
35468,1,{'train': 1},1,0,
35469,1,{'train': 1},1,0,
35470,1,{'train': 1},1,0,
35474,1,{'train': 1},1,0,
35475,1,{'train': 1},1,0,
35477,1,{'train': 1},1,0,
35479,1,{'train': 1},1,0,
35480,1,{'train': 1},1,0,
35483,1,{'train': 1},1,0,
35486,1,{'train': 1},1,0,
35487,1,{'train': 1},1,0,
35490,1,{'train': 1},1,0,
35492,1,{'train': 1},1,0,
35493,1,{'train': 1},1,0,
35496,1,{'train': 1},1,0,
35497,1,{'train': 1},1,0,
35499,1,{'train': 1},1,0,
35501,1,{'train': 1},1,0,
35503,1,{'train': 1},1,0,
35505,1,{'train': 1},1,0,
35508,1,{'train': 1},1,0,
35509,1,{'train': 1},1,0,
35512,1,{'train': 1},1,0,
35514,1,{'train': 1},1,0,
35518,1,{'train': 1},1,0,
35519,1,{'train': 1},1,0,
35520,1,{'train': 1},1,0,
35522,1,{'train': 1},1,0,
35523,1,{'train': 1},1,0,
35525,1,{'train': 1},1,0,
35527,1,{'train': 1},1,0,
35528,1,{'train': 1},1,0,
35531,1,{'train': 1},1,0,
35554,2,{'train': 2},2,0,
35536,1,{'train': 1},1,0,
35537,1,{'train': 1},1,0,
35540,1,{'train': 1},1,0,
35542,1,{'train': 1},1,0,
35544,1,{'train': 1},1,0,
35546,1,{'train': 1},1,0,
35548,1,{'train': 1},1,0,
35550,1,{'train': 1},1,0,
35555,1,{'train': 1},1,0,
35556,1,{'train': 1},1,0,
35557,1,{'train': 1},1,0,
35558,1,{'train': 1},1,0,
35560,1,{'train': 1},1,0,
35573,16,{'train': 16},1,15,DUPLICATE_NEAR
35564,1,{'train': 1},1,0,
35591,2,{'train': 2},2,0,
35567,1,{'train': 1},1,0,
35568,1,{'train': 1},1,0,
35570,1,{'train': 1},1,0,
35571,1,{'train': 1},1,0,
35572,1,{'train': 1},1,0,
35574,1,{'train': 1},1,0,
35575,1,{'train': 1},1,0,
35576,1,{'train': 1},1,0,
35610,3,{'train': 3},1,2,DUPLICATE_NEAR
35579,1,{'train': 1},1,0,
35596,3,{'train': 3},1,2,DUPLICATE_NEAR
35584,1,{'train': 1},1,0,
35586,1,{'train': 1},1,0,
35587,1,{'train': 1},1,0,
35605,3,{'train': 3},1,2,DUPLICATE_NEAR
35592,1,{'train': 1},1,0,
35593,1,{'train': 1},1,0,
35595,1,{'train': 1},1,0,
35597,1,{'train': 1},1,0,
35601,1,{'train': 1},1,0,
35604,2,{'train': 2},2,0,
35609,1,{'train': 1},1,0,
35611,1,{'train': 1},1,0,
35630,7,{'train': 7},1,6,DUPLICATE_NEAR
35614,1,{'train': 1},1,0,
35615,1,{'train': 1},1,0,
35617,1,{'train': 1},1,0,
35618,1,{'train': 1},1,0,
35621,1,{'train': 1},1,0,
35622,1,{'train': 1},1,0,
35623,1,{'train': 1},1,0,
35624,1,{'train': 1},1,0,
35625,1,{'train': 1},1,0,
35626,1,{'train': 1},1,0,
35627,1,{'train': 1},1,0,
35629,1,{'train': 1},1,0,
35631,1,{'train': 1},1,0,
35632,1,{'train': 1},1,0,
35643,6,{'train': 6},1,5,DUPLICATE_NEAR
35635,1,{'train': 1},1,0,
35636,1,{'train': 1},1,0,
35639,1,{'train': 1},1,0,
35640,1,{'train': 1},1,0,
35641,1,{'train': 1},1,0,
35644,1,{'train': 1},1,0,
35663,2,{'train': 2},2,0,
35659,8,{'train': 8},1,7,DUPLICATE_NEAR
35647,1,{'train': 1},1,0,
35649,1,{'train': 1},1,0,
35653,2,{'train': 2},2,0,
35664,2,{'train': 2},2,0,
35655,1,{'train': 1},1,0,
35656,1,{'train': 1},1,0,
35657,1,{'train': 1},1,0,
35660,1,{'train': 1},1,0,
35661,1,{'train': 1},1,0,
35666,1,{'train': 1},1,0,
35667,1,{'train': 1},1,0,
35668,1,{'train': 1},1,0,
35669,1,{'train': 1},1,0,
35670,1,{'train': 1},1,0,
35671,1,{'train': 1},1,0,
35672,1,{'train': 1},1,0,
35673,1,{'train': 1},1,0,
35674,1,{'train': 1},1,0,
35675,1,{'train': 1},1,0,
35676,1,{'train': 1},1,0,
35677,1,{'train': 1},1,0,
35678,1,{'train': 1},1,0,
35679,1,{'train': 1},1,0,
35681,2,{'train': 2},2,0,
35683,2,{'train': 2},2,0,
35684,1,{'train': 1},1,0,
35685,1,{'train': 1},1,0,
35687,2,{'train': 2},2,0,
35688,1,{'train': 1},1,0,
35691,1,{'train': 1},1,0,
35692,1,{'train': 1},1,0,
35693,1,{'train': 1},1,0,
35695,1,{'train': 1},1,0,
35696,1,{'train': 1},1,0,
35697,1,{'train': 1},1,0,
35701,1,{'train': 1},1,0,
35702,1,{'train': 1},1,0,
35703,1,{'train': 1},1,0,
35709,1,{'train': 1},1,0,
35711,1,{'train': 1},1,0,
35712,1,{'train': 1},1,0,
35714,1,{'train': 1},1,0,
35716,1,{'train': 1},1,0,
35722,2,{'train': 2},2,0,
35720,1,{'train': 1},1,0,
35721,1,{'train': 1},1,0,
35723,1,{'train': 1},1,0,
35724,1,{'train': 1},1,0,
35725,1,{'train': 1},1,0,
35726,1,{'train': 1},1,0,
35731,1,{'train': 1},1,0,
35733,1,{'train': 1},1,0,
35735,1,{'train': 1},1,0,
35739,1,{'train': 1},1,0,
35740,1,{'train': 1},1,0,
35741,1,{'train': 1},1,0,
35742,1,{'train': 1},1,0,
35745,1,{'train': 1},1,0,
35747,1,{'train': 1},1,0,
35748,1,{'train': 1},1,0,
35752,1,{'train': 1},1,0,
35755,1,{'train': 1},1,0,
35758,1,{'train': 1},1,0,
35760,1,{'train': 1},1,0,
35762,1,{'train': 1},1,0,
35766,2,{'train': 2},2,0,
35770,1,{'train': 1},1,0,
35772,2,{'train': 2},2,0,
35773,1,{'train': 1},1,0,
35774,1,{'train': 1},1,0,
35775,1,{'train': 1},1,0,
35776,1,{'train': 1},1,0,
35777,1,{'train': 1},1,0,
35778,1,{'train': 1},1,0,
35779,1,{'train': 1},1,0,
35780,1,{'train': 1},1,0,
35781,1,{'train': 1},1,0,
35782,1,{'train': 1},1,0,
35783,1,{'train': 1},1,0,
35784,1,{'train': 1},1,0,
35785,1,{'train': 1},1,0,
35786,1,{'train': 1},1,0,
35787,1,{'train': 1},1,0,
35788,1,{'train': 1},1,0,
35789,1,{'train': 1},1,0,
35790,1,{'train': 1},1,0,
35791,1,{'train': 1},1,0,
35792,1,{'train': 1},1,0,
35793,1,{'train': 1},1,0,
35794,1,{'train': 1},1,0,
35795,1,{'train': 1},1,0,
35796,1,{'train': 1},1,0,
35797,1,{'train': 1},1,0,
35798,1,{'train': 1},1,0,
35799,1,{'train': 1},1,0,
35800,1,{'train': 1},1,0,
35801,1,{'train': 1},1,0,
35802,1,{'train': 1},1,0,
35803,1,{'train': 1},1,0,
35804,1,{'train': 1},1,0,
35805,1,{'train': 1},1,0,
35806,1,{'train': 1},1,0,
35807,1,{'train': 1},1,0,
35810,1,{'train': 1},1,0,
35811,1,{'train': 1},1,0,
35813,1,{'train': 1},1,0,
35814,1,{'train': 1},1,0,
35815,1,{'train': 1},1,0,
35819,1,{'train': 1},1,0,
35820,1,{'train': 1},1,0,
35821,1,{'train': 1},1,0,
35822,1,{'train': 1},1,0,
35825,1,{'train': 1},1,0,
35828,2,{'train': 2},2,0,
35827,1,{'train': 1},1,0,
35829,1,{'train': 1},1,0,
35830,1,{'train': 1},1,0,
35831,1,{'train': 1},1,0,
35834,1,{'train': 1},1,0,
35836,1,{'train': 1},1,0,
35837,1,{'train': 1},1,0,
35838,1,{'train': 1},1,0,
35842,1,{'train': 1},1,0,
35844,1,{'train': 1},1,0,
35846,2,{'train': 2},2,0,
35847,1,{'train': 1},1,0,
35848,1,{'train': 1},1,0,
35849,1,{'train': 1},1,0,
35850,1,{'train': 1},1,0,
35851,1,{'train': 1},1,0,
35852,1,{'train': 1},1,0,
35854,1,{'train': 1},1,0,
35857,1,{'train': 1},1,0,
35858,1,{'train': 1},1,0,
35859,1,{'train': 1},1,0,
35860,1,{'train': 1},1,0,
35862,1,{'train': 1},1,0,
35865,1,{'train': 1},1,0,
35869,1,{'train': 1},1,0,
35871,1,{'train': 1},1,0,
35874,1,{'train': 1},1,0,
35875,1,{'train': 1},1,0,
35876,1,{'train': 1},1,0,
35878,1,{'train': 1},1,0,
35886,2,{'train': 2},2,0,
35885,1,{'train': 1},1,0,
35887,1,{'train': 1},1,0,
35888,1,{'train': 1},1,0,
35889,1,{'train': 1},1,0,
35894,1,{'train': 1},1,0,
35895,1,{'train': 1},1,0,
35901,2,{'train': 2},2,0,
35900,1,{'train': 1},1,0,
35905,1,{'train': 1},1,0,
35909,1,{'train': 1},1,0,
35911,1,{'train': 1},1,0,
35912,1,{'train': 1},1,0,
35918,2,{'train': 2},2,0,
35917,1,{'train': 1},1,0,
35920,1,{'train': 1},1,0,
35922,1,{'train': 1},1,0,
35923,1,{'train': 1},1,0,
35935,1,{'train': 1},1,0,
35938,1,{'train': 1},1,0,
35939,1,{'train': 1},1,0,
35942,1,{'train': 1},1,0,
35946,1,{'train': 1},1,0,
35947,1,{'train': 1},1,0,
35948,1,{'train': 1},1,0,
35951,1,{'train': 1},1,0,
35952,1,{'train': 1},1,0,
35953,1,{'train': 1},1,0,
35957,1,{'train': 1},1,0,
35961,1,{'train': 1},1,0,
35962,1,{'train': 1},1,0,
35963,1,{'train': 1},1,0,
35964,1,{'train': 1},1,0,
35971,1,{'train': 1},1,0,
35972,1,{'train': 1},1,0,
35973,1,{'train': 1},1,0,
35974,1,{'train': 1},1,0,
35975,1,{'train': 1},1,0,
35979,1,{'train': 1},1,0,
35980,1,{'train': 1},1,0,
35982,1,{'train': 1},1,0,
35983,1,{'train': 1},1,0,
35985,1,{'train': 1},1,0,
35986,1,{'train': 1},1,0,
35989,1,{'train': 1},1,0,
35991,1,{'train': 1},1,0,
35998,2,{'train': 2},2,0,
35996,1,{'train': 1},1,0,
35997,1,{'train': 1},1,0,
36003,1,{'train': 1},1,0,
36004,1,{'train': 1},1,0,
36005,1,{'train': 1},1,0,
36007,1,{'train': 1},1,0,
36008,1,{'train': 1},1,0,
36012,1,{'train': 1},1,0,
36014,1,{'train': 1},1,0,
36015,1,{'train': 1},1,0,
36018,1,{'train': 1},1,0,
36020,1,{'train': 1},1,0,
36025,1,{'train': 1},1,0,
36029,1,{'train': 1},1,0,
36030,1,{'train': 1},1,0,
36033,1,{'train': 1},1,0,
36035,1,{'train': 1},1,0,
36036,1,{'train': 1},1,0,
36038,1,{'train': 1},1,0,
36040,1,{'train': 1},1,0,
36042,1,{'train': 1},1,0,
36043,1,{'train': 1},1,0,
36047,1,{'train': 1},1,0,
36048,1,{'train': 1},1,0,
36049,1,{'train': 1},1,0,
36051,2,{'train': 2},2,0,
36052,1,{'train': 1},1,0,
36053,1,{'train': 1},1,0,
36054,1,{'train': 1},1,0,
36055,1,{'train': 1},1,0,
36056,1,{'train': 1},1,0,
36057,1,{'train': 1},1,0,
36058,1,{'train': 1},1,0,
36060,2,{'train': 2},2,0,
36062,2,{'train': 2},2,0,
36063,1,{'train': 1},1,0,
36064,1,{'train': 1},1,0,
36066,2,{'train': 2},2,0,
36067,1,{'train': 1},1,0,
36068,1,{'train': 1},1,0,
36070,2,{'train': 2},2,0,
36071,1,{'train': 1},1,0,
36072,1,{'train': 1},1,0,
36073,1,{'train': 1},1,0,
36074,1,{'train': 1},1,0,
36075,1,{'train': 1},1,0,
36077,2,{'train': 2},2,0,
36078,1,{'train': 1},1,0,
36079,1,{'train': 1},1,0,
36080,1,{'train': 1},1,0,
36081,1,{'train': 1},1,0,
36082,1,{'train': 1},1,0,
36083,1,{'train': 1},1,0,
36084,1,{'train': 1},1,0,
36086,2,{'train': 2},2,0,
36087,1,{'train': 1},1,0,
36088,1,{'train': 1},1,0,
36089,1,{'train': 1},1,0,
36090,1,{'train': 1},1,0,
36091,1,{'train': 1},1,0,
36092,1,{'train': 1},1,0,
36094,2,{'train': 2},2,0,
36095,1,{'train': 1},1,0,
36096,1,{'train': 1},1,0,
36098,2,{'train': 2},2,0,
36099,1,{'train': 1},1,0,
36100,1,{'train': 1},1,0,
36101,1,{'train': 1},1,0,
36102,1,{'train': 1},1,0,
36103,1,{'train': 1},1,0,
36104,1,{'train': 1},1,0,
36105,1,{'train': 1},1,0,
36106,1,{'train': 1},1,0,
36108,2,{'train': 2},2,0,
36110,2,{'train': 2},2,0,
36111,1,{'train': 1},1,0,
36112,1,{'train': 1},1,0,
36113,1,{'train': 1},1,0,
36114,1,{'train': 1},1,0,
36115,1,{'train': 1},1,0,
36116,1,{'train': 1},1,0,
36118,2,{'train': 2},2,0,
37594,7,{'train': 7},1,6,DUPLICATE_NEAR
36123,2,{'train': 2},2,0,
36124,2,{'train': 2},2,0,
36126,2,{'train': 2},2,0,
36127,1,{'train': 1},1,0,
36128,1,{'train': 1},1,0,
36129,1,{'train': 1},1,0,
36130,1,{'train': 1},1,0,
36131,1,{'train': 1},1,0,
36132,1,{'train': 1},1,0,
36133,1,{'train': 1},1,0,
36134,1,{'train': 1},1,0,
36135,1,{'train': 1},1,0,
36136,1,{'train': 1},1,0,
36138,2,{'train': 2},2,0,
36140,2,{'train': 2},2,0,
36142,2,{'train': 2},2,0,
36143,1,{'train': 1},1,0,
36145,2,{'train': 2},2,0,
36146,1,{'train': 1},1,0,
36147,1,{'train': 1},1,0,
36148,1,{'train': 1},1,0,
36149,1,{'train': 1},1,0,
36150,1,{'train': 1},1,0,
36151,1,{'train': 1},1,0,
36152,1,{'train': 1},1,0,
36154,2,{'train': 2},2,0,
36155,1,{'train': 1},1,0,
36156,1,{'train': 1},1,0,
36157,1,{'train': 1},1,0,
36158,1,{'train': 1},1,0,
36159,1,{'train': 1},1,0,
36160,1,{'train': 1},1,0,
36834,9,{'train': 9},1,8,DUPLICATE_NEAR
36163,1,{'train': 1},1,0,
36164,1,{'train': 1},1,0,
36165,1,{'train': 1},1,0,
36166,1,{'train': 1},1,0,
36167,1,{'train': 1},1,0,
36169,2,{'train': 2},2,0,
36170,1,{'train': 1},1,0,
36172,2,{'train': 2},2,0,
36173,1,{'train': 1},1,0,
36174,1,{'train': 1},1,0,
36176,2,{'train': 2},2,0,
36177,1,{'train': 1},1,0,
36178,1,{'train': 1},1,0,
36179,1,{'train': 1},1,0,
36180,1,{'train': 1},1,0,
36181,1,{'train': 1},1,0,
36182,1,{'train': 1},1,0,
36184,2,{'train': 2},2,0,
36186,2,{'train': 2},2,0,
36188,2,{'train': 2},2,0,
36190,2,{'train': 2},2,0,
36192,2,{'train': 2},2,0,
36193,1,{'train': 1},1,0,
36195,2,{'train': 2},2,0,
36196,1,{'train': 1},1,0,
36197,1,{'train': 1},1,0,
36198,1,{'train': 1},1,0,
36199,1,{'train': 1},1,0,
36200,1,{'train': 1},1,0,
36201,1,{'train': 1},1,0,
36202,1,{'train': 1},1,0,
36203,1,{'train': 1},1,0,
36204,1,{'train': 1},1,0,
36205,1,{'train': 1},1,0,
36206,1,{'train': 1},1,0,
36208,2,{'train': 2},2,0,
36209,1,{'train': 1},1,0,
36210,1,{'train': 1},1,0,
36211,1,{'train': 1},1,0,
36213,2,{'train': 2},2,0,
36214,1,{'train': 1},1,0,
36215,1,{'train': 1},1,0,
36216,1,{'train': 1},1,0,
36217,1,{'train': 1},1,0,
36218,1,{'train': 1},1,0,
36220,2,{'train': 2},2,0,
36221,1,{'train': 1},1,0,
36223,2,{'train': 2},2,0,
36224,1,{'train': 1},1,0,
36225,1,{'train': 1},1,0,
36226,1,{'train': 1},1,0,
36227,1,{'train': 1},1,0,
36228,1,{'train': 1},1,0,
36229,1,{'train': 1},1,0,
36230,1,{'train': 1},1,0,
36232,2,{'train': 2},2,0,
36233,1,{'train': 1},1,0,
36234,1,{'train': 1},1,0,
36235,1,{'train': 1},1,0,
36236,1,{'train': 1},1,0,
36237,1,{'train': 1},1,0,
36238,1,{'train': 1},1,0,
36239,1,{'train': 1},1,0,
36241,2,{'train': 2},2,0,
36242,1,{'train': 1},1,0,
36243,1,{'train': 1},1,0,
36244,1,{'train': 1},1,0,
36245,1,{'train': 1},1,0,
36246,1,{'train': 1},1,0,
36247,1,{'train': 1},1,0,
36248,1,{'train': 1},1,0,
36249,1,{'train': 1},1,0,
36250,1,{'train': 1},1,0,
36252,2,{'train': 2},2,0,
36262,3,{'train': 3},1,2,DUPLICATE_NEAR
36256,2,{'train': 2},2,0,
36257,1,{'train': 1},1,0,
36258,1,{'train': 1},1,0,
36259,1,{'train': 1},1,0,
36260,1,{'train': 1},1,0,
36261,1,{'train': 1},1,0,
36264,2,{'train': 2},2,0,
36266,2,{'train': 2},2,0,
36267,1,{'train': 1},1,0,
36268,1,{'train': 1},1,0,
36270,2,{'train': 2},2,0,
36271,1,{'train': 1},1,0,
36278,2,{'train': 2},2,0,
36273,1,{'train': 1},1,0,
36274,1,{'train': 1},1,0,
36275,1,{'train': 1},1,0,
36277,2,{'train': 2},2,0,
36279,1,{'train': 1},1,0,
36280,1,{'train': 1},1,0,
36282,2,{'train': 2},2,0,
36283,1,{'train': 1},1,0,
36285,2,{'train': 2},2,0,
36287,2,{'train': 2},2,0,
36288,1,{'train': 1},1,0,
36290,2,{'train': 2},2,0,
36291,1,{'train': 1},1,0,
50235,4,"{'train': 1, 'test': 3}",1,3,CROSS_SPLIT_NEARDUP_LEAKAGE;DUPLICATE_NEAR
36294,2,{'train': 2},2,0,
36295,1,{'train': 1},1,0,
36296,1,{'train': 1},1,0,
36297,1,{'train': 1},1,0,
36298,1,{'train': 1},1,0,
36300,2,{'train': 2},2,0,
36301,1,{'train': 1},1,0,
36302,1,{'train': 1},1,0,
36303,1,{'train': 1},1,0,
36304,1,{'train': 1},1,0,
36306,2,{'train': 2},2,0,
36308,2,{'train': 2},2,0,
36310,2,{'train': 2},2,0,
36312,2,{'train': 2},2,0,
36313,1,{'train': 1},1,0,
36314,1,{'train': 1},1,0,
36315,1,{'train': 1},1,0,
36316,1,{'train': 1},1,0,
36318,2,{'train': 2},2,0,
36319,1,{'train': 1},1,0,
36320,1,{'train': 1},1,0,
36321,1,{'train': 1},1,0,
36322,1,{'train': 1},1,0,
36323,1,{'train': 1},1,0,
36324,1,{'train': 1},1,0,
36325,1,{'train': 1},1,0,
36326,1,{'train': 1},1,0,
36328,2,{'train': 2},2,0,
36329,1,{'train': 1},1,0,
36330,1,{'train': 1},1,0,
36331,1,{'train': 1},1,0,
36332,1,{'train': 1},1,0,
36333,1,{'train': 1},1,0,
36335,2,{'train': 2},2,0,
36336,1,{'train': 1},1,0,
36337,1,{'train': 1},1,0,
36338,1,{'train': 1},1,0,
36339,1,{'train': 1},1,0,
36340,1,{'train': 1},1,0,
36341,1,{'train': 1},1,0,
36342,1,{'train': 1},1,0,
36343,1,{'train': 1},1,0,
36344,1,{'train': 1},1,0,
36345,1,{'train': 1},1,0,
36346,1,{'train': 1},1,0,
36347,1,{'train': 1},1,0,
36348,1,{'train': 1},1,0,
36350,2,{'train': 2},2,0,
36352,2,{'train': 2},2,0,
36353,1,{'train': 1},1,0,
36354,1,{'train': 1},1,0,
36355,1,{'train': 1},1,0,
36357,2,{'train': 2},2,0,
36358,1,{'train': 1},1,0,
36359,1,{'train': 1},1,0,
36361,2,{'train': 2},2,0,
36362,1,{'train': 1},1,0,
36363,1,{'train': 1},1,0,
36364,1,{'train': 1},1,0,
36365,1,{'train': 1},1,0,
36366,1,{'train': 1},1,0,
36368,2,{'train': 2},2,0,
36369,1,{'train': 1},1,0,
36370,1,{'train': 1},1,0,
36371,1,{'train': 1},1,0,
36372,1,{'train': 1},1,0,
36373,1,{'train': 1},1,0,
36374,1,{'train': 1},1,0,
36375,1,{'train': 1},1,0,
36377,2,{'train': 2},2,0,
36378,1,{'train': 1},1,0,
36379,1,{'train': 1},1,0,
36380,1,{'train': 1},1,0,
36381,1,{'train': 1},1,0,
36383,2,{'train': 2},2,0,
36384,1,{'train': 1},1,0,
36385,1,{'train': 1},1,0,
36387,2,{'train': 2},2,0,
36388,1,{'train': 1},1,0,
36389,1,{'train': 1},1,0,
36390,1,{'train': 1},1,0,
36391,1,{'train': 1},1,0,
36392,1,{'train': 1},1,0,
36393,1,{'train': 1},1,0,
36395,2,{'train': 2},2,0,
36397,2,{'train': 2},2,0,
36398,1,{'train': 1},1,0,
36400,2,{'train': 2},2,0,
36401,1,{'train': 1},1,0,
36402,1,{'train': 1},1,0,
36403,1,{'train': 1},1,0,
36404,1,{'train': 1},1,0,
36405,1,{'train': 1},1,0,
36406,1,{'train': 1},1,0,
36408,2,{'train': 2},2,0,
36410,2,{'train': 2},2,0,
36411,1,{'train': 1},1,0,
36412,1,{'train': 1},1,0,
36414,2,{'train': 2},2,0,
36415,1,{'train': 1},1,0,
36416,1,{'train': 1},1,0,
36417,1,{'train': 1},1,0,
36419,1,{'train': 1},1,0,
36420,1,{'train': 1},1,0,
36421,1,{'train': 1},1,0,
36422,1,{'train': 1},1,0,
36423,1,{'train': 1},1,0,
36424,1,{'train': 1},1,0,
36426,2,{'train': 2},2,0,
36428,2,{'train': 2},2,0,
36429,1,{'train': 1},1,0,
36430,1,{'train': 1},1,0,
36431,1,{'train': 1},1,0,
36433,2,{'train': 2},2,0,
36434,1,{'train': 1},1,0,
36435,1,{'train': 1},1,0,
36436,1,{'train': 1},1,0,
36437,1,{'train': 1},1,0,
36438,1,{'train': 1},1,0,
36439,1,{'train': 1},1,0,
36440,1,{'train': 1},1,0,
36442,2,{'train': 2},2,0,
36444,2,{'train': 2},2,0,
36446,2,{'train': 2},2,0,
36447,1,{'train': 1},1,0,
36448,1,{'train': 1},1,0,
36449,1,{'train': 1},1,0,
36450,1,{'train': 1},1,0,
36451,1,{'train': 1},1,0,
36452,1,{'train': 1},1,0,
36453,1,{'train': 1},1,0,
36454,1,{'train': 1},1,0,
36455,1,{'train': 1},1,0,
36457,2,{'train': 2},2,0,
36458,1,{'train': 1},1,0,
36459,1,{'train': 1},1,0,
36460,1,{'train': 1},1,0,
36462,2,{'train': 2},2,0,
36463,1,{'train': 1},1,0,
36464,1,{'train': 1},1,0,
36465,1,{'train': 1},1,0,
36466,1,{'train': 1},1,0,
36467,1,{'train': 1},1,0,
36468,1,{'train': 1},1,0,
36469,1,{'train': 1},1,0,
36470,1,{'train': 1},1,0,
36472,2,{'train': 2},2,0,
36473,1,{'train': 1},1,0,
36474,1,{'train': 1},1,0,
36475,1,{'train': 1},1,0,
36477,2,{'train': 2},2,0,
36478,1,{'train': 1},1,0,
36479,1,{'train': 1},1,0,
36480,1,{'train': 1},1,0,
36482,2,{'train': 2},2,0,
36483,1,{'train': 1},1,0,
36484,1,{'train': 1},1,0,
36485,1,{'train': 1},1,0,
36486,1,{'train': 1},1,0,
36491,2,{'train': 2},2,0,
36488,1,{'train': 1},1,0,
36489,1,{'train': 1},1,0,
44550,3,"{'train': 1, 'val': 2}",2,1,CROSS_SPLIT_NEARDUP_LEAKAGE
36492,1,{'train': 1},1,0,
36494,2,{'train': 2},2,0,
36495,1,{'train': 1},1,0,
36496,1,{'train': 1},1,0,
36497,1,{'train': 1},1,0,
36498,1,{'train': 1},1,0,
36499,1,{'train': 1},1,0,
36500,1,{'train': 1},1,0,
36501,1,{'train': 1},1,0,
36502,1,{'train': 1},1,0,
36503,1,{'train': 1},1,0,
36504,1,{'train': 1},1,0,
36505,1,{'train': 1},1,0,
36506,1,{'train': 1},1,0,
36507,1,{'train': 1},1,0,
36508,1,{'train': 1},1,0,
36509,1,{'train': 1},1,0,
36510,1,{'train': 1},1,0,
37149,3,{'train': 3},1,2,DUPLICATE_NEAR
36513,2,{'train': 2},2,0,
36514,1,{'train': 1},1,0,
36515,1,{'train': 1},1,0,
36516,1,{'train': 1},1,0,
36517,1,{'train': 1},1,0,
36519,2,{'train': 2},2,0,
36520,1,{'train': 1},1,0,
36521,1,{'train': 1},1,0,
36523,2,{'train': 2},2,0,
36525,2,{'train': 2},2,0,
36526,1,{'train': 1},1,0,
36527,1,{'train': 1},1,0,
36528,1,{'train': 1},1,0,
36529,1,{'train': 1},1,0,
36531,2,{'train': 2},2,0,
36532,1,{'train': 1},1,0,
36533,1,{'train': 1},1,0,
36534,1,{'train': 1},1,0,
36536,2,{'train': 2},2,0,
36537,1,{'train': 1},1,0,
36538,1,{'train': 1},1,0,
36539,1,{'train': 1},1,0,
36540,1,{'train': 1},1,0,
36541,1,{'train': 1},1,0,
36542,1,{'train': 1},1,0,
36543,1,{'train': 1},1,0,
36544,1,{'train': 1},1,0,
36545,1,{'train': 1},1,0,
36546,1,{'train': 1},1,0,
36547,1,{'train': 1},1,0,
36548,1,{'train': 1},1,0,
36550,1,{'train': 1},1,0,
37379,2,{'train': 2},2,0,
36552,1,{'train': 1},1,0,
36553,1,{'train': 1},1,0,
36554,1,{'train': 1},1,0,
36555,1,{'train': 1},1,0,
36557,2,{'train': 2},2,0,
36559,2,{'train': 2},2,0,
36560,1,{'train': 1},1,0,
36561,1,{'train': 1},1,0,
36562,1,{'train': 1},1,0,
36563,1,{'train': 1},1,0,
36564,1,{'train': 1},1,0,
36565,1,{'train': 1},1,0,
36566,1,{'train': 1},1,0,
36567,1,{'train': 1},1,0,
36568,1,{'train': 1},1,0,
36569,1,{'train': 1},1,0,
36570,1,{'train': 1},1,0,
36571,1,{'train': 1},1,0,
36572,1,{'train': 1},1,0,
36573,1,{'train': 1},1,0,
36574,1,{'train': 1},1,0,
36575,1,{'train': 1},1,0,
36577,2,{'train': 2},2,0,
36578,1,{'train': 1},1,0,
36579,1,{'train': 1},1,0,
36580,1,{'train': 1},1,0,
36581,1,{'train': 1},1,0,
36582,1,{'train': 1},1,0,
36583,1,{'train': 1},1,0,
36584,1,{'train': 1},1,0,
36585,1,{'train': 1},1,0,
36587,2,{'train': 2},2,0,
36588,1,{'train': 1},1,0,
36589,1,{'train': 1},1,0,
36590,1,{'train': 1},1,0,
36592,2,{'train': 2},2,0,
36593,1,{'train': 1},1,0,
36594,1,{'train': 1},1,0,
36595,1,{'train': 1},1,0,
36596,1,{'train': 1},1,0,
36598,2,{'train': 2},2,0,
36599,1,{'train': 1},1,0,
36600,1,{'train': 1},1,0,
36601,1,{'train': 1},1,0,
36602,1,{'train': 1},1,0,
36603,1,{'train': 1},1,0,
36604,1,{'train': 1},1,0,
36605,1,{'train': 1},1,0,
36607,2,{'train': 2},2,0,
36609,2,{'train': 2},2,0,
36610,1,{'train': 1},1,0,
36611,1,{'train': 1},1,0,
36613,2,{'train': 2},2,0,
36615,2,{'train': 2},2,0,
36617,2,{'train': 2},2,0,
36618,1,{'train': 1},1,0,
36619,1,{'train': 1},1,0,
36620,1,{'train': 1},1,0,
36621,1,{'train': 1},1,0,
36623,2,{'train': 2},2,0,
36624,1,{'train': 1},1,0,
36625,1,{'train': 1},1,0,
36626,1,{'train': 1},1,0,
36627,1,{'train': 1},1,0,
36628,1,{'train': 1},1,0,
36629,1,{'train': 1},1,0,
36631,2,{'train': 2},2,0,
36632,1,{'train': 1},1,0,
36633,1,{'train': 1},1,0,
36634,1,{'train': 1},1,0,
36635,1,{'train': 1},1,0,
36636,1,{'train': 1},1,0,
36637,1,{'train': 1},1,0,
36639,2,{'train': 2},2,0,
36640,1,{'train': 1},1,0,
36641,1,{'train': 1},1,0,
36642,1,{'train': 1},1,0,
36643,1,{'train': 1},1,0,
36644,1,{'train': 1},1,0,
36645,1,{'train': 1},1,0,
36647,2,{'train': 2},2,0,
36648,1,{'train': 1},1,0,
36649,1,{'train': 1},1,0,
36650,1,{'train': 1},1,0,
36652,2,{'train': 2},2,0,
36659,3,{'train': 3},1,2,DUPLICATE_NEAR
36654,1,{'train': 1},1,0,
36656,1,{'train': 1},1,0,
36657,1,{'train': 1},1,0,
36658,1,{'train': 1},1,0,
36661,2,{'train': 2},2,0,
36662,1,{'train': 1},1,0,
36663,1,{'train': 1},1,0,
36664,1,{'train': 1},1,0,
36666,2,{'train': 2},2,0,
36667,1,{'train': 1},1,0,
36668,1,{'train': 1},1,0,
36669,1,{'train': 1},1,0,
36670,1,{'train': 1},1,0,
36671,1,{'train': 1},1,0,
36672,1,{'train': 1},1,0,
36673,1,{'train': 1},1,0,
36674,1,{'train': 1},1,0,
36676,2,{'train': 2},2,0,
36677,1,{'train': 1},1,0,
36678,1,{'train': 1},1,0,
36679,1,{'train': 1},1,0,
36680,1,{'train': 1},1,0,
36681,1,{'train': 1},1,0,
36682,1,{'train': 1},1,0,
36683,1,{'train': 1},1,0,
36684,1,{'train': 1},1,0,
36685,1,{'train': 1},1,0,
36686,1,{'train': 1},1,0,
36688,2,{'train': 2},2,0,
36689,1,{'train': 1},1,0,
36690,1,{'train': 1},1,0,
36692,2,{'train': 2},2,0,
36693,1,{'train': 1},1,0,
36694,1,{'train': 1},1,0,
36696,2,{'train': 2},2,0,
36697,1,{'train': 1},1,0,
36698,1,{'train': 1},1,0,
36699,1,{'train': 1},1,0,
36701,2,{'train': 2},2,0,
36702,1,{'train': 1},1,0,
36703,1,{'train': 1},1,0,
36704,1,{'train': 1},1,0,
36705,1,{'train': 1},1,0,
36706,1,{'train': 1},1,0,
36707,1,{'train': 1},1,0,
36708,1,{'train': 1},1,0,
36709,1,{'train': 1},1,0,
36710,1,{'train': 1},1,0,
36711,1,{'train': 1},1,0,
36713,2,{'train': 2},2,0,
36714,1,{'train': 1},1,0,
36715,1,{'train': 1},1,0,
36716,1,{'train': 1},1,0,
36717,1,{'train': 1},1,0,
36718,1,{'train': 1},1,0,
36719,1,{'train': 1},1,0,
36720,1,{'train': 1},1,0,
36722,2,{'train': 2},2,0,
36723,1,{'train': 1},1,0,
36724,1,{'train': 1},1,0,
36725,1,{'train': 1},1,0,
36726,1,{'train': 1},1,0,
36728,2,{'train': 2},2,0,
36730,2,{'train': 2},2,0,
36732,2,{'train': 2},2,0,
36733,1,{'train': 1},1,0,
36734,1,{'train': 1},1,0,
36736,2,{'train': 2},2,0,
36738,2,{'train': 2},2,0,
36739,1,{'train': 1},1,0,
36741,2,{'train': 2},2,0,
36742,1,{'train': 1},1,0,
36743,1,{'train': 1},1,0,
36744,1,{'train': 1},1,0,
36745,1,{'train': 1},1,0,
36746,1,{'train': 1},1,0,
36747,1,{'train': 1},1,0,
36748,1,{'train': 1},1,0,
36749,1,{'train': 1},1,0,
36750,1,{'train': 1},1,0,
36751,1,{'train': 1},1,0,
36752,1,{'train': 1},1,0,
36754,2,{'train': 2},2,0,
36755,1,{'train': 1},1,0,
36756,1,{'train': 1},1,0,
36757,1,{'train': 1},1,0,
36758,1,{'train': 1},1,0,
36759,1,{'train': 1},1,0,
36760,1,{'train': 1},1,0,
36761,1,{'train': 1},1,0,
36762,1,{'train': 1},1,0,
36763,1,{'train': 1},1,0,
36765,2,{'train': 2},2,0,
36767,2,{'train': 2},2,0,
36768,1,{'train': 1},1,0,
36769,1,{'train': 1},1,0,
36771,2,{'train': 2},2,0,
36772,1,{'train': 1},1,0,
36773,1,{'train': 1},1,0,
36774,1,{'train': 1},1,0,
36776,2,{'train': 2},2,0,
36778,2,{'train': 2},2,0,
36779,1,{'train': 1},1,0,
36780,1,{'train': 1},1,0,
36781,1,{'train': 1},1,0,
36783,2,{'train': 2},2,0,
36785,2,{'train': 2},2,0,
36786,1,{'train': 1},1,0,
36787,1,{'train': 1},1,0,
36788,1,{'train': 1},1,0,
36789,1,{'train': 1},1,0,
36790,1,{'train': 1},1,0,
36791,1,{'train': 1},1,0,
36793,2,{'train': 2},2,0,
36795,2,{'train': 2},2,0,
36797,2,{'train': 2},2,0,
36799,2,{'train': 2},2,0,
36800,1,{'train': 1},1,0,
36801,1,{'train': 1},1,0,
36802,1,{'train': 1},1,0,
36804,2,{'train': 2},2,0,
36806,2,{'train': 2},2,0,
36807,1,{'train': 1},1,0,
36808,1,{'train': 1},1,0,
36810,2,{'train': 2},2,0,
36811,1,{'train': 1},1,0,
36812,1,{'train': 1},1,0,
36813,1,{'train': 1},1,0,
36814,1,{'train': 1},1,0,
36815,1,{'train': 1},1,0,
36816,1,{'train': 1},1,0,
36817,1,{'train': 1},1,0,
36818,1,{'train': 1},1,0,
38215,3,{'train': 3},1,2,DUPLICATE_NEAR
36820,1,{'train': 1},1,0,
36821,1,{'train': 1},1,0,
36823,2,{'train': 2},2,0,
36824,1,{'train': 1},1,0,
36825,1,{'train': 1},1,0,
36826,1,{'train': 1},1,0,
36828,2,{'train': 2},2,0,
36829,1,{'train': 1},1,0,
36831,2,{'train': 2},2,0,
36832,1,{'train': 1},1,0,
36835,1,{'train': 1},1,0,
36836,1,{'train': 1},1,0,
36838,2,{'train': 2},2,0,
36840,2,{'train': 2},2,0,
36841,1,{'train': 1},1,0,
36842,1,{'train': 1},1,0,
36843,1,{'train': 1},1,0,
36844,1,{'train': 1},1,0,
36845,1,{'train': 1},1,0,
36846,1,{'train': 1},1,0,
36847,1,{'train': 1},1,0,
36848,1,{'train': 1},1,0,
36850,2,{'train': 2},2,0,
36851,1,{'train': 1},1,0,
36852,1,{'train': 1},1,0,
36853,1,{'train': 1},1,0,
36854,1,{'train': 1},1,0,
36856,2,{'train': 2},2,0,
36857,1,{'train': 1},1,0,
36858,1,{'train': 1},1,0,
36859,1,{'train': 1},1,0,
36860,1,{'train': 1},1,0,
36861,1,{'train': 1},1,0,
36862,1,{'train': 1},1,0,
36864,2,{'train': 2},2,0,
36865,1,{'train': 1},1,0,
36867,2,{'train': 2},2,0,
36868,1,{'train': 1},1,0,
36869,1,{'train': 1},1,0,
36870,1,{'train': 1},1,0,
36871,1,{'train': 1},1,0,
36872,1,{'train': 1},1,0,
36873,1,{'train': 1},1,0,
36874,1,{'train': 1},1,0,
36876,2,{'train': 2},2,0,
36877,1,{'train': 1},1,0,
36878,1,{'train': 1},1,0,
36879,1,{'train': 1},1,0,
36881,2,{'train': 2},2,0,
36882,1,{'train': 1},1,0,
36883,1,{'train': 1},1,0,
36884,1,{'train': 1},1,0,
36886,2,{'train': 2},2,0,
36888,2,{'train': 2},2,0,
36890,2,{'train': 2},2,0,
36891,1,{'train': 1},1,0,
36892,1,{'train': 1},1,0,
36893,1,{'train': 1},1,0,
36895,2,{'train': 2},2,0,
36896,1,{'train': 1},1,0,
36898,2,{'train': 2},2,0,
36899,1,{'train': 1},1,0,
36900,1,{'train': 1},1,0,
36902,2,{'train': 2},2,0,
36904,2,{'train': 2},2,0,
36906,2,{'train': 2},2,0,
36908,2,{'train': 2},2,0,
36909,1,{'train': 1},1,0,
36910,1,{'train': 1},1,0,
36911,1,{'train': 1},1,0,
36912,1,{'train': 1},1,0,
36913,1,{'train': 1},1,0,
36914,1,{'train': 1},1,0,
36915,1,{'train': 1},1,0,
36916,1,{'train': 1},1,0,
36917,1,{'train': 1},1,0,
36918,1,{'train': 1},1,0,
36919,1,{'train': 1},1,0,
36920,1,{'train': 1},1,0,
36921,1,{'train': 1},1,0,
36922,1,{'train': 1},1,0,
36923,1,{'train': 1},1,0,
36924,1,{'train': 1},1,0,
36926,2,{'train': 2},2,0,
36927,1,{'train': 1},1,0,
36928,1,{'train': 1},1,0,
36929,1,{'train': 1},1,0,
36930,1,{'train': 1},1,0,
36931,1,{'train': 1},1,0,
36932,1,{'train': 1},1,0,
36934,2,{'train': 2},2,0,
36935,1,{'train': 1},1,0,
36936,1,{'train': 1},1,0,
36937,1,{'train': 1},1,0,
36938,1,{'train': 1},1,0,
36939,1,{'train': 1},1,0,
36940,1,{'train': 1},1,0,
36941,1,{'train': 1},1,0,
36942,1,{'train': 1},1,0,
36943,1,{'train': 1},1,0,
36945,2,{'train': 2},2,0,
36946,1,{'train': 1},1,0,
36947,1,{'train': 1},1,0,
36949,2,{'train': 2},2,0,
36951,2,{'train': 2},2,0,
36952,1,{'train': 1},1,0,
36953,1,{'train': 1},1,0,
36968,3,{'train': 3},1,2,DUPLICATE_NEAR
36955,1,{'train': 1},1,0,
36956,1,{'train': 1},1,0,
36957,1,{'train': 1},1,0,
36959,2,{'train': 2},2,0,
36960,1,{'train': 1},1,0,
36961,1,{'train': 1},1,0,
36963,2,{'train': 2},2,0,
36964,1,{'train': 1},1,0,
36965,1,{'train': 1},1,0,
36966,1,{'train': 1},1,0,
36970,2,{'train': 2},2,0,
36972,2,{'train': 2},2,0,
36974,2,{'train': 2},2,0,
36975,1,{'train': 1},1,0,
36976,1,{'train': 1},1,0,
36978,2,{'train': 2},2,0,
36979,1,{'train': 1},1,0,
36980,1,{'train': 1},1,0,
36981,1,{'train': 1},1,0,
36983,1,{'train': 1},1,0,
36984,1,{'train': 1},1,0,
36986,2,{'train': 2},2,0,
36988,2,{'train': 2},2,0,
36990,2,{'train': 2},2,0,
36991,1,{'train': 1},1,0,
36992,1,{'train': 1},1,0,
36993,1,{'train': 1},1,0,
36994,1,{'train': 1},1,0,
36996,2,{'train': 2},2,0,
36997,1,{'train': 1},1,0,
36999,2,{'train': 2},2,0,
37000,1,{'train': 1},1,0,
37001,1,{'train': 1},1,0,
37003,2,{'train': 2},2,0,
37004,1,{'train': 1},1,0,
37005,1,{'train': 1},1,0,
37007,2,{'train': 2},2,0,
37008,1,{'train': 1},1,0,
37009,1,{'train': 1},1,0,
37010,1,{'train': 1},1,0,
37011,1,{'train': 1},1,0,
37012,1,{'train': 1},1,0,
37014,2,{'train': 2},2,0,
37016,2,{'train': 2},2,0,
37017,1,{'train': 1},1,0,
37018,1,{'train': 1},1,0,
37019,1,{'train': 1},1,0,
37020,1,{'train': 1},1,0,
37021,1,{'train': 1},1,0,
37022,1,{'train': 1},1,0,
37023,1,{'train': 1},1,0,
37024,1,{'train': 1},1,0,
37025,1,{'train': 1},1,0,
37027,2,{'train': 2},2,0,
37028,1,{'train': 1},1,0,
37030,2,{'train': 2},2,0,
37031,1,{'train': 1},1,0,
37033,2,{'train': 2},2,0,
37034,1,{'train': 1},1,0,
37036,2,{'train': 2},2,0,
37037,1,{'train': 1},1,0,
37038,1,{'train': 1},1,0,
37039,1,{'train': 1},1,0,
37040,1,{'train': 1},1,0,
37041,1,{'train': 1},1,0,
37043,2,{'train': 2},2,0,
37044,1,{'train': 1},1,0,
37045,1,{'train': 1},1,0,
37046,1,{'train': 1},1,0,
37047,1,{'train': 1},1,0,
37049,2,{'train': 2},2,0,
37050,1,{'train': 1},1,0,
37051,1,{'train': 1},1,0,
37052,1,{'train': 1},1,0,
37053,1,{'train': 1},1,0,
37054,1,{'train': 1},1,0,
37055,1,{'train': 1},1,0,
37056,1,{'train': 1},1,0,
37057,1,{'train': 1},1,0,
37058,1,{'train': 1},1,0,
37059,1,{'train': 1},1,0,
37060,1,{'train': 1},1,0,
37062,2,{'train': 2},2,0,
37063,1,{'train': 1},1,0,
37064,1,{'train': 1},1,0,
37065,1,{'train': 1},1,0,
37067,2,{'train': 2},2,0,
37069,2,{'train': 2},2,0,
37070,1,{'train': 1},1,0,
37071,1,{'train': 1},1,0,
37072,1,{'train': 1},1,0,
37073,1,{'train': 1},1,0,
37074,1,{'train': 1},1,0,
37075,1,{'train': 1},1,0,
37077,2,{'train': 2},2,0,
37079,2,{'train': 2},2,0,
37081,2,{'train': 2},2,0,
37082,1,{'train': 1},1,0,
37084,2,{'train': 2},2,0,
37085,1,{'train': 1},1,0,
37086,1,{'train': 1},1,0,
37087,1,{'train': 1},1,0,
37089,2,{'train': 2},2,0,
37091,2,{'train': 2},2,0,
37092,1,{'train': 1},1,0,
37093,1,{'train': 1},1,0,
37094,1,{'train': 1},1,0,
37095,1,{'train': 1},1,0,
37096,1,{'train': 1},1,0,
37097,1,{'train': 1},1,0,
37099,2,{'train': 2},2,0,
37100,1,{'train': 1},1,0,
37101,1,{'train': 1},1,0,
37103,2,{'train': 2},2,0,
37105,2,{'train': 2},2,0,
37106,1,{'train': 1},1,0,
37108,2,{'train': 2},2,0,
37109,1,{'train': 1},1,0,
37111,2,{'train': 2},2,0,
37112,1,{'train': 1},1,0,
37114,2,{'train': 2},2,0,
37115,1,{'train': 1},1,0,
37116,1,{'train': 1},1,0,
37117,1,{'train': 1},1,0,
37118,1,{'train': 1},1,0,
37119,1,{'train': 1},1,0,
37120,1,{'train': 1},1,0,
37121,1,{'train': 1},1,0,
37122,1,{'train': 1},1,0,
37123,1,{'train': 1},1,0,
37125,2,{'train': 2},2,0,
37127,2,{'train': 2},2,0,
37129,2,{'train': 2},2,0,
37130,1,{'train': 1},1,0,
37131,1,{'train': 1},1,0,
37132,1,{'train': 1},1,0,
37134,2,{'train': 2},2,0,
37136,2,{'train': 2},2,0,
37137,1,{'train': 1},1,0,
37138,1,{'train': 1},1,0,
37140,2,{'train': 2},2,0,
37141,1,{'train': 1},1,0,
37142,1,{'train': 1},1,0,
37143,1,{'train': 1},1,0,
37145,2,{'train': 2},2,0,
37146,1,{'train': 1},1,0,
37147,1,{'train': 1},1,0,
37151,2,{'train': 2},2,0,
37152,1,{'train': 1},1,0,
37153,1,{'train': 1},1,0,
37154,1,{'train': 1},1,0,
37155,1,{'train': 1},1,0,
37157,2,{'train': 2},2,0,
37159,2,{'train': 2},2,0,
37160,1,{'train': 1},1,0,
37161,1,{'train': 1},1,0,
37162,1,{'train': 1},1,0,
37164,2,{'train': 2},2,0,
37165,1,{'train': 1},1,0,
37166,1,{'train': 1},1,0,
37167,1,{'train': 1},1,0,
37168,1,{'train': 1},1,0,
37169,1,{'train': 1},1,0,
37171,2,{'train': 2},2,0,
37172,1,{'train': 1},1,0,
37173,1,{'train': 1},1,0,
37175,2,{'train': 2},2,0,
37177,2,{'train': 2},2,0,
37178,1,{'train': 1},1,0,
37179,1,{'train': 1},1,0,
37180,1,{'train': 1},1,0,
37181,1,{'train': 1},1,0,
37182,1,{'train': 1},1,0,
37183,1,{'train': 1},1,0,
37184,1,{'train': 1},1,0,
37185,1,{'train': 1},1,0,
37186,1,{'train': 1},1,0,
37188,2,{'train': 2},2,0,
37189,1,{'train': 1},1,0,
37190,1,{'train': 1},1,0,
37191,1,{'train': 1},1,0,
37192,1,{'train': 1},1,0,
37193,1,{'train': 1},1,0,
37194,1,{'train': 1},1,0,
37195,1,{'train': 1},1,0,
37196,1,{'train': 1},1,0,
37197,1,{'train': 1},1,0,
37199,2,{'train': 2},2,0,
37200,1,{'train': 1},1,0,
37201,1,{'train': 1},1,0,
37202,1,{'train': 1},1,0,
37203,1,{'train': 1},1,0,
37204,1,{'train': 1},1,0,
37205,1,{'train': 1},1,0,
37206,1,{'train': 1},1,0,
37207,1,{'train': 1},1,0,
37208,1,{'train': 1},1,0,
37209,1,{'train': 1},1,0,
37210,1,{'train': 1},1,0,
37211,1,{'train': 1},1,0,
37213,2,{'train': 2},2,0,
37214,1,{'train': 1},1,0,
37215,1,{'train': 1},1,0,
37217,2,{'train': 2},2,0,
37218,1,{'train': 1},1,0,
37219,1,{'train': 1},1,0,
37220,1,{'train': 1},1,0,
37221,1,{'train': 1},1,0,
37222,1,{'train': 1},1,0,
37223,1,{'train': 1},1,0,
37224,1,{'train': 1},1,0,
37225,1,{'train': 1},1,0,
37226,1,{'train': 1},1,0,
37227,1,{'train': 1},1,0,
37229,2,{'train': 2},2,0,
37230,1,{'train': 1},1,0,
37231,1,{'train': 1},1,0,
37233,2,{'train': 2},2,0,
37235,2,{'train': 2},2,0,
37236,1,{'train': 1},1,0,
37237,1,{'train': 1},1,0,
37239,2,{'train': 2},2,0,
37240,1,{'train': 1},1,0,
37241,1,{'train': 1},1,0,
37243,2,{'train': 2},2,0,
37245,2,{'train': 2},2,0,
37246,1,{'train': 1},1,0,
37248,2,{'train': 2},2,0,
37249,1,{'train': 1},1,0,
37250,1,{'train': 1},1,0,
37251,1,{'train': 1},1,0,
37253,2,{'train': 2},2,0,
37254,1,{'train': 1},1,0,
37255,1,{'train': 1},1,0,
37256,1,{'train': 1},1,0,
37257,1,{'train': 1},1,0,
37258,1,{'train': 1},1,0,
37259,1,{'train': 1},1,0,
37261,2,{'train': 2},2,0,
37263,2,{'train': 2},2,0,
37264,1,{'train': 1},1,0,
37265,1,{'train': 1},1,0,
37266,1,{'train': 1},1,0,
37267,1,{'train': 1},1,0,
37269,2,{'train': 2},2,0,
37270,1,{'train': 1},1,0,
37272,2,{'train': 2},2,0,
37273,1,{'train': 1},1,0,
37274,1,{'train': 1},1,0,
37276,2,{'train': 2},2,0,
37277,1,{'train': 1},1,0,
37278,1,{'train': 1},1,0,
37279,1,{'train': 1},1,0,
37280,1,{'train': 1},1,0,
37281,1,{'train': 1},1,0,
37283,2,{'train': 2},2,0,
37284,1,{'train': 1},1,0,
37286,2,{'train': 2},2,0,
37287,1,{'train': 1},1,0,
37288,1,{'train': 1},1,0,
37289,1,{'train': 1},1,0,
37291,2,{'train': 2},2,0,
37293,2,{'train': 2},2,0,
37294,1,{'train': 1},1,0,
37295,1,{'train': 1},1,0,
37296,1,{'train': 1},1,0,
37297,1,{'train': 1},1,0,
37298,1,{'train': 1},1,0,
37299,1,{'train': 1},1,0,
37301,2,{'train': 2},2,0,
37302,1,{'train': 1},1,0,
37303,1,{'train': 1},1,0,
37304,1,{'train': 1},1,0,
37305,1,{'train': 1},1,0,
37306,1,{'train': 1},1,0,
37307,1,{'train': 1},1,0,
37308,1,{'train': 1},1,0,
37309,1,{'train': 1},1,0,
37310,1,{'train': 1},1,0,
37312,2,{'train': 2},2,0,
37313,1,{'train': 1},1,0,
37314,1,{'train': 1},1,0,
37316,2,{'train': 2},2,0,
37318,2,{'train': 2},2,0,
37319,1,{'train': 1},1,0,
37320,1,{'train': 1},1,0,
37322,2,{'train': 2},2,0,
37324,2,{'train': 2},2,0,
37326,2,{'train': 2},2,0,
37327,1,{'train': 1},1,0,
37476,2,{'train': 2},2,0,
37330,1,{'train': 1},1,0,
37331,1,{'train': 1},1,0,
37332,1,{'train': 1},1,0,
37333,1,{'train': 1},1,0,
37334,1,{'train': 1},1,0,
37336,2,{'train': 2},2,0,
37338,2,{'train': 2},2,0,
37339,1,{'train': 1},1,0,
37340,1,{'train': 1},1,0,
37341,1,{'train': 1},1,0,
37342,1,{'train': 1},1,0,
37344,2,{'train': 2},2,0,
37345,1,{'train': 1},1,0,
37347,2,{'train': 2},2,0,
37348,1,{'train': 1},1,0,
37349,1,{'train': 1},1,0,
37350,1,{'train': 1},1,0,
37351,1,{'train': 1},1,0,
37353,2,{'train': 2},2,0,
37355,2,{'train': 2},2,0,
37357,2,{'train': 2},2,0,
37359,2,{'train': 2},2,0,
37361,2,{'train': 2},2,0,
37362,1,{'train': 1},1,0,
37363,1,{'train': 1},1,0,
37364,1,{'train': 1},1,0,
37365,1,{'train': 1},1,0,
37366,1,{'train': 1},1,0,
37367,1,{'train': 1},1,0,
37368,1,{'train': 1},1,0,
37369,1,{'train': 1},1,0,
37370,1,{'train': 1},1,0,
37371,1,{'train': 1},1,0,
37372,1,{'train': 1},1,0,
37373,1,{'train': 1},1,0,
37374,1,{'train': 1},1,0,
37376,2,{'train': 2},2,0,
37377,1,{'train': 1},1,0,
37378,1,{'train': 1},1,0,
37380,1,{'train': 1},1,0,
37381,1,{'train': 1},1,0,
50385,3,"{'train': 1, 'test': 2}",2,1,CROSS_SPLIT_NEARDUP_LEAKAGE
37383,1,{'train': 1},1,0,
37384,1,{'train': 1},1,0,
37385,1,{'train': 1},1,0,
37386,1,{'train': 1},1,0,
37387,1,{'train': 1},1,0,
37388,1,{'train': 1},1,0,
37389,1,{'train': 1},1,0,
37391,2,{'train': 2},2,0,
37392,1,{'train': 1},1,0,
37393,1,{'train': 1},1,0,
37394,1,{'train': 1},1,0,
37395,1,{'train': 1},1,0,
37396,1,{'train': 1},1,0,
37397,1,{'train': 1},1,0,
37398,1,{'train': 1},1,0,
37399,1,{'train': 1},1,0,
37400,1,{'train': 1},1,0,
37402,2,{'train': 2},2,0,
37404,2,{'train': 2},2,0,
37405,1,{'train': 1},1,0,
37406,1,{'train': 1},1,0,
37407,1,{'train': 1},1,0,
37408,1,{'train': 1},1,0,
37409,1,{'train': 1},1,0,
37410,1,{'train': 1},1,0,
37411,1,{'train': 1},1,0,
37412,1,{'train': 1},1,0,
37413,1,{'train': 1},1,0,
37414,1,{'train': 1},1,0,
37415,1,{'train': 1},1,0,
37416,1,{'train': 1},1,0,
37417,1,{'train': 1},1,0,
37418,1,{'train': 1},1,0,
37420,2,{'train': 2},2,0,
37421,1,{'train': 1},1,0,
37422,1,{'train': 1},1,0,
37423,1,{'train': 1},1,0,
37425,2,{'train': 2},2,0,
37426,1,{'train': 1},1,0,
37427,1,{'train': 1},1,0,
37429,2,{'train': 2},2,0,
37431,2,{'train': 2},2,0,
37432,1,{'train': 1},1,0,
37434,2,{'train': 2},2,0,
37435,1,{'train': 1},1,0,
37436,1,{'train': 1},1,0,
37437,1,{'train': 1},1,0,
37438,1,{'train': 1},1,0,
37440,2,{'train': 2},2,0,
37441,1,{'train': 1},1,0,
37442,1,{'train': 1},1,0,
37443,1,{'train': 1},1,0,
37445,2,{'train': 2},2,0,
37447,2,{'train': 2},2,0,
37448,1,{'train': 1},1,0,
37449,1,{'train': 1},1,0,
37450,1,{'train': 1},1,0,
37451,1,{'train': 1},1,0,
37452,1,{'train': 1},1,0,
37453,1,{'train': 1},1,0,
37455,2,{'train': 2},2,0,
37456,1,{'train': 1},1,0,
37457,1,{'train': 1},1,0,
37458,1,{'train': 1},1,0,
37459,1,{'train': 1},1,0,
37460,1,{'train': 1},1,0,
37461,1,{'train': 1},1,0,
37462,1,{'train': 1},1,0,
37464,2,{'train': 2},2,0,
37466,2,{'train': 2},2,0,
37467,1,{'train': 1},1,0,
37468,1,{'train': 1},1,0,
37469,1,{'train': 1},1,0,
37470,1,{'train': 1},1,0,
37471,1,{'train': 1},1,0,
37472,1,{'train': 1},1,0,
37473,1,{'train': 1},1,0,
37474,1,{'train': 1},1,0,
37477,1,{'train': 1},1,0,
37478,1,{'train': 1},1,0,
37479,1,{'train': 1},1,0,
37481,2,{'train': 2},2,0,
37482,1,{'train': 1},1,0,
37483,1,{'train': 1},1,0,
37484,1,{'train': 1},1,0,
37485,1,{'train': 1},1,0,
37486,1,{'train': 1},1,0,
37487,1,{'train': 1},1,0,
37488,1,{'train': 1},1,0,
37489,1,{'train': 1},1,0,
37490,1,{'train': 1},1,0,
37491,1,{'train': 1},1,0,
37493,2,{'train': 2},2,0,
37495,2,{'train': 2},2,0,
37496,1,{'train': 1},1,0,
37497,1,{'train': 1},1,0,
37499,2,{'train': 2},2,0,
37500,1,{'train': 1},1,0,
37501,1,{'train': 1},1,0,
37503,2,{'train': 2},2,0,
37504,1,{'train': 1},1,0,
37505,1,{'train': 1},1,0,
37506,1,{'train': 1},1,0,
37507,1,{'train': 1},1,0,
37508,1,{'train': 1},1,0,
37509,1,{'train': 1},1,0,
37510,1,{'train': 1},1,0,
37511,1,{'train': 1},1,0,
37512,1,{'train': 1},1,0,
37513,1,{'train': 1},1,0,
37514,1,{'train': 1},1,0,
37515,1,{'train': 1},1,0,
37516,1,{'train': 1},1,0,
37517,1,{'train': 1},1,0,
37519,2,{'train': 2},2,0,
37520,1,{'train': 1},1,0,
37522,2,{'train': 2},2,0,
37524,2,{'train': 2},2,0,
37525,1,{'train': 1},1,0,
37526,1,{'train': 1},1,0,
37527,1,{'train': 1},1,0,
37528,1,{'train': 1},1,0,
37529,1,{'train': 1},1,0,
37530,1,{'train': 1},1,0,
37531,1,{'train': 1},1,0,
37532,1,{'train': 1},1,0,
37533,1,{'train': 1},1,0,
37535,2,{'train': 2},2,0,
37536,1,{'train': 1},1,0,
37537,1,{'train': 1},1,0,
37539,2,{'train': 2},2,0,
37540,1,{'train': 1},1,0,
37541,1,{'train': 1},1,0,
37542,1,{'train': 1},1,0,
37543,1,{'train': 1},1,0,
37544,1,{'train': 1},1,0,
37546,2,{'train': 2},2,0,
37548,2,{'train': 2},2,0,
37550,2,{'train': 2},2,0,
37551,1,{'train': 1},1,0,
37552,1,{'train': 1},1,0,
37553,1,{'train': 1},1,0,
37554,1,{'train': 1},1,0,
37555,1,{'train': 1},1,0,
37557,2,{'train': 2},2,0,
37559,2,{'train': 2},2,0,
37560,1,{'train': 1},1,0,
37561,1,{'train': 1},1,0,
37562,1,{'train': 1},1,0,
37563,1,{'train': 1},1,0,
37564,1,{'train': 1},1,0,
37565,1,{'train': 1},1,0,
37566,1,{'train': 1},1,0,
37568,2,{'train': 2},2,0,
37569,1,{'train': 1},1,0,
37570,1,{'train': 1},1,0,
37571,1,{'train': 1},1,0,
37572,1,{'train': 1},1,0,
37574,2,{'train': 2},2,0,
37575,1,{'train': 1},1,0,
37577,2,{'train': 2},2,0,
37578,1,{'train': 1},1,0,
37579,1,{'train': 1},1,0,
37580,1,{'train': 1},1,0,
37581,1,{'train': 1},1,0,
37582,1,{'train': 1},1,0,
37583,1,{'train': 1},1,0,
37584,1,{'train': 1},1,0,
37586,2,{'train': 2},2,0,
37587,1,{'train': 1},1,0,
37589,2,{'train': 2},2,0,
37590,1,{'train': 1},1,0,
37591,1,{'train': 1},1,0,
37592,1,{'train': 1},1,0,
37593,1,{'train': 1},1,0,
37595,1,{'train': 1},1,0,
37597,2,{'train': 2},2,0,
37599,2,{'train': 2},2,0,
37601,2,{'train': 2},2,0,
37602,1,{'train': 1},1,0,
37603,1,{'train': 1},1,0,
37605,2,{'train': 2},2,0,
37607,2,{'train': 2},2,0,
37608,1,{'train': 1},1,0,
37609,1,{'train': 1},1,0,
37610,1,{'train': 1},1,0,
37612,2,{'train': 2},2,0,
37614,2,{'train': 2},2,0,
37615,1,{'train': 1},1,0,
37616,1,{'train': 1},1,0,
37617,1,{'train': 1},1,0,
37619,2,{'train': 2},2,0,
37621,2,{'train': 2},2,0,
37622,1,{'train': 1},1,0,
37623,1,{'train': 1},1,0,
37624,1,{'train': 1},1,0,
37626,2,{'train': 2},2,0,
37628,2,{'train': 2},2,0,
37629,1,{'train': 1},1,0,
37630,1,{'train': 1},1,0,
37631,1,{'train': 1},1,0,
37633,2,{'train': 2},2,0,
37634,1,{'train': 1},1,0,
37635,1,{'train': 1},1,0,
37636,1,{'train': 1},1,0,
37637,1,{'train': 1},1,0,
37638,1,{'train': 1},1,0,
37639,1,{'train': 1},1,0,
37640,1,{'train': 1},1,0,
37641,1,{'train': 1},1,0,
37642,1,{'train': 1},1,0,
37644,2,{'train': 2},2,0,
37645,1,{'train': 1},1,0,
37646,1,{'train': 1},1,0,
37648,2,{'train': 2},2,0,
37649,1,{'train': 1},1,0,
37651,2,{'train': 2},2,0,
37652,1,{'train': 1},1,0,
37653,1,{'train': 1},1,0,
37655,2,{'train': 2},2,0,
37656,1,{'train': 1},1,0,
37657,1,{'train': 1},1,0,
37658,1,{'train': 1},1,0,
37660,2,{'train': 2},2,0,
37662,2,{'train': 2},2,0,
37663,1,{'train': 1},1,0,
37665,2,{'train': 2},2,0,
37666,1,{'train': 1},1,0,
37667,1,{'train': 1},1,0,
37668,1,{'train': 1},1,0,
37669,1,{'train': 1},1,0,
37670,1,{'train': 1},1,0,
37671,1,{'train': 1},1,0,
37673,2,{'train': 2},2,0,
37675,2,{'train': 2},2,0,
37676,1,{'train': 1},1,0,
37677,1,{'train': 1},1,0,
37679,2,{'train': 2},2,0,
37681,2,{'train': 2},2,0,
37682,1,{'train': 1},1,0,
37683,1,{'train': 1},1,0,
37684,1,{'train': 1},1,0,
37685,1,{'train': 1},1,0,
37686,1,{'train': 1},1,0,
37687,1,{'train': 1},1,0,
37689,2,{'train': 2},2,0,
37690,1,{'train': 1},1,0,
37691,1,{'train': 1},1,0,
37692,1,{'train': 1},1,0,
37694,2,{'train': 2},2,0,
37695,1,{'train': 1},1,0,
37697,2,{'train': 2},2,0,
37699,2,{'train': 2},2,0,
37701,2,{'train': 2},2,0,
37702,1,{'train': 1},1,0,
37703,1,{'train': 1},1,0,
37705,2,{'train': 2},2,0,
37707,2,{'train': 2},2,0,
37709,2,{'train': 2},2,0,
37711,2,{'train': 2},2,0,
37712,1,{'train': 1},1,0,
37714,2,{'train': 2},2,0,
37715,1,{'train': 1},1,0,
37716,1,{'train': 1},1,0,
37718,2,{'train': 2},2,0,
37719,1,{'train': 1},1,0,
37720,1,{'train': 1},1,0,
37722,2,{'train': 2},2,0,
37724,2,{'train': 2},2,0,
37725,1,{'train': 1},1,0,
37726,1,{'train': 1},1,0,
37727,1,{'train': 1},1,0,
37728,1,{'train': 1},1,0,
37729,1,{'train': 1},1,0,
37730,1,{'train': 1},1,0,
37731,1,{'train': 1},1,0,
38675,2,{'train': 2},2,0,
38676,2,{'train': 2},2,0,
37734,1,{'train': 1},1,0,
37735,1,{'train': 1},1,0,
37736,1,{'train': 1},1,0,
37737,1,{'train': 1},1,0,
37738,1,{'train': 1},1,0,
37739,1,{'train': 1},1,0,
37740,1,{'train': 1},1,0,
37742,2,{'train': 2},2,0,
37744,2,{'train': 2},2,0,
37745,1,{'train': 1},1,0,
37746,1,{'train': 1},1,0,
37748,2,{'train': 2},2,0,
37750,2,{'train': 2},2,0,
37751,1,{'train': 1},1,0,
37752,1,{'train': 1},1,0,
37753,1,{'train': 1},1,0,
37755,2,{'train': 2},2,0,
37756,1,{'train': 1},1,0,
50440,2,"{'train': 1, 'test': 1}",1,1,CROSS_SPLIT_NEARDUP_LEAKAGE
37758,1,{'train': 1},1,0,
37759,1,{'train': 1},1,0,
37760,1,{'train': 1},1,0,
37761,1,{'train': 1},1,0,
37762,1,{'train': 1},1,0,
37764,2,{'train': 2},2,0,
37765,1,{'train': 1},1,0,
37766,1,{'train': 1},1,0,
37768,2,{'train': 2},2,0,
37770,2,{'train': 2},2,0,
37771,1,{'train': 1},1,0,
37772,1,{'train': 1},1,0,
37773,1,{'train': 1},1,0,
37775,2,{'train': 2},2,0,
37776,1,{'train': 1},1,0,
37777,1,{'train': 1},1,0,
37779,2,{'train': 2},2,0,
37780,1,{'train': 1},1,0,
37781,1,{'train': 1},1,0,
37782,1,{'train': 1},1,0,
37783,1,{'train': 1},1,0,
37784,1,{'train': 1},1,0,
37785,1,{'train': 1},1,0,
37786,1,{'train': 1},1,0,
37788,2,{'train': 2},2,0,
37789,1,{'train': 1},1,0,
37790,1,{'train': 1},1,0,
37791,1,{'train': 1},1,0,
37792,1,{'train': 1},1,0,
37793,1,{'train': 1},1,0,
37794,1,{'train': 1},1,0,
37795,1,{'train': 1},1,0,
37796,1,{'train': 1},1,0,
37798,2,{'train': 2},2,0,
37800,2,{'train': 2},2,0,
37802,2,{'train': 2},2,0,
37803,1,{'train': 1},1,0,
37804,1,{'train': 1},1,0,
37805,1,{'train': 1},1,0,
37806,1,{'train': 1},1,0,
37807,1,{'train': 1},1,0,
37808,1,{'train': 1},1,0,
37809,1,{'train': 1},1,0,
37810,1,{'train': 1},1,0,
37812,2,{'train': 2},2,0,
37813,1,{'train': 1},1,0,
37814,1,{'train': 1},1,0,
37815,1,{'train': 1},1,0,
37816,1,{'train': 1},1,0,
37817,1,{'train': 1},1,0,
37818,1,{'train': 1},1,0,
37819,1,{'train': 1},1,0,
37820,1,{'train': 1},1,0,
37821,1,{'train': 1},1,0,
37822,1,{'train': 1},1,0,
37823,1,{'train': 1},1,0,
37825,2,{'train': 2},2,0,
37826,1,{'train': 1},1,0,
37827,1,{'train': 1},1,0,
37828,1,{'train': 1},1,0,
37830,2,{'train': 2},2,0,
37831,1,{'train': 1},1,0,
37832,1,{'train': 1},1,0,
37833,1,{'train': 1},1,0,
37834,1,{'train': 1},1,0,
37835,1,{'train': 1},1,0,
37837,2,{'train': 2},2,0,
37839,2,{'train': 2},2,0,
37841,2,{'train': 2},2,0,
37842,1,{'train': 1},1,0,
37843,1,{'train': 1},1,0,
37844,1,{'train': 1},1,0,
37845,1,{'train': 1},1,0,
37847,2,{'train': 2},2,0,
37848,1,{'train': 1},1,0,
37849,1,{'train': 1},1,0,
37850,1,{'train': 1},1,0,
37851,1,{'train': 1},1,0,
37853,2,{'train': 2},2,0,
37854,1,{'train': 1},1,0,
37856,2,{'train': 2},2,0,
37858,2,{'train': 2},2,0,
37860,2,{'train': 2},2,0,
37862,2,{'train': 2},2,0,
37863,1,{'train': 1},1,0,
37864,1,{'train': 1},1,0,
37865,1,{'train': 1},1,0,
37866,1,{'train': 1},1,0,
37867,1,{'train': 1},1,0,
37868,1,{'train': 1},1,0,
37869,1,{'train': 1},1,0,
37870,1,{'train': 1},1,0,
37872,2,{'train': 2},2,0,
37876,2,{'train': 2},2,0,
37878,2,{'train': 2},2,0,
37879,1,{'train': 1},1,0,
37880,1,{'train': 1},1,0,
37882,2,{'train': 2},2,0,
37883,1,{'train': 1},1,0,
37885,2,{'train': 2},2,0,
37886,1,{'train': 1},1,0,
37887,1,{'train': 1},1,0,
37888,1,{'train': 1},1,0,
37889,1,{'train': 1},1,0,
37890,1,{'train': 1},1,0,
37892,2,{'train': 2},2,0,
37939,3,{'train': 3},1,2,DUPLICATE_NEAR
37896,2,{'train': 2},2,0,
37898,2,{'train': 2},2,0,
37899,1,{'train': 1},1,0,
37900,1,{'train': 1},1,0,
37901,1,{'train': 1},1,0,
37902,1,{'train': 1},1,0,
37903,1,{'train': 1},1,0,
37904,1,{'train': 1},1,0,
37906,2,{'train': 2},2,0,
37907,1,{'train': 1},1,0,
37908,1,{'train': 1},1,0,
37910,2,{'train': 2},2,0,
37911,1,{'train': 1},1,0,
37913,2,{'train': 2},2,0,
37915,2,{'train': 2},2,0,
37916,1,{'train': 1},1,0,
37917,1,{'train': 1},1,0,
37919,2,{'train': 2},2,0,
37920,1,{'train': 1},1,0,
37922,2,{'train': 2},2,0,
37924,2,{'train': 2},2,0,
37926,2,{'train': 2},2,0,
37927,1,{'train': 1},1,0,
37929,2,{'train': 2},2,0,
37930,1,{'train': 1},1,0,
37931,1,{'train': 1},1,0,
37932,1,{'train': 1},1,0,
37933,1,{'train': 1},1,0,
37935,2,{'train': 2},2,0,
37936,1,{'train': 1},1,0,
37937,1,{'train': 1},1,0,
37938,1,{'train': 1},1,0,
37940,1,{'train': 1},1,0,
37941,1,{'train': 1},1,0,
37942,1,{'train': 1},1,0,
37944,2,{'train': 2},2,0,
37945,1,{'train': 1},1,0,
37947,2,{'train': 2},2,0,
37949,2,{'train': 2},2,0,
37950,1,{'train': 1},1,0,
37951,1,{'train': 1},1,0,
37953,2,{'train': 2},2,0,
37954,1,{'train': 1},1,0,
37955,1,{'train': 1},1,0,
37957,2,{'train': 2},2,0,
37958,1,{'train': 1},1,0,
37959,1,{'train': 1},1,0,
37960,1,{'train': 1},1,0,
37962,2,{'train': 2},2,0,
37964,2,{'train': 2},2,0,
37966,2,{'train': 2},2,0,
37967,1,{'train': 1},1,0,
37968,1,{'train': 1},1,0,
37969,1,{'train': 1},1,0,
37970,1,{'train': 1},1,0,
37972,2,{'train': 2},2,0,
37973,1,{'train': 1},1,0,
37974,1,{'train': 1},1,0,
37976,2,{'train': 2},2,0,
37978,2,{'train': 2},2,0,
37979,1,{'train': 1},1,0,
37980,1,{'train': 1},1,0,
37981,1,{'train': 1},1,0,
37982,1,{'train': 1},1,0,
37983,1,{'train': 1},1,0,
37984,1,{'train': 1},1,0,
37985,1,{'train': 1},1,0,
37986,1,{'train': 1},1,0,
37987,1,{'train': 1},1,0,
37988,1,{'train': 1},1,0,
37989,1,{'train': 1},1,0,
37990,1,{'train': 1},1,0,
37991,1,{'train': 1},1,0,
37992,1,{'train': 1},1,0,
37993,1,{'train': 1},1,0,
37995,2,{'train': 2},2,0,
37996,1,{'train': 1},1,0,
37998,2,{'train': 2},2,0,
37999,1,{'train': 1},1,0,
38000,1,{'train': 1},1,0,
38001,1,{'train': 1},1,0,
38002,1,{'train': 1},1,0,
38003,1,{'train': 1},1,0,
38004,1,{'train': 1},1,0,
38005,1,{'train': 1},1,0,
38006,1,{'train': 1},1,0,
38007,1,{'train': 1},1,0,
38009,2,{'train': 2},2,0,
38010,1,{'train': 1},1,0,
38012,2,{'train': 2},2,0,
38014,2,{'train': 2},2,0,
38015,1,{'train': 1},1,0,
38016,1,{'train': 1},1,0,
38017,1,{'train': 1},1,0,
38018,1,{'train': 1},1,0,
38020,2,{'train': 2},2,0,
38021,1,{'train': 1},1,0,
38022,1,{'train': 1},1,0,
38023,1,{'train': 1},1,0,
38025,2,{'train': 2},2,0,
38026,1,{'train': 1},1,0,
38027,1,{'train': 1},1,0,
38028,1,{'train': 1},1,0,
38029,1,{'train': 1},1,0,
38031,2,{'train': 2},2,0,
38032,1,{'train': 1},1,0,
38033,1,{'train': 1},1,0,
38034,1,{'train': 1},1,0,
38035,1,{'train': 1},1,0,
38036,1,{'train': 1},1,0,
38037,1,{'train': 1},1,0,
38038,1,{'train': 1},1,0,
38039,1,{'train': 1},1,0,
38040,1,{'train': 1},1,0,
38041,1,{'train': 1},1,0,
38042,1,{'train': 1},1,0,
38043,1,{'train': 1},1,0,
38044,1,{'train': 1},1,0,
38046,2,{'train': 2},2,0,
38048,2,{'train': 2},2,0,
38050,2,{'train': 2},2,0,
38051,1,{'train': 1},1,0,
38052,1,{'train': 1},1,0,
38053,1,{'train': 1},1,0,
38054,1,{'train': 1},1,0,
38055,1,{'train': 1},1,0,
38057,2,{'train': 2},2,0,
38058,1,{'train': 1},1,0,
38060,2,{'train': 2},2,0,
38061,1,{'train': 1},1,0,
38062,1,{'train': 1},1,0,
38063,1,{'train': 1},1,0,
38064,1,{'train': 1},1,0,
38065,1,{'train': 1},1,0,
38066,1,{'train': 1},1,0,
38067,1,{'train': 1},1,0,
38068,1,{'train': 1},1,0,
38070,2,{'train': 2},2,0,
38072,2,{'train': 2},2,0,
38073,1,{'train': 1},1,0,
38074,1,{'train': 1},1,0,
38075,1,{'train': 1},1,0,
38076,1,{'train': 1},1,0,
38077,1,{'train': 1},1,0,
38079,2,{'train': 2},2,0,
38080,1,{'train': 1},1,0,
38081,1,{'train': 1},1,0,
38082,1,{'train': 1},1,0,
38084,2,{'train': 2},2,0,
38085,1,{'train': 1},1,0,
38087,2,{'train': 2},2,0,
38089,2,{'train': 2},2,0,
38104,4,{'train': 4},1,3,DUPLICATE_NEAR
38092,1,{'train': 1},1,0,
38093,1,{'train': 1},1,0,
38095,2,{'train': 2},2,0,
38096,1,{'train': 1},1,0,
38097,1,{'train': 1},1,0,
38098,1,{'train': 1},1,0,
38099,1,{'train': 1},1,0,
38100,1,{'train': 1},1,0,
38102,2,{'train': 2},2,0,
38103,1,{'train': 1},1,0,
38106,1,{'train': 1},1,0,
38107,1,{'train': 1},1,0,
38109,2,{'train': 2},2,0,
38110,1,{'train': 1},1,0,
38112,2,{'train': 2},2,0,
38114,2,{'train': 2},2,0,
38115,1,{'train': 1},1,0,
38116,1,{'train': 1},1,0,
38117,1,{'train': 1},1,0,
38119,2,{'train': 2},2,0,
38120,1,{'train': 1},1,0,
38122,2,{'train': 2},2,0,
38124,2,{'train': 2},2,0,
38125,1,{'train': 1},1,0,
38126,1,{'train': 1},1,0,
38127,1,{'train': 1},1,0,
38128,1,{'train': 1},1,0,
38129,1,{'train': 1},1,0,
38130,1,{'train': 1},1,0,
38131,1,{'train': 1},1,0,
38132,1,{'train': 1},1,0,
38133,1,{'train': 1},1,0,
38134,1,{'train': 1},1,0,
38135,1,{'train': 1},1,0,
38136,1,{'train': 1},1,0,
38137,1,{'train': 1},1,0,
38138,1,{'train': 1},1,0,
38139,1,{'train': 1},1,0,
38140,1,{'train': 1},1,0,
38142,2,{'train': 2},2,0,
38143,1,{'train': 1},1,0,
38144,1,{'train': 1},1,0,
38146,2,{'train': 2},2,0,
38147,1,{'train': 1},1,0,
38148,1,{'train': 1},1,0,
38149,1,{'train': 1},1,0,
38150,1,{'train': 1},1,0,
38151,1,{'train': 1},1,0,
38152,1,{'train': 1},1,0,
38153,1,{'train': 1},1,0,
38154,1,{'train': 1},1,0,
38155,1,{'train': 1},1,0,
38156,1,{'train': 1},1,0,
38158,2,{'train': 2},2,0,
38160,2,{'train': 2},2,0,
38161,1,{'train': 1},1,0,
38162,1,{'train': 1},1,0,
38163,1,{'train': 1},1,0,
38164,1,{'train': 1},1,0,
38165,1,{'train': 1},1,0,
38166,1,{'train': 1},1,0,
38167,1,{'train': 1},1,0,
38168,1,{'train': 1},1,0,
38169,1,{'train': 1},1,0,
38170,1,{'train': 1},1,0,
38171,1,{'train': 1},1,0,
38173,2,{'train': 2},2,0,
38175,2,{'train': 2},2,0,
38176,1,{'train': 1},1,0,
38177,1,{'train': 1},1,0,
38179,2,{'train': 2},2,0,
38180,1,{'train': 1},1,0,
38182,2,{'train': 2},2,0,
38183,1,{'train': 1},1,0,
38185,2,{'train': 2},2,0,
38186,1,{'train': 1},1,0,
38187,1,{'train': 1},1,0,
38188,1,{'train': 1},1,0,
38189,1,{'train': 1},1,0,
38190,1,{'train': 1},1,0,
38191,1,{'train': 1},1,0,
38192,1,{'train': 1},1,0,
38194,2,{'train': 2},2,0,
38196,2,{'train': 2},2,0,
38197,1,{'train': 1},1,0,
38198,1,{'train': 1},1,0,
38200,2,{'train': 2},2,0,
38201,1,{'train': 1},1,0,
38202,1,{'train': 1},1,0,
38203,1,{'train': 1},1,0,
38205,2,{'train': 2},2,0,
38206,1,{'train': 1},1,0,
38207,1,{'train': 1},1,0,
38209,2,{'train': 2},2,0,
38210,1,{'train': 1},1,0,
38211,1,{'train': 1},1,0,
38213,2,{'train': 2},2,0,
38217,2,{'train': 2},2,0,
38218,1,{'train': 1},1,0,
38219,1,{'train': 1},1,0,
38220,1,{'train': 1},1,0,
38221,1,{'train': 1},1,0,
38222,1,{'train': 1},1,0,
38223,1,{'train': 1},1,0,
38224,1,{'train': 1},1,0,
38225,1,{'train': 1},1,0,
38226,1,{'train': 1},1,0,
38227,1,{'train': 1},1,0,
38228,1,{'train': 1},1,0,
38230,2,{'train': 2},2,0,
38232,2,{'train': 2},2,0,
38233,1,{'train': 1},1,0,
38235,2,{'train': 2},2,0,
38236,1,{'train': 1},1,0,
38237,1,{'train': 1},1,0,
38238,1,{'train': 1},1,0,
38239,1,{'train': 1},1,0,
38240,1,{'train': 1},1,0,
38242,2,{'train': 2},2,0,
38243,1,{'train': 1},1,0,
38245,2,{'train': 2},2,0,
38247,2,{'train': 2},2,0,
38249,2,{'train': 2},2,0,
38250,1,{'train': 1},1,0,
38251,1,{'train': 1},1,0,
38253,2,{'train': 2},2,0,
38254,1,{'train': 1},1,0,
38255,1,{'train': 1},1,0,
38256,1,{'train': 1},1,0,
38257,1,{'train': 1},1,0,
38259,2,{'train': 2},2,0,
38260,1,{'train': 1},1,0,
38261,1,{'train': 1},1,0,
38262,1,{'train': 1},1,0,
38263,1,{'train': 1},1,0,
38264,1,{'train': 1},1,0,
38266,2,{'train': 2},2,0,
38268,2,{'train': 2},2,0,
38270,2,{'train': 2},2,0,
38272,2,{'train': 2},2,0,
38273,1,{'train': 1},1,0,
38275,2,{'train': 2},2,0,
38277,2,{'train': 2},2,0,
38278,1,{'train': 1},1,0,
38279,1,{'train': 1},1,0,
38280,1,{'train': 1},1,0,
38281,1,{'train': 1},1,0,
38282,1,{'train': 1},1,0,
38283,1,{'train': 1},1,0,
38339,5,{'train': 5},1,4,DUPLICATE_NEAR
38286,1,{'train': 1},1,0,
38287,1,{'train': 1},1,0,
38288,1,{'train': 1},1,0,
38289,1,{'train': 1},1,0,
38291,2,{'train': 2},2,0,
38292,1,{'train': 1},1,0,
38294,2,{'train': 2},2,0,
38296,2,{'train': 2},2,0,
38298,2,{'train': 2},2,0,
38299,1,{'train': 1},1,0,
38300,1,{'train': 1},1,0,
38301,1,{'train': 1},1,0,
38302,1,{'train': 1},1,0,
38303,1,{'train': 1},1,0,
38304,1,{'train': 1},1,0,
38306,1,{'train': 1},1,0,
38307,1,{'train': 1},1,0,
38308,1,{'train': 1},1,0,
38309,1,{'train': 1},1,0,
38310,1,{'train': 1},1,0,
38312,2,{'train': 2},2,0,
38313,1,{'train': 1},1,0,
38315,2,{'train': 2},2,0,
38317,2,{'train': 2},2,0,
38318,1,{'train': 1},1,0,
38319,1,{'train': 1},1,0,
38320,1,{'train': 1},1,0,
38321,1,{'train': 1},1,0,
38323,2,{'train': 2},2,0,
38325,2,{'train': 2},2,0,
38326,1,{'train': 1},1,0,
38328,2,{'train': 2},2,0,
38329,1,{'train': 1},1,0,
38330,1,{'train': 1},1,0,
38331,1,{'train': 1},1,0,
38332,1,{'train': 1},1,0,
38333,1,{'train': 1},1,0,
38334,1,{'train': 1},1,0,
38335,1,{'train': 1},1,0,
38337,2,{'train': 2},2,0,
38338,1,{'train': 1},1,0,
38341,1,{'train': 1},1,0,
38342,1,{'train': 1},1,0,
38343,1,{'train': 1},1,0,
38344,1,{'train': 1},1,0,
38345,1,{'train': 1},1,0,
38346,1,{'train': 1},1,0,
38347,1,{'train': 1},1,0,
38348,1,{'train': 1},1,0,
38349,1,{'train': 1},1,0,
38350,1,{'train': 1},1,0,
38352,2,{'train': 2},2,0,
38354,2,{'train': 2},2,0,
38355,1,{'train': 1},1,0,
38356,1,{'train': 1},1,0,
38357,1,{'train': 1},1,0,
38358,1,{'train': 1},1,0,
38360,2,{'train': 2},2,0,
38362,2,{'train': 2},2,0,
38363,1,{'train': 1},1,0,
38364,1,{'train': 1},1,0,
38365,1,{'train': 1},1,0,
38366,1,{'train': 1},1,0,
38367,1,{'train': 1},1,0,
38369,2,{'train': 2},2,0,
38370,1,{'train': 1},1,0,
38371,1,{'train': 1},1,0,
38373,2,{'train': 2},2,0,
38374,1,{'train': 1},1,0,
38375,1,{'train': 1},1,0,
38376,1,{'train': 1},1,0,
38377,1,{'train': 1},1,0,
38378,1,{'train': 1},1,0,
38379,1,{'train': 1},1,0,
38380,1,{'train': 1},1,0,
38382,2,{'train': 2},2,0,
38384,2,{'train': 2},2,0,
38385,1,{'train': 1},1,0,
38387,2,{'train': 2},2,0,
38388,1,{'train': 1},1,0,
38390,2,{'train': 2},2,0,
38391,1,{'train': 1},1,0,
38392,1,{'train': 1},1,0,
38393,1,{'train': 1},1,0,
38394,1,{'train': 1},1,0,
38396,2,{'train': 2},2,0,
38397,1,{'train': 1},1,0,
38398,1,{'train': 1},1,0,
38400,2,{'train': 2},2,0,
38401,1,{'train': 1},1,0,
38402,1,{'train': 1},1,0,
38404,2,{'train': 2},2,0,
38405,1,{'train': 1},1,0,
38406,1,{'train': 1},1,0,
38407,1,{'train': 1},1,0,
38408,1,{'train': 1},1,0,
38409,1,{'train': 1},1,0,
38410,1,{'train': 1},1,0,
38411,1,{'train': 1},1,0,
38413,2,{'train': 2},2,0,
38414,1,{'train': 1},1,0,
38416,2,{'train': 2},2,0,
38418,2,{'train': 2},2,0,
38421,1,{'train': 1},1,0,
38422,1,{'train': 1},1,0,
38424,2,{'train': 2},2,0,
38425,1,{'train': 1},1,0,
38427,2,{'train': 2},2,0,
38428,1,{'train': 1},1,0,
38429,1,{'train': 1},1,0,
38430,1,{'train': 1},1,0,
38431,1,{'train': 1},1,0,
38432,1,{'train': 1},1,0,
38434,2,{'train': 2},2,0,
38436,2,{'train': 2},2,0,
38438,2,{'train': 2},2,0,
38439,1,{'train': 1},1,0,
38440,1,{'train': 1},1,0,
38441,1,{'train': 1},1,0,
38442,1,{'train': 1},1,0,
38443,1,{'train': 1},1,0,
38444,1,{'train': 1},1,0,
38445,1,{'train': 1},1,0,
38446,1,{'train': 1},1,0,
38447,1,{'train': 1},1,0,
38448,1,{'train': 1},1,0,
38449,1,{'train': 1},1,0,
38450,1,{'train': 1},1,0,
38452,2,{'train': 2},2,0,
38453,1,{'train': 1},1,0,
38454,1,{'train': 1},1,0,
38455,1,{'train': 1},1,0,
38456,1,{'train': 1},1,0,
38457,1,{'train': 1},1,0,
38458,1,{'train': 1},1,0,
38459,1,{'train': 1},1,0,
38460,1,{'train': 1},1,0,
38461,1,{'train': 1},1,0,
38462,1,{'train': 1},1,0,
38463,1,{'train': 1},1,0,
38464,1,{'train': 1},1,0,
38465,1,{'train': 1},1,0,
38466,1,{'train': 1},1,0,
38468,2,{'train': 2},2,0,
38470,2,{'train': 2},2,0,
38471,1,{'train': 1},1,0,
38472,1,{'train': 1},1,0,
38474,2,{'train': 2},2,0,
38475,1,{'train': 1},1,0,
38477,2,{'train': 2},2,0,
38478,1,{'train': 1},1,0,
38479,1,{'train': 1},1,0,
38481,2,{'train': 2},2,0,
38482,1,{'train': 1},1,0,
38483,1,{'train': 1},1,0,
38485,2,{'train': 2},2,0,
38487,2,{'train': 2},2,0,
38489,2,{'train': 2},2,0,
38490,1,{'train': 1},1,0,
38492,2,{'train': 2},2,0,
38493,1,{'train': 1},1,0,
38494,1,{'train': 1},1,0,
38495,1,{'train': 1},1,0,
38496,1,{'train': 1},1,0,
38497,1,{'train': 1},1,0,
38499,2,{'train': 2},2,0,
38501,2,{'train': 2},2,0,
38502,1,{'train': 1},1,0,
38503,1,{'train': 1},1,0,
38505,2,{'train': 2},2,0,
38506,1,{'train': 1},1,0,
38507,1,{'train': 1},1,0,
38509,2,{'train': 2},2,0,
38510,1,{'train': 1},1,0,
38511,1,{'train': 1},1,0,
38512,1,{'train': 1},1,0,
38514,2,{'train': 2},2,0,
38516,2,{'train': 2},2,0,
38518,2,{'train': 2},2,0,
38520,2,{'train': 2},2,0,
38522,2,{'train': 2},2,0,
38523,1,{'train': 1},1,0,
38524,1,{'train': 1},1,0,
38525,1,{'train': 1},1,0,
38526,1,{'train': 1},1,0,
38527,1,{'train': 1},1,0,
38528,1,{'train': 1},1,0,
38529,1,{'train': 1},1,0,
38530,1,{'train': 1},1,0,
38532,2,{'train': 2},2,0,
38533,1,{'train': 1},1,0,
38535,2,{'train': 2},2,0,
38536,1,{'train': 1},1,0,
38537,1,{'train': 1},1,0,
38538,1,{'train': 1},1,0,
38540,2,{'train': 2},2,0,
38542,2,{'train': 2},2,0,
38544,2,{'train': 2},2,0,
38546,2,{'train': 2},2,0,
38547,1,{'train': 1},1,0,
38548,1,{'train': 1},1,0,
38550,2,{'train': 2},2,0,
38551,1,{'train': 1},1,0,
38552,1,{'train': 1},1,0,
38553,1,{'train': 1},1,0,
38555,2,{'train': 2},2,0,
38557,2,{'train': 2},2,0,
38558,1,{'train': 1},1,0,
38560,2,{'train': 2},2,0,
38561,1,{'train': 1},1,0,
38562,1,{'train': 1},1,0,
38564,2,{'train': 2},2,0,
38565,1,{'train': 1},1,0,
38566,1,{'train': 1},1,0,
38567,1,{'train': 1},1,0,
38568,1,{'train': 1},1,0,
38570,2,{'train': 2},2,0,
38571,1,{'train': 1},1,0,
38573,2,{'train': 2},2,0,
38574,1,{'train': 1},1,0,
38575,1,{'train': 1},1,0,
38576,1,{'train': 1},1,0,
38577,1,{'train': 1},1,0,
38578,1,{'train': 1},1,0,
38579,1,{'train': 1},1,0,
38580,1,{'train': 1},1,0,
38582,2,{'train': 2},2,0,
38583,1,{'train': 1},1,0,
38584,1,{'train': 1},1,0,
38585,1,{'train': 1},1,0,
38586,1,{'train': 1},1,0,
38587,1,{'train': 1},1,0,
38589,2,{'train': 2},2,0,
38591,2,{'train': 2},2,0,
38593,2,{'train': 2},2,0,
38594,1,{'train': 1},1,0,
38595,1,{'train': 1},1,0,
38596,1,{'train': 1},1,0,
38597,1,{'train': 1},1,0,
38598,1,{'train': 1},1,0,
38599,1,{'train': 1},1,0,
38600,1,{'train': 1},1,0,
38601,1,{'train': 1},1,0,
38603,2,{'train': 2},2,0,
38604,1,{'train': 1},1,0,
38605,1,{'train': 1},1,0,
38607,2,{'train': 2},2,0,
38609,2,{'train': 2},2,0,
38610,1,{'train': 1},1,0,
38611,1,{'train': 1},1,0,
38612,1,{'train': 1},1,0,
38613,1,{'train': 1},1,0,
38614,1,{'train': 1},1,0,
38616,2,{'train': 2},2,0,
38617,1,{'train': 1},1,0,
38619,2,{'train': 2},2,0,
38620,1,{'train': 1},1,0,
38621,1,{'train': 1},1,0,
38622,1,{'train': 1},1,0,
38623,1,{'train': 1},1,0,
38624,1,{'train': 1},1,0,
38626,2,{'train': 2},2,0,
38627,1,{'train': 1},1,0,
38628,1,{'train': 1},1,0,
38629,1,{'train': 1},1,0,
38631,2,{'train': 2},2,0,
38632,1,{'train': 1},1,0,
38633,1,{'train': 1},1,0,
38634,1,{'train': 1},1,0,
38635,1,{'train': 1},1,0,
38636,1,{'train': 1},1,0,
38638,2,{'train': 2},2,0,
38640,2,{'train': 2},2,0,
38641,1,{'train': 1},1,0,
38643,1,{'train': 1},1,0,
38644,1,{'train': 1},1,0,
38645,1,{'train': 1},1,0,
38646,1,{'train': 1},1,0,
38647,1,{'train': 1},1,0,
38648,1,{'train': 1},1,0,
38649,1,{'train': 1},1,0,
38650,1,{'train': 1},1,0,
38651,1,{'train': 1},1,0,
38652,1,{'train': 1},1,0,
38653,1,{'train': 1},1,0,
38654,1,{'train': 1},1,0,
38656,2,{'train': 2},2,0,
38657,1,{'train': 1},1,0,
38658,1,{'train': 1},1,0,
38659,1,{'train': 1},1,0,
38660,1,{'train': 1},1,0,
38661,1,{'train': 1},1,0,
38662,1,{'train': 1},1,0,
38663,1,{'train': 1},1,0,
38664,1,{'train': 1},1,0,
38665,1,{'train': 1},1,0,
38666,1,{'train': 1},1,0,
38667,1,{'train': 1},1,0,
38668,1,{'train': 1},1,0,
38670,2,{'train': 2},2,0,
38672,2,{'train': 2},2,0,
38673,1,{'train': 1},1,0,
38674,1,{'train': 1},1,0,
38677,1,{'train': 1},1,0,
38678,1,{'train': 1},1,0,
38679,1,{'train': 1},1,0,
38681,2,{'train': 2},2,0,
38682,1,{'train': 1},1,0,
38683,1,{'train': 1},1,0,
38685,2,{'train': 2},2,0,
38687,2,{'train': 2},2,0,
38689,2,{'train': 2},2,0,
38690,1,{'train': 1},1,0,
38691,1,{'train': 1},1,0,
38692,1,{'train': 1},1,0,
38693,1,{'train': 1},1,0,
38695,2,{'train': 2},2,0,
38696,1,{'train': 1},1,0,
38697,1,{'train': 1},1,0,
38698,1,{'train': 1},1,0,
38700,2,{'train': 2},2,0,
38701,1,{'train': 1},1,0,
38702,1,{'train': 1},1,0,
38703,1,{'train': 1},1,0,
38704,1,{'train': 1},1,0,
38705,1,{'train': 1},1,0,
38707,2,{'train': 2},2,0,
38709,2,{'train': 2},2,0,
38710,1,{'train': 1},1,0,
38711,1,{'train': 1},1,0,
38712,1,{'train': 1},1,0,
38714,2,{'train': 2},2,0,
38715,1,{'train': 1},1,0,
38716,1,{'train': 1},1,0,
38717,1,{'train': 1},1,0,
38718,1,{'train': 1},1,0,
38719,1,{'train': 1},1,0,
38721,2,{'train': 2},2,0,
38722,1,{'train': 1},1,0,
38723,1,{'train': 1},1,0,
38724,1,{'train': 1},1,0,
38726,2,{'train': 2},2,0,
38728,2,{'train': 2},2,0,
38730,2,{'train': 2},2,0,
38732,2,{'train': 2},2,0,
38733,1,{'train': 1},1,0,
38734,1,{'train': 1},1,0,
38735,1,{'train': 1},1,0,
38736,1,{'train': 1},1,0,
38737,1,{'train': 1},1,0,
38738,1,{'train': 1},1,0,
38739,1,{'train': 1},1,0,
38740,1,{'train': 1},1,0,
38742,2,{'train': 2},2,0,
38743,1,{'train': 1},1,0,
38744,1,{'train': 1},1,0,
38745,1,{'train': 1},1,0,
38746,1,{'train': 1},1,0,
38748,2,{'train': 2},2,0,
38749,1,{'train': 1},1,0,
38750,1,{'train': 1},1,0,
38752,2,{'train': 2},2,0,
38753,1,{'train': 1},1,0,
38755,2,{'train': 2},2,0,
38757,2,{'train': 2},2,0,
38758,1,{'train': 1},1,0,
38759,1,{'train': 1},1,0,
38760,1,{'train': 1},1,0,
38761,1,{'train': 1},1,0,
38762,1,{'train': 1},1,0,
38763,1,{'train': 1},1,0,
38764,1,{'train': 1},1,0,
38765,1,{'train': 1},1,0,
38766,1,{'train': 1},1,0,
38768,2,{'train': 2},2,0,
38769,1,{'train': 1},1,0,
38770,1,{'train': 1},1,0,
38771,1,{'train': 1},1,0,
38772,1,{'train': 1},1,0,
38773,1,{'train': 1},1,0,
38775,2,{'train': 2},2,0,
38776,1,{'train': 1},1,0,
38777,1,{'train': 1},1,0,
38778,1,{'train': 1},1,0,
38779,1,{'train': 1},1,0,
38781,2,{'train': 2},2,0,
38783,2,{'train': 2},2,0,
38784,1,{'train': 1},1,0,
38785,1,{'train': 1},1,0,
38786,1,{'train': 1},1,0,
38787,1,{'train': 1},1,0,
38788,1,{'train': 1},1,0,
38790,2,{'train': 2},2,0,
38791,1,{'train': 1},1,0,
38792,1,{'train': 1},1,0,
38793,1,{'train': 1},1,0,
38794,1,{'train': 1},1,0,
38795,1,{'train': 1},1,0,
38796,1,{'train': 1},1,0,
38797,1,{'train': 1},1,0,
38798,1,{'train': 1},1,0,
38800,2,{'train': 2},2,0,
38801,1,{'train': 1},1,0,
38802,1,{'train': 1},1,0,
38804,2,{'train': 2},2,0,
38805,1,{'train': 1},1,0,
38806,1,{'train': 1},1,0,
38807,1,{'train': 1},1,0,
38808,1,{'train': 1},1,0,
38809,1,{'train': 1},1,0,
38810,1,{'train': 1},1,0,
38811,1,{'train': 1},1,0,
38812,1,{'train': 1},1,0,
38813,1,{'train': 1},1,0,
38815,2,{'train': 2},2,0,
38816,1,{'train': 1},1,0,
38817,1,{'train': 1},1,0,
38818,1,{'train': 1},1,0,
38820,2,{'train': 2},2,0,
38821,1,{'train': 1},1,0,
38822,1,{'train': 1},1,0,
38824,2,{'train': 2},2,0,
38826,2,{'train': 2},2,0,
38828,2,{'train': 2},2,0,
38829,1,{'train': 1},1,0,
38830,1,{'train': 1},1,0,
38832,2,{'train': 2},2,0,
38834,2,{'train': 2},2,0,
38835,1,{'train': 1},1,0,
38836,1,{'train': 1},1,0,
38837,1,{'train': 1},1,0,
38838,1,{'train': 1},1,0,
38840,2,{'train': 2},2,0,
38841,1,{'train': 1},1,0,
38842,1,{'train': 1},1,0,
38844,2,{'train': 2},2,0,
38845,1,{'train': 1},1,0,
38846,1,{'train': 1},1,0,
38891,5,{'train': 5},1,4,DUPLICATE_NEAR
38885,2,{'train': 2},2,0,
38882,1,{'train': 1},1,0,
38883,1,{'train': 1},1,0,
38894,1,{'train': 1},1,0,
38901,1,{'train': 1},1,0,
38904,1,{'train': 1},1,0,
38916,8,{'train': 8},1,7,DUPLICATE_NEAR
38934,6,{'train': 6},1,5,DUPLICATE_NEAR
38911,1,{'train': 1},1,0,
38933,1,{'train': 1},1,0,
38937,1,{'train': 1},1,0,
38961,4,{'train': 4},1,3,DUPLICATE_NEAR
38941,1,{'train': 1},1,0,
38942,1,{'train': 1},1,0,
38948,1,{'train': 1},1,0,
38949,1,{'train': 1},1,0,
38952,2,{'train': 2},2,0,
38958,1,{'train': 1},1,0,
38963,1,{'train': 1},1,0,
38969,1,{'train': 1},1,0,
38991,2,{'train': 2},2,0,
38995,1,{'train': 1},1,0,
38997,1,{'train': 1},1,0,
39010,2,{'train': 2},2,0,
39005,1,{'train': 1},1,0,
39019,2,{'train': 2},2,0,
39051,6,{'train': 6},1,5,DUPLICATE_NEAR
39045,16,{'train': 16},1,15,DUPLICATE_NEAR
39034,1,{'train': 1},1,0,
39049,2,{'train': 2},2,0,
39046,1,{'train': 1},1,0,
39047,1,{'train': 1},1,0,
39048,1,{'train': 1},1,0,
39054,1,{'train': 1},1,0,
39056,1,{'train': 1},1,0,
39057,1,{'train': 1},1,0,
39083,9,{'train': 9},1,8,DUPLICATE_NEAR
39071,1,{'train': 1},1,0,
39075,1,{'train': 1},1,0,
39079,1,{'train': 1},1,0,
39087,1,{'train': 1},1,0,
39096,2,{'train': 2},2,0,
39099,2,{'train': 2},2,0,
39110,1,{'train': 1},1,0,
39112,1,{'train': 1},1,0,
39117,1,{'train': 1},1,0,
39123,3,{'train': 3},1,2,DUPLICATE_NEAR
39142,3,{'train': 3},1,2,DUPLICATE_NEAR
39140,2,{'train': 2},2,0,
39143,3,{'train': 3},1,2,DUPLICATE_NEAR
39152,3,{'train': 3},1,2,DUPLICATE_NEAR
39155,1,{'train': 1},1,0,
39160,1,{'train': 1},1,0,
39162,1,{'train': 1},1,0,
39164,1,{'train': 1},1,0,
39172,2,{'train': 2},2,0,
39173,1,{'train': 1},1,0,
39177,1,{'train': 1},1,0,
39180,1,{'train': 1},1,0,
39181,1,{'train': 1},1,0,
39183,1,{'train': 1},1,0,
39195,1,{'train': 1},1,0,
39196,1,{'train': 1},1,0,
39209,1,{'train': 1},1,0,
39225,6,{'train': 6},1,5,DUPLICATE_NEAR
39221,2,{'train': 2},2,0,
39218,1,{'train': 1},1,0,
39230,1,{'train': 1},1,0,
39231,1,{'train': 1},1,0,
39236,1,{'train': 1},1,0,
39244,1,{'train': 1},1,0,
39260,2,{'train': 2},2,0,
39258,2,{'train': 2},2,0,
39262,1,{'train': 1},1,0,
39263,1,{'train': 1},1,0,
39266,1,{'train': 1},1,0,
39270,1,{'train': 1},1,0,
39272,1,{'train': 1},1,0,
39282,4,{'train': 4},1,3,DUPLICATE_NEAR
39277,1,{'train': 1},1,0,
39279,1,{'train': 1},1,0,
39292,1,{'train': 1},1,0,
39295,1,{'train': 1},1,0,
39306,2,{'train': 2},2,0,
39304,1,{'train': 1},1,0,
39314,1,{'train': 1},1,0,
39315,1,{'train': 1},1,0,
39320,1,{'train': 1},1,0,
39333,2,{'train': 2},2,0,
39347,2,{'train': 2},2,0,
39336,1,{'train': 1},1,0,
39338,1,{'train': 1},1,0,
39340,1,{'train': 1},1,0,
39343,1,{'train': 1},1,0,
39350,1,{'train': 1},1,0,
39353,1,{'train': 1},1,0,
39355,1,{'train': 1},1,0,
39379,9,{'train': 9},1,8,DUPLICATE_NEAR
39362,1,{'train': 1},1,0,
39386,2,{'train': 2},2,0,
39376,1,{'train': 1},1,0,
39380,1,{'train': 1},1,0,
39384,1,{'train': 1},1,0,
39387,1,{'train': 1},1,0,
39397,2,{'train': 2},2,0,
39412,3,{'train': 3},1,2,DUPLICATE_NEAR
39398,1,{'train': 1},1,0,
39404,1,{'train': 1},1,0,
39405,1,{'train': 1},1,0,
39411,1,{'train': 1},1,0,
39416,1,{'train': 1},1,0,
39421,1,{'train': 1},1,0,
39426,1,{'train': 1},1,0,
39437,1,{'train': 1},1,0,
39448,1,{'train': 1},1,0,
39464,3,{'train': 3},1,2,DUPLICATE_NEAR
39450,1,{'train': 1},1,0,
39452,1,{'train': 1},1,0,
39453,1,{'train': 1},1,0,
39470,2,{'train': 2},2,0,
39458,1,{'train': 1},1,0,
39460,1,{'train': 1},1,0,
39465,1,{'train': 1},1,0,
39467,1,{'train': 1},1,0,
39471,1,{'train': 1},1,0,
39474,1,{'train': 1},1,0,
39476,1,{'train': 1},1,0,
39508,1,{'train': 1},1,0,
39511,1,{'train': 1},1,0,
39512,1,{'train': 1},1,0,
39513,1,{'train': 1},1,0,
39517,1,{'train': 1},1,0,
39519,1,{'train': 1},1,0,
39523,1,{'train': 1},1,0,
39526,1,{'train': 1},1,0,
39534,3,{'train': 3},1,2,DUPLICATE_NEAR
39533,1,{'train': 1},1,0,
39539,1,{'train': 1},1,0,
39541,1,{'train': 1},1,0,
39543,1,{'train': 1},1,0,
39566,3,{'train': 3},1,2,DUPLICATE_NEAR
39553,1,{'train': 1},1,0,
39558,1,{'train': 1},1,0,
39561,1,{'train': 1},1,0,
39565,1,{'train': 1},1,0,
39568,1,{'train': 1},1,0,
39572,1,{'train': 1},1,0,
39587,3,{'train': 3},1,2,DUPLICATE_NEAR
39586,1,{'train': 1},1,0,
39591,1,{'train': 1},1,0,
39592,1,{'train': 1},1,0,
39595,1,{'train': 1},1,0,
39596,1,{'train': 1},1,0,
39598,1,{'train': 1},1,0,
39619,7,{'train': 7},1,6,DUPLICATE_NEAR
39602,1,{'train': 1},1,0,
39610,1,{'train': 1},1,0,
39622,3,{'train': 3},1,2,DUPLICATE_NEAR
39613,1,{'train': 1},1,0,
39616,1,{'train': 1},1,0,
39618,1,{'train': 1},1,0,
12811,1,{'train': 1},1,0,
12823,4,{'train': 4},1,3,DUPLICATE_NEAR
12813,1,{'train': 1},1,0,
12822,3,{'train': 3},1,2,DUPLICATE_NEAR
12815,1,{'train': 1},1,0,
12824,1,{'train': 1},1,0,
12832,3,{'train': 3},1,2,DUPLICATE_NEAR
12826,1,{'train': 1},1,0,
12827,1,{'train': 1},1,0,
12828,1,{'train': 1},1,0,
12829,1,{'train': 1},1,0,
12833,1,{'train': 1},1,0,
12835,1,{'train': 1},1,0,
12836,1,{'train': 1},1,0,
12841,3,{'train': 3},1,2,DUPLICATE_NEAR
12838,1,{'train': 1},1,0,
12839,1,{'train': 1},1,0,
12842,1,{'train': 1},1,0,
12844,1,{'train': 1},1,0,
12846,1,{'train': 1},1,0,
12848,1,{'train': 1},1,0,
12849,1,{'train': 1},1,0,
12850,1,{'train': 1},1,0,
12851,1,{'train': 1},1,0,
12852,1,{'train': 1},1,0,
12853,1,{'train': 1},1,0,
12854,1,{'train': 1},1,0,
12860,3,{'train': 3},1,2,DUPLICATE_NEAR
12859,2,{'train': 2},2,0,
12861,2,{'train': 2},2,0,
12862,1,{'train': 1},1,0,
12863,1,{'train': 1},1,0,
12864,1,{'train': 1},1,0,
12865,1,{'train': 1},1,0,
12866,1,{'train': 1},1,0,
12867,1,{'train': 1},1,0,
12871,1,{'train': 1},1,0,
12873,1,{'train': 1},1,0,
12874,1,{'train': 1},1,0,
12876,1,{'train': 1},1,0,
12878,1,{'train': 1},1,0,
12879,1,{'train': 1},1,0,
12880,1,{'train': 1},1,0,
12881,1,{'train': 1},1,0,
12882,1,{'train': 1},1,0,
12885,2,{'train': 2},2,0,
12884,1,{'train': 1},1,0,
12886,1,{'train': 1},1,0,
12887,1,{'train': 1},1,0,
12888,1,{'train': 1},1,0,
12889,1,{'train': 1},1,0,
12890,1,{'train': 1},1,0,
12891,1,{'train': 1},1,0,
12892,1,{'train': 1},1,0,
12893,1,{'train': 1},1,0,
12894,1,{'train': 1},1,0,
12896,2,{'train': 2},2,0,
12897,1,{'train': 1},1,0,
12898,1,{'train': 1},1,0,
12899,1,{'train': 1},1,0,
12900,1,{'train': 1},1,0,
12901,1,{'train': 1},1,0,
12902,1,{'train': 1},1,0,
12903,1,{'train': 1},1,0,
12904,1,{'train': 1},1,0,
12907,1,{'train': 1},1,0,
12908,1,{'train': 1},1,0,
12909,1,{'train': 1},1,0,
12910,1,{'train': 1},1,0,
12911,1,{'train': 1},1,0,
12912,1,{'train': 1},1,0,
12913,1,{'train': 1},1,0,
12925,2,{'train': 2},2,0,
12916,2,{'train': 2},2,0,
12917,1,{'train': 1},1,0,
12920,2,{'train': 2},2,0,
12921,1,{'train': 1},1,0,
12922,1,{'train': 1},1,0,
12923,1,{'train': 1},1,0,
12937,2,{'train': 2},2,0,
12936,3,{'train': 3},1,2,DUPLICATE_NEAR
12931,1,{'train': 1},1,0,
12935,1,{'train': 1},1,0,
12938,1,{'train': 1},1,0,
12946,4,{'train': 4},1,3,DUPLICATE_NEAR
12943,1,{'train': 1},1,0,
12948,2,{'train': 2},2,0,
12950,2,{'train': 2},2,0,
12949,1,{'train': 1},1,0,
12953,1,{'train': 1},1,0,
12954,1,{'train': 1},1,0,
12955,1,{'train': 1},1,0,
12956,1,{'train': 1},1,0,
12960,2,{'train': 2},2,0,
12958,1,{'train': 1},1,0,
12959,1,{'train': 1},1,0,
12961,1,{'train': 1},1,0,
12962,1,{'train': 1},1,0,
12963,1,{'train': 1},1,0,
12964,1,{'train': 1},1,0,
12966,1,{'train': 1},1,0,
12970,2,{'train': 2},2,0,
12969,1,{'train': 1},1,0,
12972,1,{'train': 1},1,0,
12973,1,{'train': 1},1,0,
12975,1,{'train': 1},1,0,
12976,1,{'train': 1},1,0,
12977,1,{'train': 1},1,0,
12978,1,{'train': 1},1,0,
12981,1,{'train': 1},1,0,
12984,3,{'train': 3},1,2,DUPLICATE_NEAR
12983,1,{'train': 1},1,0,
12992,2,{'train': 2},2,0,
12986,1,{'train': 1},1,0,
12991,5,{'train': 5},1,4,DUPLICATE_NEAR
12990,1,{'train': 1},1,0,
12999,2,{'train': 2},2,0,
12998,1,{'train': 1},1,0,
13001,1,{'train': 1},1,0,
13002,1,{'train': 1},1,0,
13006,2,{'train': 2},2,0,
13004,1,{'train': 1},1,0,
13005,1,{'train': 1},1,0,
13008,1,{'train': 1},1,0,
13009,1,{'train': 1},1,0,
13010,1,{'train': 1},1,0,
13011,1,{'train': 1},1,0,
13012,1,{'train': 1},1,0,
13020,2,{'train': 2},2,0,
13014,1,{'train': 1},1,0,
13018,1,{'train': 1},1,0,
13021,1,{'train': 1},1,0,
13022,1,{'train': 1},1,0,
13026,2,{'train': 2},2,0,
41655,2,"{'train': 1, 'val': 1}",1,1,CROSS_SPLIT_NEARDUP_LEAKAGE
13027,1,{'train': 1},1,0,
13032,2,{'train': 2},2,0,
13029,1,{'train': 1},1,0,
13031,2,{'train': 2},2,0,
13041,3,{'train': 3},1,2,DUPLICATE_NEAR
13039,2,{'train': 2},2,0,
13046,2,{'train': 2},2,0,
13036,1,{'train': 1},1,0,
13037,1,{'train': 1},1,0,
13038,1,{'train': 1},1,0,
13042,1,{'train': 1},1,0,
13043,1,{'train': 1},1,0,
13044,1,{'train': 1},1,0,
13045,1,{'train': 1},1,0,
13047,1,{'train': 1},1,0,
13048,1,{'train': 1},1,0,
13049,1,{'train': 1},1,0,
13050,1,{'train': 1},1,0,
13052,1,{'train': 1},1,0,
13053,1,{'train': 1},1,0,
13054,1,{'train': 1},1,0,
13072,2,{'train': 2},2,0,
13071,3,{'train': 3},1,2,DUPLICATE_NEAR
13057,1,{'train': 1},1,0,
13061,3,{'train': 3},1,2,DUPLICATE_NEAR
13069,2,{'train': 2},2,0,
13064,1,{'train': 1},1,0,
13065,1,{'train': 1},1,0,
13067,1,{'train': 1},1,0,
13068,1,{'train': 1},1,0,
13070,1,{'train': 1},1,0,
13075,1,{'train': 1},1,0,
13076,1,{'train': 1},1,0,
13078,1,{'train': 1},1,0,
13080,1,{'train': 1},1,0,
13082,1,{'train': 1},1,0,
13083,1,{'train': 1},1,0,
13086,1,{'train': 1},1,0,
13087,1,{'train': 1},1,0,
13088,1,{'train': 1},1,0,
13089,1,{'train': 1},1,0,
13092,1,{'train': 1},1,0,
13093,1,{'train': 1},1,0,
13103,2,{'train': 2},2,0,
13095,1,{'train': 1},1,0,
13104,2,{'train': 2},2,0,
13098,1,{'train': 1},1,0,
13099,1,{'train': 1},1,0,
13100,1,{'train': 1},1,0,
13108,3,{'train': 3},1,2,DUPLICATE_NEAR
13106,1,{'train': 1},1,0,
13115,2,{'train': 2},2,0,
13110,1,{'train': 1},1,0,
13111,1,{'train': 1},1,0,
13112,1,{'train': 1},1,0,
13113,1,{'train': 1},1,0,
13114,1,{'train': 1},1,0,
13116,1,{'train': 1},1,0,
47034,4,"{'train': 3, 'test': 1}",1,3,CROSS_SPLIT_NEARDUP_LEAKAGE;DUPLICATE_NEAR
13118,1,{'train': 1},1,0,
13120,1,{'train': 1},1,0,
13121,1,{'train': 1},1,0,
13123,2,{'train': 2},2,0,
13125,1,{'train': 1},1,0,
13127,2,{'train': 2},2,0,
13128,1,{'train': 1},1,0,
13138,2,{'train': 2},2,0,
13131,1,{'train': 1},1,0,
13135,1,{'train': 1},1,0,
13136,1,{'train': 1},1,0,
13137,1,{'train': 1},1,0,
13145,2,{'train': 2},2,0,
13143,1,{'train': 1},1,0,
13144,1,{'train': 1},1,0,
13146,1,{'train': 1},1,0,
13147,1,{'train': 1},1,0,
13148,1,{'train': 1},1,0,
13151,1,{'train': 1},1,0,
13161,2,{'train': 2},2,0,
13155,1,{'train': 1},1,0,
13156,1,{'train': 1},1,0,
13158,1,{'train': 1},1,0,
13159,1,{'train': 1},1,0,
13160,1,{'train': 1},1,0,
13165,3,{'train': 3},1,2,DUPLICATE_NEAR
13171,2,{'train': 2},2,0,
13166,1,{'train': 1},1,0,
13167,1,{'train': 1},1,0,
13168,1,{'train': 1},1,0,
13169,1,{'train': 1},1,0,
13170,1,{'train': 1},1,0,
13176,3,{'train': 3},1,2,DUPLICATE_NEAR
13174,1,{'train': 1},1,0,
13175,1,{'train': 1},1,0,
13191,4,{'train': 4},1,3,DUPLICATE_NEAR
13179,1,{'train': 1},1,0,
13187,2,{'train': 2},2,0,
13181,1,{'train': 1},1,0,
13185,2,{'train': 2},2,0,
13183,1,{'train': 1},1,0,
13184,1,{'train': 1},1,0,
13188,1,{'train': 1},1,0,
13189,1,{'train': 1},1,0,
13190,1,{'train': 1},1,0,
13192,1,{'train': 1},1,0,
13194,1,{'train': 1},1,0,
13195,1,{'train': 1},1,0,
13197,1,{'train': 1},1,0,
13198,1,{'train': 1},1,0,
13199,1,{'train': 1},1,0,
13201,2,{'train': 2},2,0,
13202,1,{'train': 1},1,0,
13203,1,{'train': 1},1,0,
13204,1,{'train': 1},1,0,
13205,1,{'train': 1},1,0,
13206,1,{'train': 1},1,0,
13208,1,{'train': 1},1,0,
13209,1,{'train': 1},1,0,
13218,4,{'train': 4},1,3,DUPLICATE_NEAR
13217,3,{'train': 3},1,2,DUPLICATE_NEAR
13220,2,{'train': 2},2,0,
13216,1,{'train': 1},1,0,
13221,1,{'train': 1},1,0,
13222,1,{'train': 1},1,0,
13223,1,{'train': 1},1,0,
13224,1,{'train': 1},1,0,
13225,1,{'train': 1},1,0,
13226,1,{'train': 1},1,0,
13227,1,{'train': 1},1,0,
13228,1,{'train': 1},1,0,
13229,1,{'train': 1},1,0,
13230,1,{'train': 1},1,0,
13233,2,{'train': 2},2,0,
13232,1,{'train': 1},1,0,
13234,1,{'train': 1},1,0,
13235,1,{'train': 1},1,0,
13236,1,{'train': 1},1,0,
13237,1,{'train': 1},1,0,
13238,1,{'train': 1},1,0,
13246,2,{'train': 2},2,0,
13240,1,{'train': 1},1,0,
13245,2,{'train': 2},2,0,
13242,1,{'train': 1},1,0,
13243,1,{'train': 1},1,0,
13244,1,{'train': 1},1,0,
13251,2,{'train': 2},2,0,
13248,1,{'train': 1},1,0,
13250,2,{'train': 2},2,0,
13255,2,{'train': 2},2,0,
13254,1,{'train': 1},1,0,
13256,1,{'train': 1},1,0,
13257,1,{'train': 1},1,0,
13259,1,{'train': 1},1,0,
13260,1,{'train': 1},1,0,
13263,3,{'train': 3},1,2,DUPLICATE_NEAR
13264,1,{'train': 1},1,0,
13265,1,{'train': 1},1,0,
13270,2,{'train': 2},2,0,
13267,1,{'train': 1},1,0,
13271,2,{'train': 2},2,0,
13269,1,{'train': 1},1,0,
13272,1,{'train': 1},1,0,
13273,1,{'train': 1},1,0,
13275,1,{'train': 1},1,0,
13276,1,{'train': 1},1,0,
13277,1,{'train': 1},1,0,
13295,4,{'train': 4},1,3,DUPLICATE_NEAR
13279,1,{'train': 1},1,0,
13280,1,{'train': 1},1,0,
13292,2,{'train': 2},2,0,
13288,5,{'train': 5},1,4,DUPLICATE_NEAR
13285,1,{'train': 1},1,0,
13287,1,{'train': 1},1,0,
13289,1,{'train': 1},1,0,
13291,1,{'train': 1},1,0,
13293,1,{'train': 1},1,0,
13296,1,{'train': 1},1,0,
13301,2,{'train': 2},2,0,
13299,2,{'train': 2},2,0,
13300,1,{'train': 1},1,0,
13308,4,{'train': 4},1,3,DUPLICATE_NEAR
13303,1,{'train': 1},1,0,
13305,1,{'train': 1},1,0,
13309,1,{'train': 1},1,0,
13310,1,{'train': 1},1,0,
13321,3,{'train': 3},1,2,DUPLICATE_NEAR
13313,1,{'train': 1},1,0,
13314,1,{'train': 1},1,0,
13318,1,{'train': 1},1,0,
13320,1,{'train': 1},1,0,
13323,1,{'train': 1},1,0,
13327,1,{'train': 1},1,0,
13328,1,{'train': 1},1,0,
13329,1,{'train': 1},1,0,
13333,1,{'train': 1},1,0,
13334,1,{'train': 1},1,0,
13335,1,{'train': 1},1,0,
13336,1,{'train': 1},1,0,
13338,1,{'train': 1},1,0,
13346,3,{'train': 3},1,2,DUPLICATE_NEAR
13340,1,{'train': 1},1,0,
13341,1,{'train': 1},1,0,
13342,1,{'train': 1},1,0,
13343,1,{'train': 1},1,0,
13344,1,{'train': 1},1,0,
13347,1,{'train': 1},1,0,
13349,1,{'train': 1},1,0,
13359,2,{'train': 2},2,0,
13352,1,{'train': 1},1,0,
13354,1,{'train': 1},1,0,
13355,1,{'train': 1},1,0,
13358,1,{'train': 1},1,0,
13360,1,{'train': 1},1,0,
13361,1,{'train': 1},1,0,
13362,1,{'train': 1},1,0,
13365,2,{'train': 2},2,0,
13367,1,{'train': 1},1,0,
13369,1,{'train': 1},1,0,
13371,1,{'train': 1},1,0,
13374,2,{'train': 2},2,0,
13375,1,{'train': 1},1,0,
13381,3,{'train': 3},1,2,DUPLICATE_NEAR
13380,1,{'train': 1},1,0,
13382,1,{'train': 1},1,0,
13384,1,{'train': 1},1,0,
13385,1,{'train': 1},1,0,
13386,1,{'train': 1},1,0,
13387,1,{'train': 1},1,0,
13388,1,{'train': 1},1,0,
13392,1,{'train': 1},1,0,
13401,2,{'train': 2},2,0,
13397,1,{'train': 1},1,0,
13398,1,{'train': 1},1,0,
13399,1,{'train': 1},1,0,
13400,1,{'train': 1},1,0,
13408,2,{'train': 2},2,0,
13403,1,{'train': 1},1,0,
13404,1,{'train': 1},1,0,
13405,1,{'train': 1},1,0,
13406,1,{'train': 1},1,0,
13407,1,{'train': 1},1,0,
13410,2,{'train': 2},2,0,
13415,2,{'train': 2},2,0,
13412,1,{'train': 1},1,0,
13414,2,{'train': 2},2,0,
13423,3,{'train': 3},1,2,DUPLICATE_NEAR
13421,3,{'train': 3},1,2,DUPLICATE_NEAR
13420,1,{'train': 1},1,0,
13425,2,{'train': 2},2,0,
13427,1,{'train': 1},1,0,
13428,1,{'train': 1},1,0,
13429,1,{'train': 1},1,0,
13430,1,{'train': 1},1,0,
13433,1,{'train': 1},1,0,
13434,1,{'train': 1},1,0,
13435,1,{'train': 1},1,0,
13436,1,{'train': 1},1,0,
13437,1,{'train': 1},1,0,
13438,1,{'train': 1},1,0,
13441,1,{'train': 1},1,0,
13442,1,{'train': 1},1,0,
13443,1,{'train': 1},1,0,
13461,2,{'train': 2},2,0,
13460,2,{'train': 2},2,0,
13447,1,{'train': 1},1,0,
13453,2,{'train': 2},2,0,
13449,1,{'train': 1},1,0,
13459,3,{'train': 3},1,2,DUPLICATE_NEAR
13454,1,{'train': 1},1,0,
13455,1,{'train': 1},1,0,
13463,2,{'train': 2},2,0,
13464,1,{'train': 1},1,0,
13465,1,{'train': 1},1,0,
13467,1,{'train': 1},1,0,
13474,3,{'train': 3},1,2,DUPLICATE_NEAR
13471,1,{'train': 1},1,0,
13472,1,{'train': 1},1,0,
13473,1,{'train': 1},1,0,
13475,1,{'train': 1},1,0,
13485,3,{'train': 3},1,2,DUPLICATE_NEAR
13477,1,{'train': 1},1,0,
13478,1,{'train': 1},1,0,
13479,1,{'train': 1},1,0,
13486,2,{'train': 2},2,0,
13487,1,{'train': 1},1,0,
13488,1,{'train': 1},1,0,
13489,1,{'train': 1},1,0,
13491,1,{'train': 1},1,0,
13498,3,{'train': 3},1,2,DUPLICATE_NEAR
13493,1,{'train': 1},1,0,
13494,1,{'train': 1},1,0,
18367,2,{'train': 2},2,0,
13499,1,{'train': 1},1,0,
13505,2,{'train': 2},2,0,
13507,3,{'train': 3},1,2,DUPLICATE_NEAR
13503,1,{'train': 1},1,0,
13504,1,{'train': 1},1,0,
13506,1,{'train': 1},1,0,
13508,1,{'train': 1},1,0,
13509,1,{'train': 1},1,0,
13516,3,{'train': 3},1,2,DUPLICATE_NEAR
13512,1,{'train': 1},1,0,
13513,1,{'train': 1},1,0,
13514,1,{'train': 1},1,0,
13518,1,{'train': 1},1,0,
13519,1,{'train': 1},1,0,
13520,1,{'train': 1},1,0,
13536,3,{'train': 3},1,2,DUPLICATE_NEAR
13523,1,{'train': 1},1,0,
13525,1,{'train': 1},1,0,
13526,1,{'train': 1},1,0,
13531,3,{'train': 3},1,2,DUPLICATE_NEAR
13529,1,{'train': 1},1,0,
14552,3,{'train': 3},1,2,DUPLICATE_NEAR
13534,1,{'train': 1},1,0,
13535,1,{'train': 1},1,0,
13537,1,{'train': 1},1,0,
13538,1,{'train': 1},1,0,
13539,1,{'train': 1},1,0,
13541,1,{'train': 1},1,0,
13542,1,{'train': 1},1,0,
13544,1,{'train': 1},1,0,
13545,1,{'train': 1},1,0,
13546,1,{'train': 1},1,0,
13547,1,{'train': 1},1,0,
13548,1,{'train': 1},1,0,
13549,1,{'train': 1},1,0,
13550,1,{'train': 1},1,0,
13551,1,{'train': 1},1,0,
13552,1,{'train': 1},1,0,
13553,1,{'train': 1},1,0,
13554,1,{'train': 1},1,0,
13555,1,{'train': 1},1,0,
13556,1,{'train': 1},1,0,
13557,1,{'train': 1},1,0,
13558,1,{'train': 1},1,0,
13562,3,{'train': 3},1,2,DUPLICATE_NEAR
13560,1,{'train': 1},1,0,
13563,1,{'train': 1},1,0,
13565,1,{'train': 1},1,0,
13566,1,{'train': 1},1,0,
13573,3,{'train': 3},1,2,DUPLICATE_NEAR
13569,1,{'train': 1},1,0,
13572,2,{'train': 2},2,0,
13575,1,{'train': 1},1,0,
13576,1,{'train': 1},1,0,
13578,1,{'train': 1},1,0,
13592,2,{'train': 2},2,0,
13580,1,{'train': 1},1,0,
13589,2,{'train': 2},2,0,
13582,1,{'train': 1},1,0,
13583,1,{'train': 1},1,0,
13586,1,{'train': 1},1,0,
13587,1,{'train': 1},1,0,
13588,1,{'train': 1},1,0,
13590,1,{'train': 1},1,0,
13591,1,{'train': 1},1,0,
13593,1,{'train': 1},1,0,
13594,1,{'train': 1},1,0,
13601,2,{'train': 2},2,0,
13602,3,{'train': 3},1,2,DUPLICATE_NEAR
13599,1,{'train': 1},1,0,
13600,1,{'train': 1},1,0,
13603,1,{'train': 1},1,0,
13604,1,{'train': 1},1,0,
13605,1,{'train': 1},1,0,
13606,1,{'train': 1},1,0,
13607,1,{'train': 1},1,0,
13608,1,{'train': 1},1,0,
13609,1,{'train': 1},1,0,
13610,1,{'train': 1},1,0,
13615,3,{'train': 3},1,2,DUPLICATE_NEAR
13614,1,{'train': 1},1,0,
13616,1,{'train': 1},1,0,
13618,1,{'train': 1},1,0,
13620,1,{'train': 1},1,0,
13621,1,{'train': 1},1,0,
13623,2,{'train': 2},2,0,
13630,2,{'train': 2},2,0,
13628,2,{'train': 2},2,0,
13626,1,{'train': 1},1,0,
13627,1,{'train': 1},1,0,
13629,1,{'train': 1},1,0,
13635,3,{'train': 3},1,2,DUPLICATE_NEAR
13633,2,{'train': 2},2,0,
13634,1,{'train': 1},1,0,
13636,1,{'train': 1},1,0,
13639,1,{'train': 1},1,0,
13640,1,{'train': 1},1,0,
13647,2,{'train': 2},2,0,
13646,2,{'train': 2},2,0,
13644,1,{'train': 1},1,0,
13645,1,{'train': 1},1,0,
13648,1,{'train': 1},1,0,
13659,2,{'train': 2},2,0,
13651,1,{'train': 1},1,0,
13653,1,{'train': 1},1,0,
13655,1,{'train': 1},1,0,
13657,1,{'train': 1},1,0,
13660,1,{'train': 1},1,0,
13666,4,{'train': 4},1,3,DUPLICATE_NEAR
13662,1,{'train': 1},1,0,
13667,1,{'train': 1},1,0,
13668,1,{'train': 1},1,0,
13669,1,{'train': 1},1,0,
13670,1,{'train': 1},1,0,
13671,1,{'train': 1},1,0,
13676,2,{'train': 2},2,0,
13674,1,{'train': 1},1,0,
13678,1,{'train': 1},1,0,
13680,1,{'train': 1},1,0,
13681,1,{'train': 1},1,0,
13682,1,{'train': 1},1,0,
13683,1,{'train': 1},1,0,
13684,1,{'train': 1},1,0,
13687,1,{'train': 1},1,0,
13688,1,{'train': 1},1,0,
13689,1,{'train': 1},1,0,
13698,4,{'train': 4},1,3,DUPLICATE_NEAR
13691,1,{'train': 1},1,0,
13694,1,{'train': 1},1,0,
13695,1,{'train': 1},1,0,
13697,2,{'train': 2},2,0,
13699,1,{'train': 1},1,0,
13712,2,{'train': 2},2,0,
13707,2,{'train': 2},2,0,
13708,1,{'train': 1},1,0,
13709,1,{'train': 1},1,0,
13714,1,{'train': 1},1,0,
13718,1,{'train': 1},1,0,
13719,1,{'train': 1},1,0,
13720,1,{'train': 1},1,0,
13730,3,{'train': 3},1,2,DUPLICATE_NEAR
13722,1,{'train': 1},1,0,
13726,1,{'train': 1},1,0,
13727,1,{'train': 1},1,0,
13728,1,{'train': 1},1,0,
13729,1,{'train': 1},1,0,
13731,1,{'train': 1},1,0,
13734,2,{'train': 2},2,0,
13740,4,{'train': 4},1,3,DUPLICATE_NEAR
13735,1,{'train': 1},1,0,
13736,1,{'train': 1},1,0,
13742,2,{'train': 2},2,0,
13741,1,{'train': 1},1,0,
13743,1,{'train': 1},1,0,
13744,1,{'train': 1},1,0,
13745,1,{'train': 1},1,0,
13752,2,{'train': 2},2,0,
13748,1,{'train': 1},1,0,
13749,1,{'train': 1},1,0,
13751,1,{'train': 1},1,0,
13753,1,{'train': 1},1,0,
13756,1,{'train': 1},1,0,
13758,1,{'train': 1},1,0,
13759,1,{'train': 1},1,0,
13760,1,{'train': 1},1,0,
13761,1,{'train': 1},1,0,
13762,1,{'train': 1},1,0,
13763,1,{'train': 1},1,0,
13765,2,{'train': 2},2,0,
13768,2,{'train': 2},2,0,
13772,3,{'train': 3},1,2,DUPLICATE_NEAR
13771,1,{'train': 1},1,0,
13773,1,{'train': 1},1,0,
13775,2,{'train': 2},2,0,
13776,1,{'train': 1},1,0,
13786,3,{'train': 3},1,2,DUPLICATE_NEAR
13781,2,{'train': 2},2,0,
13779,1,{'train': 1},1,0,
13780,1,{'train': 1},1,0,
13782,1,{'train': 1},1,0,
13784,1,{'train': 1},1,0,
13785,1,{'train': 1},1,0,
13787,1,{'train': 1},1,0,
13792,1,{'train': 1},1,0,
13801,2,{'train': 2},2,0,
13795,1,{'train': 1},1,0,
13796,1,{'train': 1},1,0,
13798,2,{'train': 2},2,0,
13799,1,{'train': 1},1,0,
13800,1,{'train': 1},1,0,
13802,1,{'train': 1},1,0,
13805,2,{'train': 2},2,0,
13804,1,{'train': 1},1,0,
13806,1,{'train': 1},1,0,
13807,1,{'train': 1},1,0,
13808,1,{'train': 1},1,0,
13809,1,{'train': 1},1,0,
13810,1,{'train': 1},1,0,
13811,1,{'train': 1},1,0,
13812,1,{'train': 1},1,0,
13817,2,{'train': 2},2,0,
13816,3,{'train': 3},1,2,DUPLICATE_NEAR
13821,2,{'train': 2},2,0,
13819,1,{'train': 1},1,0,
13820,1,{'train': 1},1,0,
13822,1,{'train': 1},1,0,
13823,1,{'train': 1},1,0,
13831,3,{'train': 3},1,2,DUPLICATE_NEAR
13825,1,{'train': 1},1,0,
13826,1,{'train': 1},1,0,
13828,1,{'train': 1},1,0,
13830,1,{'train': 1},1,0,
13836,1,{'train': 1},1,0,
13837,1,{'train': 1},1,0,
13844,2,{'train': 2},2,0,
13847,3,{'train': 3},1,2,DUPLICATE_NEAR
13843,1,{'train': 1},1,0,
13846,1,{'train': 1},1,0,
13848,1,{'train': 1},1,0,
13850,1,{'train': 1},1,0,
13851,1,{'train': 1},1,0,
13853,1,{'train': 1},1,0,
13862,2,{'train': 2},2,0,
13855,1,{'train': 1},1,0,
13856,1,{'train': 1},1,0,
13857,1,{'train': 1},1,0,
13859,1,{'train': 1},1,0,
13860,1,{'train': 1},1,0,
13861,1,{'train': 1},1,0,
13863,1,{'train': 1},1,0,
13865,1,{'train': 1},1,0,
13872,3,{'train': 3},1,2,DUPLICATE_NEAR
13867,1,{'train': 1},1,0,
13868,1,{'train': 1},1,0,
13869,1,{'train': 1},1,0,
13878,3,{'train': 3},1,2,DUPLICATE_NEAR
13874,1,{'train': 1},1,0,
13875,1,{'train': 1},1,0,
13877,1,{'train': 1},1,0,
13879,1,{'train': 1},1,0,
13887,3,{'train': 3},1,2,DUPLICATE_NEAR
13885,3,{'train': 3},1,2,DUPLICATE_NEAR
13882,1,{'train': 1},1,0,
13886,1,{'train': 1},1,0,
13888,1,{'train': 1},1,0,
13889,1,{'train': 1},1,0,
13890,1,{'train': 1},1,0,
13891,1,{'train': 1},1,0,
13893,2,{'train': 2},2,0,
13895,1,{'train': 1},1,0,
13896,1,{'train': 1},1,0,
13897,1,{'train': 1},1,0,
13899,1,{'train': 1},1,0,
13900,1,{'train': 1},1,0,
13901,1,{'train': 1},1,0,
13902,1,{'train': 1},1,0,
13903,1,{'train': 1},1,0,
13906,2,{'train': 2},2,0,
13905,1,{'train': 1},1,0,
13907,1,{'train': 1},1,0,
13908,1,{'train': 1},1,0,
13914,3,{'train': 3},1,2,DUPLICATE_NEAR
13911,1,{'train': 1},1,0,
13912,1,{'train': 1},1,0,
13913,1,{'train': 1},1,0,
13915,1,{'train': 1},1,0,
13919,2,{'train': 2},2,0,
13917,1,{'train': 1},1,0,
13918,1,{'train': 1},1,0,
13920,1,{'train': 1},1,0,
13926,4,{'train': 4},1,3,DUPLICATE_NEAR
13922,1,{'train': 1},1,0,
13925,1,{'train': 1},1,0,
13938,3,{'train': 3},1,2,DUPLICATE_NEAR
13928,1,{'train': 1},1,0,
13934,2,{'train': 2},2,0,
13935,2,{'train': 2},2,0,
13936,1,{'train': 1},1,0,
13937,1,{'train': 1},1,0,
13958,2,{'train': 2},2,0,
13954,3,{'train': 3},1,2,DUPLICATE_NEAR
13953,3,{'train': 3},1,2,DUPLICATE_NEAR
13942,1,{'train': 1},1,0,
13943,1,{'train': 1},1,0,
13946,1,{'train': 1},1,0,
13947,1,{'train': 1},1,0,
13959,3,{'train': 3},1,2,DUPLICATE_NEAR
13951,1,{'train': 1},1,0,
13952,1,{'train': 1},1,0,
13955,1,{'train': 1},1,0,
13956,1,{'train': 1},1,0,
13960,1,{'train': 1},1,0,
13961,1,{'train': 1},1,0,
13963,2,{'train': 2},2,0,
13965,2,{'train': 2},2,0,
13966,1,{'train': 1},1,0,
13967,1,{'train': 1},1,0,
13970,2,{'train': 2},2,0,
13969,1,{'train': 1},1,0,
13971,1,{'train': 1},1,0,
13972,1,{'train': 1},1,0,
13974,2,{'train': 2},2,0,
13975,1,{'train': 1},1,0,
13976,1,{'train': 1},1,0,
13977,1,{'train': 1},1,0,
13978,1,{'train': 1},1,0,
47139,2,"{'train': 1, 'test': 1}",1,1,CROSS_SPLIT_NEARDUP_LEAKAGE
13983,2,{'train': 2},2,0,
13984,2,{'train': 2},2,0,
13985,1,{'train': 1},1,0,
13998,3,{'train': 3},1,2,DUPLICATE_NEAR
13997,2,{'train': 2},2,0,
13988,1,{'train': 1},1,0,
13990,3,{'train': 3},1,2,DUPLICATE_NEAR
13991,1,{'train': 1},1,0,
13992,1,{'train': 1},1,0,
13993,1,{'train': 1},1,0,
13994,1,{'train': 1},1,0,
13996,1,{'train': 1},1,0,
14000,1,{'train': 1},1,0,
14007,4,{'train': 4},1,3,DUPLICATE_NEAR
14004,1,{'train': 1},1,0,
14008,1,{'train': 1},1,0,
14009,1,{'train': 1},1,0,
14010,1,{'train': 1},1,0,
14018,2,{'train': 2},2,0,
14012,1,{'train': 1},1,0,
14013,1,{'train': 1},1,0,
14014,1,{'train': 1},1,0,
14015,1,{'train': 1},1,0,
14021,3,{'train': 3},1,2,DUPLICATE_NEAR
14017,1,{'train': 1},1,0,
14020,1,{'train': 1},1,0,
14022,1,{'train': 1},1,0,
14023,1,{'train': 1},1,0,
14024,1,{'train': 1},1,0,
14025,1,{'train': 1},1,0,
41833,4,"{'train': 1, 'val': 3}",1,3,CROSS_SPLIT_NEARDUP_LEAKAGE;DUPLICATE_NEAR
14027,1,{'train': 1},1,0,
14028,1,{'train': 1},1,0,
14033,1,{'train': 1},1,0,
14034,1,{'train': 1},1,0,
14036,1,{'train': 1},1,0,
14038,1,{'train': 1},1,0,
14048,5,{'train': 5},1,4,DUPLICATE_NEAR
14040,1,{'train': 1},1,0,
14043,1,{'train': 1},1,0,
14045,1,{'train': 1},1,0,
14046,1,{'train': 1},1,0,
14047,1,{'train': 1},1,0,
14049,1,{'train': 1},1,0,
14051,1,{'train': 1},1,0,
14053,1,{'train': 1},1,0,
14054,1,{'train': 1},1,0,
14056,1,{'train': 1},1,0,
14058,1,{'train': 1},1,0,
14059,1,{'train': 1},1,0,
14060,1,{'train': 1},1,0,
14065,2,{'train': 2},2,0,
14062,1,{'train': 1},1,0,
14063,1,{'train': 1},1,0,
14064,1,{'train': 1},1,0,
14066,1,{'train': 1},1,0,
14067,1,{'train': 1},1,0,
14078,5,{'train': 5},1,4,DUPLICATE_NEAR
14069,1,{'train': 1},1,0,
14070,1,{'train': 1},1,0,
14071,1,{'train': 1},1,0,
14072,1,{'train': 1},1,0,
14073,1,{'train': 1},1,0,
14075,1,{'train': 1},1,0,
14077,1,{'train': 1},1,0,
14079,1,{'train': 1},1,0,
14080,1,{'train': 1},1,0,
14082,1,{'train': 1},1,0,
14084,1,{'train': 1},1,0,
14087,1,{'train': 1},1,0,
14091,2,{'train': 2},2,0,
14090,1,{'train': 1},1,0,
14092,1,{'train': 1},1,0,
14093,1,{'train': 1},1,0,
14102,2,{'train': 2},2,0,
14099,3,{'train': 3},1,2,DUPLICATE_NEAR
14096,1,{'train': 1},1,0,
14097,1,{'train': 1},1,0,
14098,1,{'train': 1},1,0,
14100,1,{'train': 1},1,0,
14103,2,{'train': 2},2,0,
14111,5,{'train': 5},1,4,DUPLICATE_NEAR
14108,1,{'train': 1},1,0,
14114,2,{'train': 2},2,0,
14110,1,{'train': 1},1,0,
14112,1,{'train': 1},1,0,
14115,1,{'train': 1},1,0,
14116,1,{'train': 1},1,0,
14121,4,{'train': 4},1,3,DUPLICATE_NEAR
14119,1,{'train': 1},1,0,
14120,1,{'train': 1},1,0,
14122,1,{'train': 1},1,0,
14123,1,{'train': 1},1,0,
14124,1,{'train': 1},1,0,
14125,1,{'train': 1},1,0,
14126,1,{'train': 1},1,0,
14127,1,{'train': 1},1,0,
14130,2,{'train': 2},2,0,
14134,2,{'train': 2},2,0,
14132,1,{'train': 1},1,0,
14137,1,{'train': 1},1,0,
14139,1,{'train': 1},1,0,
14140,1,{'train': 1},1,0,
14141,1,{'train': 1},1,0,
14142,1,{'train': 1},1,0,
14143,1,{'train': 1},1,0,
14144,1,{'train': 1},1,0,
14147,1,{'train': 1},1,0,
14148,1,{'train': 1},1,0,
14149,1,{'train': 1},1,0,
14150,1,{'train': 1},1,0,
14152,1,{'train': 1},1,0,
14156,1,{'train': 1},1,0,
14157,1,{'train': 1},1,0,
14171,3,{'train': 3},1,2,DUPLICATE_NEAR
14161,2,{'train': 2},2,0,
14160,1,{'train': 1},1,0,
14169,2,{'train': 2},2,0,
14164,1,{'train': 1},1,0,
14166,1,{'train': 1},1,0,
14167,1,{'train': 1},1,0,
14170,1,{'train': 1},1,0,
14173,1,{'train': 1},1,0,
14175,1,{'train': 1},1,0,
14176,1,{'train': 1},1,0,
14184,3,{'train': 3},1,2,DUPLICATE_NEAR
14180,3,{'train': 3},1,2,DUPLICATE_NEAR
14181,1,{'train': 1},1,0,
14183,1,{'train': 1},1,0,
14185,1,{'train': 1},1,0,
42621,3,"{'train': 2, 'val': 1}",2,1,CROSS_SPLIT_NEARDUP_LEAKAGE
14193,5,{'train': 5},1,4,DUPLICATE_NEAR
14189,1,{'train': 1},1,0,
14194,1,{'train': 1},1,0,
14195,1,{'train': 1},1,0,
17859,2,{'train': 2},2,0,
14197,1,{'train': 1},1,0,
14198,1,{'train': 1},1,0,
14204,3,{'train': 3},1,2,DUPLICATE_NEAR
14205,2,{'train': 2},2,0,
14203,1,{'train': 1},1,0,
14206,1,{'train': 1},1,0,
14218,2,{'train': 2},2,0,
14208,1,{'train': 1},1,0,
14209,1,{'train': 1},1,0,
14210,1,{'train': 1},1,0,
14211,1,{'train': 1},1,0,
14212,1,{'train': 1},1,0,
14213,1,{'train': 1},1,0,
14214,1,{'train': 1},1,0,
14215,1,{'train': 1},1,0,
14216,1,{'train': 1},1,0,
14217,1,{'train': 1},1,0,
14224,3,{'train': 3},1,2,DUPLICATE_NEAR
14222,1,{'train': 1},1,0,
14223,1,{'train': 1},1,0,
14225,1,{'train': 1},1,0,
14228,3,{'train': 3},1,2,DUPLICATE_NEAR
14230,1,{'train': 1},1,0,
14233,1,{'train': 1},1,0,
19600,5,{'train': 5},1,4,DUPLICATE_NEAR
14239,2,{'train': 2},2,0,
14242,2,{'train': 2},2,0,
14253,2,{'train': 2},2,0,
14249,2,{'train': 2},2,0,
14241,1,{'train': 1},1,0,
14245,1,{'train': 1},1,0,
14246,1,{'train': 1},1,0,
14247,1,{'train': 1},1,0,
14248,1,{'train': 1},1,0,
14250,1,{'train': 1},1,0,
14251,1,{'train': 1},1,0,
14252,1,{'train': 1},1,0,
14254,1,{'train': 1},1,0,
14261,2,{'train': 2},2,0,
14259,4,{'train': 4},1,3,DUPLICATE_NEAR
14260,1,{'train': 1},1,0,
14262,1,{'train': 1},1,0,
14263,1,{'train': 1},1,0,
14265,1,{'train': 1},1,0,
14270,2,{'train': 2},2,0,
14268,1,{'train': 1},1,0,
14269,1,{'train': 1},1,0,
14271,1,{'train': 1},1,0,
14273,1,{'train': 1},1,0,
14274,1,{'train': 1},1,0,
14278,3,{'train': 3},1,2,DUPLICATE_NEAR
14282,2,{'train': 2},2,0,
14279,1,{'train': 1},1,0,
14280,1,{'train': 1},1,0,
14281,1,{'train': 1},1,0,
42415,4,"{'train': 3, 'val': 1}",1,3,CROSS_SPLIT_NEARDUP_LEAKAGE;DUPLICATE_NEAR
14284,1,{'train': 1},1,0,
14288,1,{'train': 1},1,0,
14289,1,{'train': 1},1,0,
14290,1,{'train': 1},1,0,
14295,1,{'train': 1},1,0,
14296,1,{'train': 1},1,0,
14297,1,{'train': 1},1,0,
14298,1,{'train': 1},1,0,
14299,1,{'train': 1},1,0,
14302,1,{'train': 1},1,0,
14304,1,{'train': 1},1,0,
14305,1,{'train': 1},1,0,
14306,1,{'train': 1},1,0,
14311,2,{'train': 2},2,0,
14310,2,{'train': 2},2,0,
14309,1,{'train': 1},1,0,
14312,1,{'train': 1},1,0,
14313,1,{'train': 1},1,0,
14315,2,{'train': 2},2,0,
14316,1,{'train': 1},1,0,
14317,1,{'train': 1},1,0,
14323,3,{'train': 3},1,2,DUPLICATE_NEAR
41820,3,"{'train': 2, 'val': 1}",2,1,CROSS_SPLIT_NEARDUP_LEAKAGE
14321,1,{'train': 1},1,0,
14322,1,{'train': 1},1,0,
14325,1,{'train': 1},1,0,
14326,1,{'train': 1},1,0,
14329,1,{'train': 1},1,0,
14335,2,{'train': 2},2,0,
14345,2,{'train': 2},2,0,
14336,1,{'train': 1},1,0,
14341,2,{'train': 2},2,0,
14339,1,{'train': 1},1,0,
14347,2,{'train': 2},2,0,
14342,1,{'train': 1},1,0,
14348,1,{'train': 1},1,0,
14349,1,{'train': 1},1,0,
14350,1,{'train': 1},1,0,
14352,1,{'train': 1},1,0,
14353,1,{'train': 1},1,0,
14354,1,{'train': 1},1,0,
14356,1,{'train': 1},1,0,
14363,2,{'train': 2},2,0,
14368,2,{'train': 2},2,0,
14359,1,{'train': 1},1,0,
14360,1,{'train': 1},1,0,
14361,1,{'train': 1},1,0,
14365,2,{'train': 2},2,0,
14366,1,{'train': 1},1,0,
14367,1,{'train': 1},1,0,
14370,1,{'train': 1},1,0,
14371,1,{'train': 1},1,0,
14372,1,{'train': 1},1,0,
14373,1,{'train': 1},1,0,
14374,1,{'train': 1},1,0,
14380,2,{'train': 2},2,0,
14378,3,{'train': 3},1,2,DUPLICATE_NEAR
14379,1,{'train': 1},1,0,
14381,1,{'train': 1},1,0,
14383,1,{'train': 1},1,0,
14384,1,{'train': 1},1,0,
14385,1,{'train': 1},1,0,
14392,2,{'train': 2},2,0,
14388,1,{'train': 1},1,0,
14397,2,{'train': 2},2,0,
14390,1,{'train': 1},1,0,
14391,1,{'train': 1},1,0,
14393,1,{'train': 1},1,0,
14394,1,{'train': 1},1,0,
14395,1,{'train': 1},1,0,
14396,1,{'train': 1},1,0,
14398,1,{'train': 1},1,0,
14405,3,{'train': 3},1,2,DUPLICATE_NEAR
14400,1,{'train': 1},1,0,
14401,1,{'train': 1},1,0,
14408,5,{'train': 5},1,4,DUPLICATE_NEAR
14407,1,{'train': 1},1,0,
14413,2,{'train': 2},2,0,
14411,1,{'train': 1},1,0,
14420,3,{'train': 3},1,2,DUPLICATE_NEAR
14421,1,{'train': 1},1,0,
14422,1,{'train': 1},1,0,
14424,1,{'train': 1},1,0,
14430,2,{'train': 2},2,0,
14434,2,{'train': 2},2,0,
14429,1,{'train': 1},1,0,
14431,1,{'train': 1},1,0,
14435,1,{'train': 1},1,0,
14436,1,{'train': 1},1,0,
14445,2,{'train': 2},2,0,
14441,1,{'train': 1},1,0,
14442,1,{'train': 1},1,0,
14443,1,{'train': 1},1,0,
14444,1,{'train': 1},1,0,
14457,2,{'train': 2},2,0,
14454,2,{'train': 2},2,0,
14451,1,{'train': 1},1,0,
14452,1,{'train': 1},1,0,
14453,1,{'train': 1},1,0,
14455,1,{'train': 1},1,0,
14456,1,{'train': 1},1,0,
14458,1,{'train': 1},1,0,
14459,1,{'train': 1},1,0,
14460,1,{'train': 1},1,0,
14463,1,{'train': 1},1,0,
14467,2,{'train': 2},2,0,
14465,1,{'train': 1},1,0,
14466,1,{'train': 1},1,0,
14468,1,{'train': 1},1,0,
14469,1,{'train': 1},1,0,
14473,2,{'train': 2},2,0,
14471,1,{'train': 1},1,0,
14475,2,{'train': 2},2,0,
14477,1,{'train': 1},1,0,
14478,1,{'train': 1},1,0,
14480,1,{'train': 1},1,0,
14481,1,{'train': 1},1,0,
14485,1,{'train': 1},1,0,
14486,1,{'train': 1},1,0,
14522,2,{'train': 2},2,0,
14488,1,{'train': 1},1,0,
14489,1,{'train': 1},1,0,
14497,3,{'train': 3},1,2,DUPLICATE_NEAR
14502,3,{'train': 3},1,2,DUPLICATE_NEAR
14492,1,{'train': 1},1,0,
14493,1,{'train': 1},1,0,
14494,1,{'train': 1},1,0,
14506,2,{'train': 2},2,0,
14503,3,{'train': 3},1,2,DUPLICATE_NEAR
14500,1,{'train': 1},1,0,
14505,1,{'train': 1},1,0,
14513,2,{'train': 2},2,0,
14508,1,{'train': 1},1,0,
14510,2,{'train': 2},2,0,
14511,1,{'train': 1},1,0,
14512,1,{'train': 1},1,0,
14515,1,{'train': 1},1,0,
14516,1,{'train': 1},1,0,
14517,1,{'train': 1},1,0,
14518,1,{'train': 1},1,0,
14519,1,{'train': 1},1,0,
14521,2,{'train': 2},2,0,
14523,1,{'train': 1},1,0,
14524,1,{'train': 1},1,0,
14526,1,{'train': 1},1,0,
14532,3,{'train': 3},1,2,DUPLICATE_NEAR
41848,3,"{'train': 1, 'val': 2}",2,1,CROSS_SPLIT_NEARDUP_LEAKAGE
14534,2,{'train': 2},2,0,
14533,1,{'train': 1},1,0,
14535,1,{'train': 1},1,0,
14548,2,{'train': 2},2,0,
14537,1,{'train': 1},1,0,
14553,4,{'train': 4},1,3,DUPLICATE_NEAR
14540,1,{'train': 1},1,0,
14542,1,{'train': 1},1,0,
14543,1,{'train': 1},1,0,
14545,1,{'train': 1},1,0,
14546,1,{'train': 1},1,0,
14550,2,{'train': 2},2,0,
14554,1,{'train': 1},1,0,
14555,1,{'train': 1},1,0,
14556,1,{'train': 1},1,0,
14558,1,{'train': 1},1,0,
14559,1,{'train': 1},1,0,
14560,1,{'train': 1},1,0,
14561,1,{'train': 1},1,0,
14563,1,{'train': 1},1,0,
14564,1,{'train': 1},1,0,
14566,1,{'train': 1},1,0,
14567,1,{'train': 1},1,0,
14568,1,{'train': 1},1,0,
14570,2,{'train': 2},2,0,
14571,1,{'train': 1},1,0,
14572,1,{'train': 1},1,0,
14586,4,{'train': 4},1,3,DUPLICATE_NEAR
14574,1,{'train': 1},1,0,
14575,1,{'train': 1},1,0,
14577,1,{'train': 1},1,0,
14578,1,{'train': 1},1,0,
14581,2,{'train': 2},2,0,
14582,1,{'train': 1},1,0,
14585,1,{'train': 1},1,0,
14587,1,{'train': 1},1,0,
14595,4,{'train': 4},1,3,DUPLICATE_NEAR
14589,1,{'train': 1},1,0,
14591,1,{'train': 1},1,0,
14599,2,{'train': 2},2,0,
14594,1,{'train': 1},1,0,
14597,1,{'train': 1},1,0,
14598,1,{'train': 1},1,0,
14600,1,{'train': 1},1,0,
14601,1,{'train': 1},1,0,
14602,1,{'train': 1},1,0,
14603,1,{'train': 1},1,0,
14605,1,{'train': 1},1,0,
14606,1,{'train': 1},1,0,
14607,1,{'train': 1},1,0,
14608,1,{'train': 1},1,0,
14609,1,{'train': 1},1,0,
14610,1,{'train': 1},1,0,
14611,1,{'train': 1},1,0,
14616,2,{'train': 2},2,0,
14615,1,{'train': 1},1,0,
14618,1,{'train': 1},1,0,
14625,3,{'train': 3},1,2,DUPLICATE_NEAR
14620,1,{'train': 1},1,0,
14621,1,{'train': 1},1,0,
14622,1,{'train': 1},1,0,
14626,1,{'train': 1},1,0,
14628,1,{'train': 1},1,0,
14632,3,{'train': 3},1,2,DUPLICATE_NEAR
14633,1,{'train': 1},1,0,
14635,1,{'train': 1},1,0,
14636,1,{'train': 1},1,0,
14637,1,{'train': 1},1,0,
14638,1,{'train': 1},1,0,
14639,1,{'train': 1},1,0,
14640,1,{'train': 1},1,0,
14641,1,{'train': 1},1,0,
14642,1,{'train': 1},1,0,
14650,2,{'train': 2},2,0,
14644,1,{'train': 1},1,0,
14645,1,{'train': 1},1,0,
14646,1,{'train': 1},1,0,
14647,1,{'train': 1},1,0,
14649,1,{'train': 1},1,0,
14651,1,{'train': 1},1,0,
14653,2,{'train': 2},2,0,
14664,3,{'train': 3},1,2,DUPLICATE_NEAR
14655,1,{'train': 1},1,0,
14663,3,{'train': 3},1,2,DUPLICATE_NEAR
14657,1,{'train': 1},1,0,
14658,1,{'train': 1},1,0,
14659,1,{'train': 1},1,0,
14661,1,{'train': 1},1,0,
14665,1,{'train': 1},1,0,
14666,1,{'train': 1},1,0,
14669,1,{'train': 1},1,0,
14673,1,{'train': 1},1,0,
14675,2,{'train': 2},2,0,
14677,1,{'train': 1},1,0,
14679,1,{'train': 1},1,0,
14683,2,{'train': 2},2,0,
14684,1,{'train': 1},1,0,
14686,1,{'train': 1},1,0,
14687,1,{'train': 1},1,0,
14688,1,{'train': 1},1,0,
14689,1,{'train': 1},1,0,
14690,1,{'train': 1},1,0,
14692,2,{'train': 2},2,0,
14693,1,{'train': 1},1,0,
14694,1,{'train': 1},1,0,
14695,1,{'train': 1},1,0,
14696,1,{'train': 1},1,0,
14697,1,{'train': 1},1,0,
14698,1,{'train': 1},1,0,
14699,1,{'train': 1},1,0,
14706,3,{'train': 3},1,2,DUPLICATE_NEAR
14712,3,{'train': 3},1,2,DUPLICATE_NEAR
14707,1,{'train': 1},1,0,
14708,1,{'train': 1},1,0,
14713,1,{'train': 1},1,0,
14714,1,{'train': 1},1,0,
14717,1,{'train': 1},1,0,
14718,1,{'train': 1},1,0,
14720,1,{'train': 1},1,0,
14728,2,{'train': 2},2,0,
14722,1,{'train': 1},1,0,
14727,2,{'train': 2},2,0,
14726,1,{'train': 1},1,0,
14729,1,{'train': 1},1,0,
14730,1,{'train': 1},1,0,
14733,2,{'train': 2},2,0,
14734,1,{'train': 1},1,0,
14736,1,{'train': 1},1,0,
14737,1,{'train': 1},1,0,
14738,1,{'train': 1},1,0,
14739,1,{'train': 1},1,0,
14741,1,{'train': 1},1,0,
14743,2,{'train': 2},2,0,
14744,1,{'train': 1},1,0,
14745,1,{'train': 1},1,0,
14746,1,{'train': 1},1,0,
14747,1,{'train': 1},1,0,
14748,1,{'train': 1},1,0,
14749,1,{'train': 1},1,0,
14750,1,{'train': 1},1,0,
14762,4,{'train': 4},1,3,DUPLICATE_NEAR
14753,1,{'train': 1},1,0,
14755,1,{'train': 1},1,0,
14756,1,{'train': 1},1,0,
14768,4,{'train': 4},1,3,DUPLICATE_NEAR
14765,1,{'train': 1},1,0,
14772,3,{'train': 3},1,2,DUPLICATE_NEAR
14774,2,{'train': 2},2,0,
14770,1,{'train': 1},1,0,
14771,1,{'train': 1},1,0,
14776,1,{'train': 1},1,0,
14777,1,{'train': 1},1,0,
14778,1,{'train': 1},1,0,
14779,1,{'train': 1},1,0,
14783,2,{'train': 2},2,0,
14781,1,{'train': 1},1,0,
14784,1,{'train': 1},1,0,
14786,1,{'train': 1},1,0,
14788,1,{'train': 1},1,0,
14790,1,{'train': 1},1,0,
14793,1,{'train': 1},1,0,
14795,1,{'train': 1},1,0,
14796,1,{'train': 1},1,0,
14798,1,{'train': 1},1,0,
14799,1,{'train': 1},1,0,
16450,3,{'train': 3},1,2,DUPLICATE_NEAR
14801,1,{'train': 1},1,0,
14806,2,{'train': 2},2,0,
14804,1,{'train': 1},1,0,
14816,3,{'train': 3},1,2,DUPLICATE_NEAR
14809,1,{'train': 1},1,0,
14810,1,{'train': 1},1,0,
14814,2,{'train': 2},2,0,
14812,1,{'train': 1},1,0,
14813,1,{'train': 1},1,0,
14815,1,{'train': 1},1,0,
14817,1,{'train': 1},1,0,
14818,1,{'train': 1},1,0,
14820,1,{'train': 1},1,0,
16260,2,{'train': 2},2,0,
14833,4,{'train': 4},1,3,DUPLICATE_NEAR
16634,2,{'train': 2},2,0,
14831,1,{'train': 1},1,0,
14843,3,{'train': 3},1,2,DUPLICATE_NEAR
14845,2,{'train': 2},2,0,
18071,2,{'train': 2},2,0,
14842,1,{'train': 1},1,0,
14846,1,{'train': 1},1,0,
14847,1,{'train': 1},1,0,
14848,1,{'train': 1},1,0,
14849,1,{'train': 1},1,0,
14851,1,{'train': 1},1,0,
14853,1,{'train': 1},1,0,
14855,2,{'train': 2},2,0,
14864,2,{'train': 2},2,0,
14870,3,{'train': 3},1,2,DUPLICATE_NEAR
14859,1,{'train': 1},1,0,
14860,1,{'train': 1},1,0,
14863,1,{'train': 1},1,0,
14865,1,{'train': 1},1,0,
14871,1,{'train': 1},1,0,
14882,4,{'train': 4},1,3,DUPLICATE_NEAR
14873,1,{'train': 1},1,0,
14876,1,{'train': 1},1,0,
14877,1,{'train': 1},1,0,
14878,1,{'train': 1},1,0,
14879,1,{'train': 1},1,0,
14880,1,{'train': 1},1,0,
14881,1,{'train': 1},1,0,
14883,1,{'train': 1},1,0,
14884,1,{'train': 1},1,0,
14885,1,{'train': 1},1,0,
14886,1,{'train': 1},1,0,
14889,2,{'train': 2},2,0,
14888,1,{'train': 1},1,0,
14890,1,{'train': 1},1,0,
14893,2,{'train': 2},2,0,
14892,1,{'train': 1},1,0,
14894,1,{'train': 1},1,0,
14895,1,{'train': 1},1,0,
14897,1,{'train': 1},1,0,
14903,3,{'train': 3},1,2,DUPLICATE_NEAR
14900,1,{'train': 1},1,0,
14906,2,{'train': 2},2,0,
14908,1,{'train': 1},1,0,
14909,1,{'train': 1},1,0,
14910,1,{'train': 1},1,0,
14913,2,{'train': 2},2,0,
14915,1,{'train': 1},1,0,
14916,1,{'train': 1},1,0,
14917,1,{'train': 1},1,0,
14919,1,{'train': 1},1,0,
14920,1,{'train': 1},1,0,
14921,1,{'train': 1},1,0,
14924,1,{'train': 1},1,0,
14925,1,{'train': 1},1,0,
14926,1,{'train': 1},1,0,
14927,1,{'train': 1},1,0,
14928,1,{'train': 1},1,0,
14929,1,{'train': 1},1,0,
14930,1,{'train': 1},1,0,
14931,1,{'train': 1},1,0,
14932,1,{'train': 1},1,0,
14933,1,{'train': 1},1,0,
14936,1,{'train': 1},1,0,
14938,1,{'train': 1},1,0,
14940,1,{'train': 1},1,0,
14943,2,{'train': 2},2,0,
14942,1,{'train': 1},1,0,
14944,1,{'train': 1},1,0,
14946,1,{'train': 1},1,0,
14947,1,{'train': 1},1,0,
14949,1,{'train': 1},1,0,
14950,1,{'train': 1},1,0,
14952,4,{'train': 4},1,3,DUPLICATE_NEAR
14954,1,{'train': 1},1,0,
14955,1,{'train': 1},1,0,
14956,1,{'train': 1},1,0,
14957,1,{'train': 1},1,0,
14958,1,{'train': 1},1,0,
14960,1,{'train': 1},1,0,
14961,1,{'train': 1},1,0,
14962,1,{'train': 1},1,0,
14964,1,{'train': 1},1,0,
47448,4,"{'train': 2, 'val': 1, 'test': 1}",2,2,CROSS_SPLIT_NEARDUP_LEAKAGE
14966,1,{'train': 1},1,0,
14973,5,{'train': 5},1,4,DUPLICATE_NEAR
14969,1,{'train': 1},1,0,
47166,2,"{'train': 1, 'test': 1}",1,1,CROSS_SPLIT_NEARDUP_LEAKAGE
14971,1,{'train': 1},1,0,
14974,1,{'train': 1},1,0,
14978,1,{'train': 1},1,0,
14981,1,{'train': 1},1,0,
14998,2,{'train': 2},2,0,
14985,1,{'train': 1},1,0,
14986,1,{'train': 1},1,0,
14996,4,{'train': 4},1,3,DUPLICATE_NEAR
14988,1,{'train': 1},1,0,
14989,1,{'train': 1},1,0,
14995,2,{'train': 2},2,0,
14992,1,{'train': 1},1,0,
14993,1,{'train': 1},1,0,
14997,1,{'train': 1},1,0,
14999,1,{'train': 1},1,0,
15012,2,{'train': 2},2,0,
15009,2,{'train': 2},2,0,
15004,1,{'train': 1},1,0,
15005,1,{'train': 1},1,0,
15006,1,{'train': 1},1,0,
15008,2,{'train': 2},2,0,
15013,1,{'train': 1},1,0,
15015,1,{'train': 1},1,0,
15019,2,{'train': 2},2,0,
15017,1,{'train': 1},1,0,
15018,1,{'train': 1},1,0,
15028,3,{'train': 3},1,2,DUPLICATE_NEAR
15021,1,{'train': 1},1,0,
15022,1,{'train': 1},1,0,
15024,1,{'train': 1},1,0,
15025,1,{'train': 1},1,0,
15026,1,{'train': 1},1,0,
15027,1,{'train': 1},1,0,
15029,1,{'train': 1},1,0,
15030,1,{'train': 1},1,0,
15031,1,{'train': 1},1,0,
15036,3,{'train': 3},1,2,DUPLICATE_NEAR
15034,1,{'train': 1},1,0,
15035,1,{'train': 1},1,0,
15037,1,{'train': 1},1,0,
15045,3,{'train': 3},1,2,DUPLICATE_NEAR
15047,2,{'train': 2},2,0,
15048,2,{'train': 2},2,0,
15049,2,{'train': 2},2,0,
15050,1,{'train': 1},1,0,
15051,1,{'train': 1},1,0,
15054,1,{'train': 1},1,0,
15055,1,{'train': 1},1,0,
15062,3,{'train': 3},1,2,DUPLICATE_NEAR
15060,1,{'train': 1},1,0,
15061,1,{'train': 1},1,0,
15063,1,{'train': 1},1,0,
15070,2,{'train': 2},2,0,
15073,6,{'train': 6},1,5,DUPLICATE_NEAR
15075,1,{'train': 1},1,0,
15076,1,{'train': 1},1,0,
15077,1,{'train': 1},1,0,
15079,2,{'train': 2},2,0,
15080,1,{'train': 1},1,0,
15081,1,{'train': 1},1,0,
15082,1,{'train': 1},1,0,
15083,1,{'train': 1},1,0,
15085,2,{'train': 2},2,0,
15086,1,{'train': 1},1,0,
15087,1,{'train': 1},1,0,
15088,1,{'train': 1},1,0,
15089,1,{'train': 1},1,0,
15090,1,{'train': 1},1,0,
15091,1,{'train': 1},1,0,
15094,3,{'train': 3},1,2,DUPLICATE_NEAR
15095,1,{'train': 1},1,0,
15096,1,{'train': 1},1,0,
15097,1,{'train': 1},1,0,
15098,1,{'train': 1},1,0,
15099,1,{'train': 1},1,0,
15100,1,{'train': 1},1,0,
15101,1,{'train': 1},1,0,
15102,1,{'train': 1},1,0,
15104,2,{'train': 2},2,0,
15105,1,{'train': 1},1,0,
15106,1,{'train': 1},1,0,
15109,1,{'train': 1},1,0,
15110,1,{'train': 1},1,0,
15111,1,{'train': 1},1,0,
15118,2,{'train': 2},2,0,
15119,3,{'train': 3},1,2,DUPLICATE_NEAR
15115,1,{'train': 1},1,0,
15116,1,{'train': 1},1,0,
15120,1,{'train': 1},1,0,
15122,2,{'train': 2},2,0,
15123,1,{'train': 1},1,0,
15137,4,{'train': 4},1,3,DUPLICATE_NEAR
15125,1,{'train': 1},1,0,
15126,1,{'train': 1},1,0,
15128,1,{'train': 1},1,0,
15136,2,{'train': 2},2,0,
15130,1,{'train': 1},1,0,
15131,1,{'train': 1},1,0,
15133,1,{'train': 1},1,0,
15134,1,{'train': 1},1,0,
15135,1,{'train': 1},1,0,
15138,1,{'train': 1},1,0,
15140,1,{'train': 1},1,0,
15142,1,{'train': 1},1,0,
15143,1,{'train': 1},1,0,
15144,1,{'train': 1},1,0,
15147,1,{'train': 1},1,0,
15153,2,{'train': 2},2,0,
15155,1,{'train': 1},1,0,
15156,1,{'train': 1},1,0,
15159,3,{'train': 3},1,2,DUPLICATE_NEAR
15158,1,{'train': 1},1,0,
15161,1,{'train': 1},1,0,
15162,1,{'train': 1},1,0,
15173,2,{'train': 2},2,0,
15164,1,{'train': 1},1,0,
15174,3,{'train': 3},1,2,DUPLICATE_NEAR
15166,1,{'train': 1},1,0,
15167,1,{'train': 1},1,0,
15168,1,{'train': 1},1,0,
15169,1,{'train': 1},1,0,
15172,1,{'train': 1},1,0,
15177,1,{'train': 1},1,0,
15178,1,{'train': 1},1,0,
15182,2,{'train': 2},2,0,
15180,1,{'train': 1},1,0,
15183,1,{'train': 1},1,0,
15184,1,{'train': 1},1,0,
15185,1,{'train': 1},1,0,
15192,3,{'train': 3},1,2,DUPLICATE_NEAR
15187,1,{'train': 1},1,0,
15188,1,{'train': 1},1,0,
15190,1,{'train': 1},1,0,
15194,1,{'train': 1},1,0,
15195,1,{'train': 1},1,0,
15196,1,{'train': 1},1,0,
15197,1,{'train': 1},1,0,
15204,2,{'train': 2},2,0,
15211,2,{'train': 2},2,0,
15206,2,{'train': 2},2,0,
15201,1,{'train': 1},1,0,
15202,1,{'train': 1},1,0,
15203,1,{'train': 1},1,0,
15205,1,{'train': 1},1,0,
15210,2,{'train': 2},2,0,
15208,1,{'train': 1},1,0,
15209,1,{'train': 1},1,0,
15212,1,{'train': 1},1,0,
15214,1,{'train': 1},1,0,
15220,2,{'train': 2},2,0,
15216,1,{'train': 1},1,0,
15217,1,{'train': 1},1,0,
15218,1,{'train': 1},1,0,
15219,1,{'train': 1},1,0,
15233,2,{'train': 2},2,0,
15232,2,{'train': 2},2,0,
15225,1,{'train': 1},1,0,
15229,2,{'train': 2},2,0,
15227,1,{'train': 1},1,0,
15228,1,{'train': 1},1,0,
15231,2,{'train': 2},2,0,
15234,1,{'train': 1},1,0,
15236,2,{'train': 2},2,0,
15237,1,{'train': 1},1,0,
15239,1,{'train': 1},1,0,
15247,4,{'train': 4},1,3,DUPLICATE_NEAR
15242,1,{'train': 1},1,0,
15246,1,{'train': 1},1,0,
15249,1,{'train': 1},1,0,
15262,4,{'train': 4},1,3,DUPLICATE_NEAR
15255,1,{'train': 1},1,0,
15257,1,{'train': 1},1,0,
15261,2,{'train': 2},2,0,
15260,1,{'train': 1},1,0,
15272,4,{'train': 4},1,3,DUPLICATE_NEAR
15264,1,{'train': 1},1,0,
15265,1,{'train': 1},1,0,
15267,1,{'train': 1},1,0,
15268,1,{'train': 1},1,0,
15269,1,{'train': 1},1,0,
15270,1,{'train': 1},1,0,
15273,1,{'train': 1},1,0,
15274,1,{'train': 1},1,0,
15275,1,{'train': 1},1,0,
15276,1,{'train': 1},1,0,
15277,1,{'train': 1},1,0,
15285,2,{'train': 2},2,0,
15279,1,{'train': 1},1,0,
15280,1,{'train': 1},1,0,
15281,1,{'train': 1},1,0,
15282,1,{'train': 1},1,0,
15283,1,{'train': 1},1,0,
15284,1,{'train': 1},1,0,
15288,1,{'train': 1},1,0,
15289,1,{'train': 1},1,0,
15290,1,{'train': 1},1,0,
15292,1,{'train': 1},1,0,
15293,1,{'train': 1},1,0,
15294,1,{'train': 1},1,0,
15295,1,{'train': 1},1,0,
15296,1,{'train': 1},1,0,
15297,1,{'train': 1},1,0,
15298,1,{'train': 1},1,0,
15299,1,{'train': 1},1,0,
15300,1,{'train': 1},1,0,
15301,1,{'train': 1},1,0,
15302,1,{'train': 1},1,0,
18369,3,{'train': 3},1,2,DUPLICATE_NEAR
15305,2,{'train': 2},2,0,
15307,1,{'train': 1},1,0,
15308,1,{'train': 1},1,0,
15311,3,{'train': 3},1,2,DUPLICATE_NEAR
15312,1,{'train': 1},1,0,
15313,1,{'train': 1},1,0,
15326,3,{'train': 3},1,2,DUPLICATE_NEAR
15325,2,{'train': 2},2,0,
15321,1,{'train': 1},1,0,
15322,1,{'train': 1},1,0,
15324,1,{'train': 1},1,0,
15327,1,{'train': 1},1,0,
15331,3,{'train': 3},1,2,DUPLICATE_NEAR
15329,1,{'train': 1},1,0,
15330,1,{'train': 1},1,0,
15333,1,{'train': 1},1,0,
15341,3,{'train': 3},1,2,DUPLICATE_NEAR
15337,1,{'train': 1},1,0,
15338,1,{'train': 1},1,0,
15339,1,{'train': 1},1,0,
15342,1,{'train': 1},1,0,
15346,2,{'train': 2},2,0,
15349,2,{'train': 2},2,0,
15347,2,{'train': 2},2,0,
15348,1,{'train': 1},1,0,
15352,2,{'train': 2},2,0,
15365,6,"{'train': 5, 'test': 1}",1,5,CROSS_SPLIT_NEARDUP_LEAKAGE;DUPLICATE_NEAR
15364,2,{'train': 2},2,0,
15369,2,{'train': 2},2,0,
15368,3,{'train': 3},1,2,DUPLICATE_NEAR
15374,2,{'train': 2},2,0,
15373,2,{'train': 2},2,0,
15367,1,{'train': 1},1,0,
15370,1,{'train': 1},1,0,
15371,1,{'train': 1},1,0,
15372,1,{'train': 1},1,0,
15375,1,{'train': 1},1,0,
15382,4,{'train': 4},1,3,DUPLICATE_NEAR
15385,2,{'train': 2},2,0,
15379,1,{'train': 1},1,0,
15380,1,{'train': 1},1,0,
15381,1,{'train': 1},1,0,
15383,1,{'train': 1},1,0,
15384,1,{'train': 1},1,0,
15386,1,{'train': 1},1,0,
15390,2,{'train': 2},2,0,
15389,1,{'train': 1},1,0,
15391,1,{'train': 1},1,0,
15392,1,{'train': 1},1,0,
15393,1,{'train': 1},1,0,
15405,3,{'train': 3},1,2,DUPLICATE_NEAR
15398,4,{'train': 4},1,3,DUPLICATE_NEAR
15396,1,{'train': 1},1,0,
15400,2,{'train': 2},2,0,
15402,1,{'train': 1},1,0,
15403,1,{'train': 1},1,0,
15408,1,{'train': 1},1,0,
15409,1,{'train': 1},1,0,
15411,1,{'train': 1},1,0,
15412,1,{'train': 1},1,0,
15413,1,{'train': 1},1,0,
15414,1,{'train': 1},1,0,
15423,2,{'train': 2},2,0,
41659,6,"{'train': 5, 'val': 1}",1,5,CROSS_SPLIT_NEARDUP_LEAKAGE;DUPLICATE_NEAR
15418,1,{'train': 1},1,0,
15419,1,{'train': 1},1,0,
15424,1,{'train': 1},1,0,
15431,3,{'train': 3},1,2,DUPLICATE_NEAR
15428,1,{'train': 1},1,0,
15429,1,{'train': 1},1,0,
15430,1,{'train': 1},1,0,
15432,1,{'train': 1},1,0,
15439,3,{'train': 3},1,2,DUPLICATE_NEAR
15440,3,{'train': 3},1,2,DUPLICATE_NEAR
15435,1,{'train': 1},1,0,
15437,1,{'train': 1},1,0,
15452,4,{'train': 4},1,3,DUPLICATE_NEAR
15442,1,{'train': 1},1,0,
15444,1,{'train': 1},1,0,
15445,1,{'train': 1},1,0,
15450,2,{'train': 2},2,0,
15448,1,{'train': 1},1,0,
15453,2,{'train': 2},2,0,
15454,1,{'train': 1},1,0,
15455,1,{'train': 1},1,0,
15456,1,{'train': 1},1,0,
15457,1,{'train': 1},1,0,
15458,1,{'train': 1},1,0,
15459,1,{'train': 1},1,0,
15460,1,{'train': 1},1,0,
15461,1,{'train': 1},1,0,
15467,3,{'train': 3},1,2,DUPLICATE_NEAR
15464,1,{'train': 1},1,0,
15465,1,{'train': 1},1,0,
15466,1,{'train': 1},1,0,
15468,1,{'train': 1},1,0,
15469,1,{'train': 1},1,0,
15470,1,{'train': 1},1,0,
15471,1,{'train': 1},1,0,
15472,1,{'train': 1},1,0,
15476,2,{'train': 2},2,0,
15474,1,{'train': 1},1,0,
15475,1,{'train': 1},1,0,
15477,1,{'train': 1},1,0,
15478,1,{'train': 1},1,0,
15484,2,{'train': 2},2,0,
15481,2,{'train': 2},2,0,
15482,1,{'train': 1},1,0,
15483,1,{'train': 1},1,0,
15485,1,{'train': 1},1,0,
15491,2,{'train': 2},2,0,
15487,1,{'train': 1},1,0,
17703,2,{'train': 2},2,0,
15490,1,{'train': 1},1,0,
15492,1,{'train': 1},1,0,
15493,1,{'train': 1},1,0,
15504,2,{'train': 2},2,0,
15496,1,{'train': 1},1,0,
15497,1,{'train': 1},1,0,
15499,1,{'train': 1},1,0,
15500,1,{'train': 1},1,0,
15503,1,{'train': 1},1,0,
15505,1,{'train': 1},1,0,
15508,1,{'train': 1},1,0,
15510,1,{'train': 1},1,0,
15511,1,{'train': 1},1,0,
15513,1,{'train': 1},1,0,
15524,2,{'train': 2},2,0,
15515,1,{'train': 1},1,0,
15517,1,{'train': 1},1,0,
15518,1,{'train': 1},1,0,
15525,2,{'train': 2},2,0,
15521,1,{'train': 1},1,0,
15522,1,{'train': 1},1,0,
15523,1,{'train': 1},1,0,
15526,1,{'train': 1},1,0,
15527,1,{'train': 1},1,0,
15531,2,{'train': 2},2,0,
15530,1,{'train': 1},1,0,
15536,2,{'train': 2},2,0,
15535,1,{'train': 1},1,0,
15537,1,{'train': 1},1,0,
15538,1,{'train': 1},1,0,
15539,1,{'train': 1},1,0,
15544,3,{'train': 3},1,2,DUPLICATE_NEAR
15543,1,{'train': 1},1,0,
15545,1,{'train': 1},1,0,
15554,3,{'train': 3},1,2,DUPLICATE_NEAR
15551,2,{'train': 2},2,0,
15553,1,{'train': 1},1,0,
15555,1,{'train': 1},1,0,
15556,1,{'train': 1},1,0,
15557,1,{'train': 1},1,0,
15560,2,{'train': 2},2,0,
15559,1,{'train': 1},1,0,
15561,1,{'train': 1},1,0,
15562,1,{'train': 1},1,0,
15563,1,{'train': 1},1,0,
15564,1,{'train': 1},1,0,
15568,2,{'train': 2},2,0,
15566,1,{'train': 1},1,0,
15567,1,{'train': 1},1,0,
15573,2,{'train': 2},2,0,
15570,1,{'train': 1},1,0,
15571,1,{'train': 1},1,0,
15572,1,{'train': 1},1,0,
15574,1,{'train': 1},1,0,
15575,1,{'train': 1},1,0,
15576,1,{'train': 1},1,0,
15577,1,{'train': 1},1,0,
15580,2,{'train': 2},2,0,
15582,2,{'train': 2},2,0,
15581,1,{'train': 1},1,0,
15583,1,{'train': 1},1,0,
15584,1,{'train': 1},1,0,
15585,1,{'train': 1},1,0,
15586,1,{'train': 1},1,0,
15587,1,{'train': 1},1,0,
15588,1,{'train': 1},1,0,
15591,2,{'train': 2},2,0,
15590,1,{'train': 1},1,0,
15593,1,{'train': 1},1,0,
15594,1,{'train': 1},1,0,
15595,1,{'train': 1},1,0,
15596,1,{'train': 1},1,0,
15597,1,{'train': 1},1,0,
15598,1,{'train': 1},1,0,
15604,2,{'train': 2},2,0,
15600,1,{'train': 1},1,0,
15601,1,{'train': 1},1,0,
15602,1,{'train': 1},1,0,
15609,3,{'train': 3},1,2,DUPLICATE_NEAR
15605,1,{'train': 1},1,0,
15606,1,{'train': 1},1,0,
15607,1,{'train': 1},1,0,
15618,2,{'train': 2},2,0,
15612,1,{'train': 1},1,0,
15614,1,{'train': 1},1,0,
15623,3,{'train': 3},1,2,DUPLICATE_NEAR
15617,1,{'train': 1},1,0,
15619,1,{'train': 1},1,0,
15622,1,{'train': 1},1,0,
15624,1,{'train': 1},1,0,
15634,3,{'train': 3},1,2,DUPLICATE_NEAR
15638,3,{'train': 3},1,2,DUPLICATE_NEAR
15635,4,{'train': 4},1,3,DUPLICATE_NEAR
15633,2,{'train': 2},2,0,
15631,1,{'train': 1},1,0,
15637,1,{'train': 1},1,0,
15645,3,{'train': 3},1,2,DUPLICATE_NEAR
15641,1,{'train': 1},1,0,
15644,1,{'train': 1},1,0,
15647,1,{'train': 1},1,0,
15648,1,{'train': 1},1,0,
15649,1,{'train': 1},1,0,
15650,1,{'train': 1},1,0,
15656,3,{'train': 3},1,2,DUPLICATE_NEAR
15655,3,{'train': 3},1,2,DUPLICATE_NEAR
15657,1,{'train': 1},1,0,
15661,2,{'train': 2},2,0,
15659,1,{'train': 1},1,0,
15660,1,{'train': 1},1,0,
15662,1,{'train': 1},1,0,
15664,1,{'train': 1},1,0,
15665,1,{'train': 1},1,0,
15666,1,{'train': 1},1,0,
15668,1,{'train': 1},1,0,
15672,1,{'train': 1},1,0,
15673,1,{'train': 1},1,0,
17782,3,{'train': 3},1,2,DUPLICATE_NEAR
15675,1,{'train': 1},1,0,
15677,1,{'train': 1},1,0,
15681,1,{'train': 1},1,0,
15685,1,{'train': 1},1,0,
15703,2,{'train': 2},2,0,
15690,2,{'train': 2},2,0,
15691,1,{'train': 1},1,0,
15697,3,{'train': 3},1,2,DUPLICATE_NEAR
15695,1,{'train': 1},1,0,
15696,1,{'train': 1},1,0,
15698,1,{'train': 1},1,0,
15699,1,{'train': 1},1,0,
15700,1,{'train': 1},1,0,
15702,1,{'train': 1},1,0,
15705,1,{'train': 1},1,0,
15706,1,{'train': 1},1,0,
15711,2,{'train': 2},2,0,
15712,1,{'train': 1},1,0,
15716,3,{'train': 3},1,2,DUPLICATE_NEAR
15714,1,{'train': 1},1,0,
15719,2,{'train': 2},2,0,
15718,1,{'train': 1},1,0,
17138,2,{'train': 2},2,0,
15722,1,{'train': 1},1,0,
15725,1,{'train': 1},1,0,
15726,1,{'train': 1},1,0,
15729,1,{'train': 1},1,0,
15731,2,{'train': 2},2,0,
15735,1,{'train': 1},1,0,
15744,2,{'train': 2},2,0,
15737,1,{'train': 1},1,0,
15738,1,{'train': 1},1,0,
15742,1,{'train': 1},1,0,
15743,1,{'train': 1},1,0,
15745,1,{'train': 1},1,0,
15748,2,{'train': 2},2,0,
15747,1,{'train': 1},1,0,
15752,2,{'train': 2},2,0,
15750,1,{'train': 1},1,0,
15755,1,{'train': 1},1,0,
15757,1,{'train': 1},1,0,
15759,1,{'train': 1},1,0,
15762,1,{'train': 1},1,0,
15764,1,{'train': 1},1,0,
15765,1,{'train': 1},1,0,
15768,2,{'train': 2},2,0,
15767,1,{'train': 1},1,0,
15769,1,{'train': 1},1,0,
15770,1,{'train': 1},1,0,
15771,1,{'train': 1},1,0,
15772,1,{'train': 1},1,0,
15779,3,{'train': 3},1,2,DUPLICATE_NEAR
15775,1,{'train': 1},1,0,
15776,1,{'train': 1},1,0,
15777,1,{'train': 1},1,0,
15778,1,{'train': 1},1,0,
15797,2,{'train': 2},2,0,
15784,1,{'train': 1},1,0,
15786,1,{'train': 1},1,0,
15787,1,{'train': 1},1,0,
15793,2,{'train': 2},2,0,
15791,1,{'train': 1},1,0,
15795,2,{'train': 2},2,0,
15798,1,{'train': 1},1,0,
15799,1,{'train': 1},1,0,
15810,4,{'train': 4},1,3,DUPLICATE_NEAR
15804,1,{'train': 1},1,0,
15805,1,{'train': 1},1,0,
15811,1,{'train': 1},1,0,
15816,2,{'train': 2},2,0,
15815,1,{'train': 1},1,0,
15817,1,{'train': 1},1,0,
15818,1,{'train': 1},1,0,
15819,1,{'train': 1},1,0,
15823,2,{'train': 2},2,0,
15821,1,{'train': 1},1,0,
15824,2,{'train': 2},2,0,
15825,1,{'train': 1},1,0,
15826,1,{'train': 1},1,0,
15827,1,{'train': 1},1,0,
15828,1,{'train': 1},1,0,
15841,4,{'train': 4},1,3,DUPLICATE_NEAR
15831,1,{'train': 1},1,0,
15838,3,{'train': 3},1,2,DUPLICATE_NEAR
15833,1,{'train': 1},1,0,
15836,1,{'train': 1},1,0,
15839,1,{'train': 1},1,0,
15840,1,{'train': 1},1,0,
15842,1,{'train': 1},1,0,
15843,1,{'train': 1},1,0,
15844,1,{'train': 1},1,0,
15846,1,{'train': 1},1,0,
15849,2,{'train': 2},2,0,
15848,1,{'train': 1},1,0,
15851,1,{'train': 1},1,0,
15853,1,{'train': 1},1,0,
15854,1,{'train': 1},1,0,
15855,1,{'train': 1},1,0,
15856,1,{'train': 1},1,0,
15857,1,{'train': 1},1,0,
15858,1,{'train': 1},1,0,
15859,1,{'train': 1},1,0,
15862,2,{'train': 2},2,0,
18607,4,{'train': 4},1,3,DUPLICATE_NEAR
15864,1,{'train': 1},1,0,
15867,2,{'train': 2},2,0,
15870,1,{'train': 1},1,0,
15874,3,{'train': 3},1,2,DUPLICATE_NEAR
15872,1,{'train': 1},1,0,
15875,1,{'train': 1},1,0,
15876,1,{'train': 1},1,0,
15877,1,{'train': 1},1,0,
15879,1,{'train': 1},1,0,
15885,3,{'train': 3},1,2,DUPLICATE_NEAR
15887,1,{'train': 1},1,0,
15888,1,{'train': 1},1,0,
15892,1,{'train': 1},1,0,
15895,1,{'train': 1},1,0,
15899,2,{'train': 2},2,0,
15900,2,{'train': 2},2,0,
15905,2,{'train': 2},2,0,
15906,3,{'train': 3},1,2,DUPLICATE_NEAR
15907,1,{'train': 1},1,0,
15908,1,{'train': 1},1,0,
15909,1,{'train': 1},1,0,
15910,1,{'train': 1},1,0,
15911,1,{'train': 1},1,0,
15918,4,{'train': 4},1,3,DUPLICATE_NEAR
15913,1,{'train': 1},1,0,
15914,1,{'train': 1},1,0,
15915,1,{'train': 1},1,0,
15919,1,{'train': 1},1,0,
15920,1,{'train': 1},1,0,
15922,1,{'train': 1},1,0,
15923,1,{'train': 1},1,0,
15925,1,{'train': 1},1,0,
15926,1,{'train': 1},1,0,
15927,1,{'train': 1},1,0,
15928,1,{'train': 1},1,0,
15929,1,{'train': 1},1,0,
15930,1,{'train': 1},1,0,
15932,1,{'train': 1},1,0,
15940,4,{'train': 4},1,3,DUPLICATE_NEAR
15934,1,{'train': 1},1,0,
15938,1,{'train': 1},1,0,
15939,1,{'train': 1},1,0,
15944,2,{'train': 2},2,0,
15942,1,{'train': 1},1,0,
15950,2,{'train': 2},2,0,
15945,1,{'train': 1},1,0,
15946,1,{'train': 1},1,0,
15947,1,{'train': 1},1,0,
15949,1,{'train': 1},1,0,
15951,1,{'train': 1},1,0,
15952,1,{'train': 1},1,0,
15958,5,{'train': 5},1,4,DUPLICATE_NEAR
15954,1,{'train': 1},1,0,
15956,1,{'train': 1},1,0,
15960,1,{'train': 1},1,0,
18235,2,{'train': 2},2,0,
15963,2,{'train': 2},2,0,
15966,2,{'train': 2},2,0,
15965,1,{'train': 1},1,0,
15967,1,{'train': 1},1,0,
15975,2,{'train': 2},2,0,
15974,1,{'train': 1},1,0,
15982,2,{'train': 2},2,0,
15978,1,{'train': 1},1,0,
15986,3,{'train': 3},1,2,DUPLICATE_NEAR
15983,1,{'train': 1},1,0,
15984,1,{'train': 1},1,0,
15987,1,{'train': 1},1,0,
15988,1,{'train': 1},1,0,
15989,1,{'train': 1},1,0,
15990,1,{'train': 1},1,0,
15991,1,{'train': 1},1,0,
15992,1,{'train': 1},1,0,
15994,1,{'train': 1},1,0,
15995,1,{'train': 1},1,0,
15996,1,{'train': 1},1,0,
15997,1,{'train': 1},1,0,
16005,4,{'train': 4},1,3,DUPLICATE_NEAR
16003,2,{'train': 2},2,0,
16006,1,{'train': 1},1,0,
16007,1,{'train': 1},1,0,
16008,1,{'train': 1},1,0,
16009,1,{'train': 1},1,0,
16010,1,{'train': 1},1,0,
16015,2,{'train': 2},2,0,
16012,1,{'train': 1},1,0,
16013,1,{'train': 1},1,0,
16014,1,{'train': 1},1,0,
16017,1,{'train': 1},1,0,
16018,1,{'train': 1},1,0,
16022,2,{'train': 2},2,0,
16020,1,{'train': 1},1,0,
16023,1,{'train': 1},1,0,
16024,1,{'train': 1},1,0,
16027,1,{'train': 1},1,0,
16028,1,{'train': 1},1,0,
16033,3,{'train': 3},1,2,DUPLICATE_NEAR
16043,4,{'train': 4},1,3,DUPLICATE_NEAR
16032,1,{'train': 1},1,0,
16035,1,{'train': 1},1,0,
18236,2,{'train': 2},2,0,
16037,1,{'train': 1},1,0,
16038,1,{'train': 1},1,0,
16040,1,{'train': 1},1,0,
16042,1,{'train': 1},1,0,
16044,1,{'train': 1},1,0,
16045,1,{'train': 1},1,0,
16046,1,{'train': 1},1,0,
16047,1,{'train': 1},1,0,
16049,1,{'train': 1},1,0,
16050,1,{'train': 1},1,0,
16051,1,{'train': 1},1,0,
16052,1,{'train': 1},1,0,
16053,1,{'train': 1},1,0,
16061,3,{'train': 3},1,2,DUPLICATE_NEAR
16062,1,{'train': 1},1,0,
16063,1,{'train': 1},1,0,
16065,1,{'train': 1},1,0,
16067,2,{'train': 2},2,0,
16068,1,{'train': 1},1,0,
16076,3,{'train': 3},1,2,DUPLICATE_NEAR
16071,1,{'train': 1},1,0,
16072,1,{'train': 1},1,0,
16075,3,{'train': 3},1,2,DUPLICATE_NEAR
16078,1,{'train': 1},1,0,
16079,1,{'train': 1},1,0,
16083,2,{'train': 2},2,0,
16081,1,{'train': 1},1,0,
16082,1,{'train': 1},1,0,
16084,1,{'train': 1},1,0,
16085,1,{'train': 1},1,0,
16099,4,{'train': 4},1,3,DUPLICATE_NEAR
16088,1,{'train': 1},1,0,
16092,1,{'train': 1},1,0,
16093,1,{'train': 1},1,0,
16096,1,{'train': 1},1,0,
16098,1,{'train': 1},1,0,
16100,1,{'train': 1},1,0,
16103,2,{'train': 2},2,0,
16107,2,{'train': 2},2,0,
16104,1,{'train': 1},1,0,
16105,1,{'train': 1},1,0,
16109,1,{'train': 1},1,0,
16113,4,{'train': 4},1,3,DUPLICATE_NEAR
16114,1,{'train': 1},1,0,
16123,4,{'train': 4},1,3,DUPLICATE_NEAR
16116,1,{'train': 1},1,0,
16117,1,{'train': 1},1,0,
16118,1,{'train': 1},1,0,
16120,1,{'train': 1},1,0,
16121,1,{'train': 1},1,0,
16134,5,{'train': 5},1,4,DUPLICATE_NEAR
19014,4,{'train': 4},1,3,DUPLICATE_NEAR
16129,1,{'train': 1},1,0,
16130,1,{'train': 1},1,0,
16131,1,{'train': 1},1,0,
16133,1,{'train': 1},1,0,
16135,1,{'train': 1},1,0,
16139,2,{'train': 2},2,0,
16138,1,{'train': 1},1,0,
16141,1,{'train': 1},1,0,
16144,1,{'train': 1},1,0,
16145,1,{'train': 1},1,0,
16146,1,{'train': 1},1,0,
16147,1,{'train': 1},1,0,
16148,1,{'train': 1},1,0,
16149,1,{'train': 1},1,0,
16153,4,{'train': 4},1,3,DUPLICATE_NEAR
16151,1,{'train': 1},1,0,
16159,2,{'train': 2},2,0,
16156,1,{'train': 1},1,0,
16157,1,{'train': 1},1,0,
16161,3,{'train': 3},1,2,DUPLICATE_NEAR
16162,1,{'train': 1},1,0,
16163,1,{'train': 1},1,0,
16164,1,{'train': 1},1,0,
16166,2,{'train': 2},2,0,
16170,2,{'train': 2},2,0,
16172,2,{'train': 2},2,0,
16175,1,{'train': 1},1,0,
16179,1,{'train': 1},1,0,
16182,1,{'train': 1},1,0,
16183,1,{'train': 1},1,0,
16184,1,{'train': 1},1,0,
16185,1,{'train': 1},1,0,
16193,2,{'train': 2},2,0,
16191,1,{'train': 1},1,0,
16196,1,{'train': 1},1,0,
16197,1,{'train': 1},1,0,
16198,1,{'train': 1},1,0,
16206,3,{'train': 3},1,2,DUPLICATE_NEAR
16200,1,{'train': 1},1,0,
16201,1,{'train': 1},1,0,
16203,1,{'train': 1},1,0,
16204,1,{'train': 1},1,0,
16205,1,{'train': 1},1,0,
16207,1,{'train': 1},1,0,
16211,1,{'train': 1},1,0,
16212,1,{'train': 1},1,0,
16213,1,{'train': 1},1,0,
16218,3,{'train': 3},1,2,DUPLICATE_NEAR
16215,1,{'train': 1},1,0,
16217,1,{'train': 1},1,0,
16222,2,{'train': 2},2,0,
16220,1,{'train': 1},1,0,
16221,1,{'train': 1},1,0,
16223,1,{'train': 1},1,0,
16225,1,{'train': 1},1,0,
16229,2,{'train': 2},2,0,
16227,1,{'train': 1},1,0,
16230,1,{'train': 1},1,0,
16232,1,{'train': 1},1,0,
16233,1,{'train': 1},1,0,
16235,2,{'train': 2},2,0,
16240,4,{'train': 4},1,3,DUPLICATE_NEAR
16241,2,{'train': 2},2,0,
16242,1,{'train': 1},1,0,
16243,1,{'train': 1},1,0,
16244,1,{'train': 1},1,0,
16245,1,{'train': 1},1,0,
16247,1,{'train': 1},1,0,
16250,1,{'train': 1},1,0,
16251,1,{'train': 1},1,0,
16255,2,{'train': 2},2,0,
16256,1,{'train': 1},1,0,
16263,2,{'train': 2},2,0,
16258,1,{'train': 1},1,0,
16259,1,{'train': 1},1,0,
16261,1,{'train': 1},1,0,
16262,1,{'train': 1},1,0,
16264,1,{'train': 1},1,0,
16265,1,{'train': 1},1,0,
16266,1,{'train': 1},1,0,
16284,2,{'train': 2},2,0,
16268,1,{'train': 1},1,0,
16271,1,{'train': 1},1,0,
16272,1,{'train': 1},1,0,
16275,1,{'train': 1},1,0,
16279,1,{'train': 1},1,0,
16283,1,{'train': 1},1,0,
16290,2,{'train': 2},2,0,
16294,2,{'train': 2},2,0,
16298,2,{'train': 2},2,0,
16288,1,{'train': 1},1,0,
16292,2,{'train': 2},2,0,
16293,1,{'train': 1},1,0,
16301,2,{'train': 2},2,0,
16296,1,{'train': 1},1,0,
18249,4,{'train': 4},1,3,DUPLICATE_NEAR
16302,2,{'train': 2},2,0,
16303,1,{'train': 1},1,0,
16304,1,{'train': 1},1,0,
16306,1,{'train': 1},1,0,
16307,1,{'train': 1},1,0,
16308,1,{'train': 1},1,0,
16309,1,{'train': 1},1,0,
16313,1,{'train': 1},1,0,
16321,2,{'train': 2},2,0,
16317,1,{'train': 1},1,0,
16319,1,{'train': 1},1,0,
16320,1,{'train': 1},1,0,
16323,1,{'train': 1},1,0,
16324,1,{'train': 1},1,0,
16326,1,{'train': 1},1,0,
16327,1,{'train': 1},1,0,
16328,1,{'train': 1},1,0,
16332,2,{'train': 2},2,0,
16331,1,{'train': 1},1,0,
16333,1,{'train': 1},1,0,
16336,1,{'train': 1},1,0,
16339,1,{'train': 1},1,0,
16343,1,{'train': 1},1,0,
16347,4,{'train': 4},1,3,DUPLICATE_NEAR
16345,1,{'train': 1},1,0,
16348,1,{'train': 1},1,0,
16351,2,{'train': 2},2,0,
16353,1,{'train': 1},1,0,
16356,1,{'train': 1},1,0,
16357,1,{'train': 1},1,0,
16359,1,{'train': 1},1,0,
16362,2,{'train': 2},2,0,
16367,3,{'train': 3},1,2,DUPLICATE_NEAR
16365,1,{'train': 1},1,0,
16368,1,{'train': 1},1,0,
16370,1,{'train': 1},1,0,
16372,1,{'train': 1},1,0,
16373,1,{'train': 1},1,0,
16374,1,{'train': 1},1,0,
16376,1,{'train': 1},1,0,
16382,3,{'train': 3},1,2,DUPLICATE_NEAR
16379,1,{'train': 1},1,0,
16381,1,{'train': 1},1,0,
16383,1,{'train': 1},1,0,
16389,2,{'train': 2},2,0,
16386,1,{'train': 1},1,0,
16390,2,{'train': 2},2,0,
16388,1,{'train': 1},1,0,
16391,1,{'train': 1},1,0,
16392,1,{'train': 1},1,0,
16394,2,{'train': 2},2,0,
16395,1,{'train': 1},1,0,
16396,1,{'train': 1},1,0,
16397,1,{'train': 1},1,0,
16400,2,{'train': 2},2,0,
16403,1,{'train': 1},1,0,
16405,1,{'train': 1},1,0,
16406,1,{'train': 1},1,0,
16408,1,{'train': 1},1,0,
16409,1,{'train': 1},1,0,
16410,1,{'train': 1},1,0,
16416,3,{'train': 3},1,2,DUPLICATE_NEAR
16415,2,{'train': 2},2,0,
16414,1,{'train': 1},1,0,
16417,1,{'train': 1},1,0,
16418,1,{'train': 1},1,0,
16419,1,{'train': 1},1,0,
16422,2,{'train': 2},2,0,
16421,1,{'train': 1},1,0,
16423,1,{'train': 1},1,0,
47437,4,"{'train': 3, 'test': 1}",1,3,CROSS_SPLIT_NEARDUP_LEAKAGE;DUPLICATE_NEAR
16425,1,{'train': 1},1,0,
16435,2,{'train': 2},2,0,
16427,1,{'train': 1},1,0,
16428,1,{'train': 1},1,0,
16430,1,{'train': 1},1,0,
16431,1,{'train': 1},1,0,
16432,1,{'train': 1},1,0,
16433,1,{'train': 1},1,0,
16436,1,{'train': 1},1,0,
16444,5,{'train': 5},1,4,DUPLICATE_NEAR
16440,1,{'train': 1},1,0,
16442,1,{'train': 1},1,0,
16443,1,{'train': 1},1,0,
16461,2,{'train': 2},2,0,
16463,5,{'train': 5},1,4,DUPLICATE_NEAR
16455,1,{'train': 1},1,0,
16457,1,{'train': 1},1,0,
16458,1,{'train': 1},1,0,
16460,1,{'train': 1},1,0,
16462,1,{'train': 1},1,0,
16465,1,{'train': 1},1,0,
16466,1,{'train': 1},1,0,
16467,1,{'train': 1},1,0,
16468,1,{'train': 1},1,0,
16470,1,{'train': 1},1,0,
16472,1,{'train': 1},1,0,
16473,1,{'train': 1},1,0,
16474,1,{'train': 1},1,0,
16475,1,{'train': 1},1,0,
16476,1,{'train': 1},1,0,
16477,1,{'train': 1},1,0,
16478,1,{'train': 1},1,0,
16480,2,{'train': 2},2,0,
16487,2,{'train': 2},2,0,
16482,1,{'train': 1},1,0,
16483,1,{'train': 1},1,0,
16484,1,{'train': 1},1,0,
16486,1,{'train': 1},1,0,
16489,1,{'train': 1},1,0,
16490,1,{'train': 1},1,0,
16492,1,{'train': 1},1,0,
16493,1,{'train': 1},1,0,
16494,1,{'train': 1},1,0,
16501,2,{'train': 2},2,0,
16496,1,{'train': 1},1,0,
16497,1,{'train': 1},1,0,
16500,1,{'train': 1},1,0,
16503,1,{'train': 1},1,0,
16504,1,{'train': 1},1,0,
16505,1,{'train': 1},1,0,
16508,1,{'train': 1},1,0,
16509,1,{'train': 1},1,0,
16510,1,{'train': 1},1,0,
17245,2,{'train': 2},2,0,
16512,1,{'train': 1},1,0,
16513,1,{'train': 1},1,0,
16514,1,{'train': 1},1,0,
16515,1,{'train': 1},1,0,
16516,1,{'train': 1},1,0,
16517,1,{'train': 1},1,0,
16518,1,{'train': 1},1,0,
16519,1,{'train': 1},1,0,
16520,1,{'train': 1},1,0,
16526,2,{'train': 2},2,0,
16524,1,{'train': 1},1,0,
16525,1,{'train': 1},1,0,
16535,2,{'train': 2},2,0,
16529,3,{'train': 3},1,2,DUPLICATE_NEAR
16530,1,{'train': 1},1,0,
16531,1,{'train': 1},1,0,
16533,1,{'train': 1},1,0,
16537,1,{'train': 1},1,0,
16538,1,{'train': 1},1,0,
16543,3,{'train': 3},1,2,DUPLICATE_NEAR
16540,1,{'train': 1},1,0,
16541,1,{'train': 1},1,0,
16544,1,{'train': 1},1,0,
16546,2,{'train': 2},2,0,
16547,1,{'train': 1},1,0,
16548,1,{'train': 1},1,0,
16550,1,{'train': 1},1,0,
16553,1,{'train': 1},1,0,
16556,1,{'train': 1},1,0,
16558,1,{'train': 1},1,0,
16559,1,{'train': 1},1,0,
16569,2,{'train': 2},2,0,
16565,2,{'train': 2},2,0,
16562,1,{'train': 1},1,0,
16563,1,{'train': 1},1,0,
16564,1,{'train': 1},1,0,
16566,1,{'train': 1},1,0,
16567,1,{'train': 1},1,0,
16568,1,{'train': 1},1,0,
16571,1,{'train': 1},1,0,
16574,1,{'train': 1},1,0,
16578,1,{'train': 1},1,0,
16579,1,{'train': 1},1,0,
16582,1,{'train': 1},1,0,
16583,1,{'train': 1},1,0,
16585,1,{'train': 1},1,0,
16586,1,{'train': 1},1,0,
16587,1,{'train': 1},1,0,
16588,1,{'train': 1},1,0,
16589,1,{'train': 1},1,0,
16590,1,{'train': 1},1,0,
16601,2,{'train': 2},2,0,
16600,4,{'train': 4},1,3,DUPLICATE_NEAR
16593,1,{'train': 1},1,0,
16599,3,{'train': 3},1,2,DUPLICATE_NEAR
16598,1,{'train': 1},1,0,
16602,1,{'train': 1},1,0,
16603,1,{'train': 1},1,0,
16609,2,{'train': 2},2,0,
16605,1,{'train': 1},1,0,
16606,1,{'train': 1},1,0,
16611,2,{'train': 2},2,0,
16608,1,{'train': 1},1,0,
16610,1,{'train': 1},1,0,
16612,1,{'train': 1},1,0,
16613,1,{'train': 1},1,0,
16614,1,{'train': 1},1,0,
16615,1,{'train': 1},1,0,
16616,1,{'train': 1},1,0,
16617,1,{'train': 1},1,0,
16618,1,{'train': 1},1,0,
16619,1,{'train': 1},1,0,
16620,1,{'train': 1},1,0,
16621,1,{'train': 1},1,0,
16629,2,{'train': 2},2,0,
16624,1,{'train': 1},1,0,
16625,1,{'train': 1},1,0,
16626,1,{'train': 1},1,0,
16630,1,{'train': 1},1,0,
16631,1,{'train': 1},1,0,
16632,1,{'train': 1},1,0,
16633,1,{'train': 1},1,0,
16638,2,{'train': 2},2,0,
47350,2,"{'train': 1, 'test': 1}",1,1,CROSS_SPLIT_NEARDUP_LEAKAGE
16640,1,{'train': 1},1,0,
16641,1,{'train': 1},1,0,
16642,1,{'train': 1},1,0,
16643,1,{'train': 1},1,0,
16644,1,{'train': 1},1,0,
16647,1,{'train': 1},1,0,
16650,2,{'train': 2},2,0,
16651,1,{'train': 1},1,0,
16652,1,{'train': 1},1,0,
16658,2,{'train': 2},2,0,
16654,1,{'train': 1},1,0,
16656,2,{'train': 2},2,0,
16657,1,{'train': 1},1,0,
16660,1,{'train': 1},1,0,
16662,1,{'train': 1},1,0,
16664,1,{'train': 1},1,0,
16669,3,{'train': 3},1,2,DUPLICATE_NEAR
16666,1,{'train': 1},1,0,
16667,1,{'train': 1},1,0,
16670,1,{'train': 1},1,0,
16672,2,{'train': 2},2,0,
16673,1,{'train': 1},1,0,
16678,2,{'train': 2},2,0,
16675,1,{'train': 1},1,0,
16676,1,{'train': 1},1,0,
16677,1,{'train': 1},1,0,
16679,1,{'train': 1},1,0,
16680,1,{'train': 1},1,0,
16681,1,{'train': 1},1,0,
16682,1,{'train': 1},1,0,
16683,1,{'train': 1},1,0,
16684,1,{'train': 1},1,0,
16685,1,{'train': 1},1,0,
16686,1,{'train': 1},1,0,
16687,1,{'train': 1},1,0,
16689,1,{'train': 1},1,0,
16690,1,{'train': 1},1,0,
16691,1,{'train': 1},1,0,
16692,1,{'train': 1},1,0,
16695,1,{'train': 1},1,0,
16696,1,{'train': 1},1,0,
16698,1,{'train': 1},1,0,
16701,1,{'train': 1},1,0,
16702,1,{'train': 1},1,0,
16703,1,{'train': 1},1,0,
16705,1,{'train': 1},1,0,
16707,1,{'train': 1},1,0,
16708,1,{'train': 1},1,0,
16710,1,{'train': 1},1,0,
16712,1,{'train': 1},1,0,
16717,2,{'train': 2},2,0,
16715,1,{'train': 1},1,0,
16716,1,{'train': 1},1,0,
16718,1,{'train': 1},1,0,
16721,2,{'train': 2},2,0,
16720,1,{'train': 1},1,0,
16722,1,{'train': 1},1,0,
16723,1,{'train': 1},1,0,
16728,2,{'train': 2},2,0,
16726,1,{'train': 1},1,0,
16727,1,{'train': 1},1,0,
16736,2,{'train': 2},2,0,
16740,3,{'train': 3},1,2,DUPLICATE_NEAR
16734,1,{'train': 1},1,0,
16737,1,{'train': 1},1,0,
16739,1,{'train': 1},1,0,
16741,1,{'train': 1},1,0,
16744,2,{'train': 2},2,0,
16743,1,{'train': 1},1,0,
16745,1,{'train': 1},1,0,
16746,1,{'train': 1},1,0,
16747,1,{'train': 1},1,0,
16748,1,{'train': 1},1,0,
16753,2,{'train': 2},2,0,
16750,1,{'train': 1},1,0,
16752,2,{'train': 2},2,0,
16754,1,{'train': 1},1,0,
16755,1,{'train': 1},1,0,
16756,1,{'train': 1},1,0,
16757,1,{'train': 1},1,0,
16758,1,{'train': 1},1,0,
16759,1,{'train': 1},1,0,
16763,1,{'train': 1},1,0,
16764,1,{'train': 1},1,0,
16765,1,{'train': 1},1,0,
16766,1,{'train': 1},1,0,
16769,1,{'train': 1},1,0,
16770,1,{'train': 1},1,0,
16779,3,{'train': 3},1,2,DUPLICATE_NEAR
16772,1,{'train': 1},1,0,
16773,1,{'train': 1},1,0,
16774,1,{'train': 1},1,0,
16775,1,{'train': 1},1,0,
16780,1,{'train': 1},1,0,
16782,1,{'train': 1},1,0,
16784,2,{'train': 2},2,0,
16788,1,{'train': 1},1,0,
16789,1,{'train': 1},1,0,
16790,1,{'train': 1},1,0,
16791,1,{'train': 1},1,0,
16792,1,{'train': 1},1,0,
16793,1,{'train': 1},1,0,
16794,1,{'train': 1},1,0,
16796,1,{'train': 1},1,0,
16798,1,{'train': 1},1,0,
16800,2,{'train': 2},2,0,
16801,1,{'train': 1},1,0,
16805,2,{'train': 2},2,0,
16804,1,{'train': 1},1,0,
16806,1,{'train': 1},1,0,
16808,2,{'train': 2},2,0,
16811,3,{'train': 3},1,2,DUPLICATE_NEAR
16810,1,{'train': 1},1,0,
16812,1,{'train': 1},1,0,
16813,1,{'train': 1},1,0,
16814,1,{'train': 1},1,0,
16817,2,{'train': 2},2,0,
16820,2,{'train': 2},2,0,
16822,1,{'train': 1},1,0,
16823,1,{'train': 1},1,0,
16824,1,{'train': 1},1,0,
16826,1,{'train': 1},1,0,
16827,1,{'train': 1},1,0,
16828,1,{'train': 1},1,0,
16829,1,{'train': 1},1,0,
16837,2,{'train': 2},2,0,
16831,1,{'train': 1},1,0,
16858,2,{'train': 2},2,0,
16833,1,{'train': 1},1,0,
16835,1,{'train': 1},1,0,
16836,1,{'train': 1},1,0,
16838,1,{'train': 1},1,0,
16839,1,{'train': 1},1,0,
16840,1,{'train': 1},1,0,
16841,1,{'train': 1},1,0,
16845,2,{'train': 2},2,0,
16843,1,{'train': 1},1,0,
16846,1,{'train': 1},1,0,
16847,1,{'train': 1},1,0,
16851,3,{'train': 3},1,2,DUPLICATE_NEAR
16852,1,{'train': 1},1,0,
16861,4,{'train': 4},1,3,DUPLICATE_NEAR
16855,1,{'train': 1},1,0,
16862,1,{'train': 1},1,0,
16863,1,{'train': 1},1,0,
16865,1,{'train': 1},1,0,
16866,1,{'train': 1},1,0,
16867,1,{'train': 1},1,0,
16868,1,{'train': 1},1,0,
16869,1,{'train': 1},1,0,
16870,1,{'train': 1},1,0,
16871,1,{'train': 1},1,0,
16872,1,{'train': 1},1,0,
16873,1,{'train': 1},1,0,
16875,1,{'train': 1},1,0,
16876,1,{'train': 1},1,0,
16877,1,{'train': 1},1,0,
16879,1,{'train': 1},1,0,
16880,1,{'train': 1},1,0,
16894,2,{'train': 2},2,0,
16882,1,{'train': 1},1,0,
16883,1,{'train': 1},1,0,
16884,1,{'train': 1},1,0,
17724,2,{'train': 2},2,0,
16888,3,{'train': 3},1,2,DUPLICATE_NEAR
16889,1,{'train': 1},1,0,
16890,1,{'train': 1},1,0,
16892,2,{'train': 2},2,0,
16893,1,{'train': 1},1,0,
16895,1,{'train': 1},1,0,
16897,1,{'train': 1},1,0,
16898,1,{'train': 1},1,0,
16899,1,{'train': 1},1,0,
16900,1,{'train': 1},1,0,
16901,1,{'train': 1},1,0,
16902,1,{'train': 1},1,0,
16903,1,{'train': 1},1,0,
16904,1,{'train': 1},1,0,
16906,1,{'train': 1},1,0,
16907,1,{'train': 1},1,0,
16909,1,{'train': 1},1,0,
16910,1,{'train': 1},1,0,
16912,1,{'train': 1},1,0,
16913,1,{'train': 1},1,0,
16916,2,{'train': 2},2,0,
16920,1,{'train': 1},1,0,
16921,1,{'train': 1},1,0,
16923,2,{'train': 2},2,0,
16924,1,{'train': 1},1,0,
19116,7,{'train': 7},1,6,DUPLICATE_NEAR
16926,1,{'train': 1},1,0,
16929,1,{'train': 1},1,0,
16930,1,{'train': 1},1,0,
16931,1,{'train': 1},1,0,
16933,1,{'train': 1},1,0,
16940,3,{'train': 3},1,2,DUPLICATE_NEAR
16935,1,{'train': 1},1,0,
16938,3,{'train': 3},1,2,DUPLICATE_NEAR
16941,1,{'train': 1},1,0,
16942,1,{'train': 1},1,0,
16943,1,{'train': 1},1,0,
16944,1,{'train': 1},1,0,
16945,1,{'train': 1},1,0,
16946,1,{'train': 1},1,0,
16947,1,{'train': 1},1,0,
16948,1,{'train': 1},1,0,
16949,1,{'train': 1},1,0,
16950,1,{'train': 1},1,0,
16954,2,{'train': 2},2,0,
16956,2,{'train': 2},2,0,
16953,1,{'train': 1},1,0,
16955,1,{'train': 1},1,0,
16958,2,{'train': 2},2,0,
16959,1,{'train': 1},1,0,
47580,2,"{'train': 1, 'test': 1}",1,1,CROSS_SPLIT_NEARDUP_LEAKAGE
16961,1,{'train': 1},1,0,
16962,1,{'train': 1},1,0,
16963,1,{'train': 1},1,0,
16965,3,{'train': 3},1,2,DUPLICATE_NEAR
16967,1,{'train': 1},1,0,
16968,1,{'train': 1},1,0,
16974,2,{'train': 2},2,0,
16970,1,{'train': 1},1,0,
16971,1,{'train': 1},1,0,
16973,1,{'train': 1},1,0,
16975,1,{'train': 1},1,0,
16977,1,{'train': 1},1,0,
16987,3,{'train': 3},1,2,DUPLICATE_NEAR
16992,4,{'train': 4},1,3,DUPLICATE_NEAR
16980,1,{'train': 1},1,0,
16984,1,{'train': 1},1,0,
16986,2,{'train': 2},2,0,
16988,1,{'train': 1},1,0,
16989,1,{'train': 1},1,0,
16990,1,{'train': 1},1,0,
16991,1,{'train': 1},1,0,
16993,1,{'train': 1},1,0,
16994,1,{'train': 1},1,0,
16995,1,{'train': 1},1,0,
16996,1,{'train': 1},1,0,
16998,1,{'train': 1},1,0,
16999,1,{'train': 1},1,0,
17000,1,{'train': 1},1,0,
17001,1,{'train': 1},1,0,
17002,1,{'train': 1},1,0,
17005,1,{'train': 1},1,0,
17006,1,{'train': 1},1,0,
17009,1,{'train': 1},1,0,
17010,1,{'train': 1},1,0,
17011,1,{'train': 1},1,0,
17018,2,{'train': 2},2,0,
17013,1,{'train': 1},1,0,
17020,2,{'train': 2},2,0,
17017,2,{'train': 2},2,0,
17016,1,{'train': 1},1,0,
17019,1,{'train': 1},1,0,
17021,1,{'train': 1},1,0,
17022,1,{'train': 1},1,0,
17029,2,{'train': 2},2,0,
42253,3,"{'train': 1, 'val': 2}",2,1,CROSS_SPLIT_NEARDUP_LEAKAGE
17034,2,{'train': 2},2,0,
17032,2,{'train': 2},2,0,
18910,2,{'train': 2},2,0,
17030,1,{'train': 1},1,0,
17031,1,{'train': 1},1,0,
42530,5,"{'train': 3, 'val': 2}",1,4,CROSS_SPLIT_NEARDUP_LEAKAGE;DUPLICATE_NEAR
17035,1,{'train': 1},1,0,
17036,1,{'train': 1},1,0,
17038,1,{'train': 1},1,0,
17039,1,{'train': 1},1,0,
17040,1,{'train': 1},1,0,
17041,1,{'train': 1},1,0,
17042,1,{'train': 1},1,0,
17043,1,{'train': 1},1,0,
17044,1,{'train': 1},1,0,
17047,2,{'train': 2},2,0,
17046,1,{'train': 1},1,0,
17048,1,{'train': 1},1,0,
17049,1,{'train': 1},1,0,
17052,2,{'train': 2},2,0,
17051,1,{'train': 1},1,0,
17054,1,{'train': 1},1,0,
17055,1,{'train': 1},1,0,
17056,1,{'train': 1},1,0,
17057,1,{'train': 1},1,0,
17058,1,{'train': 1},1,0,
17059,1,{'train': 1},1,0,
17060,1,{'train': 1},1,0,
17061,1,{'train': 1},1,0,
17062,1,{'train': 1},1,0,
17064,1,{'train': 1},1,0,
17065,1,{'train': 1},1,0,
17066,1,{'train': 1},1,0,
17069,1,{'train': 1},1,0,
17071,1,{'train': 1},1,0,
17072,1,{'train': 1},1,0,
17073,1,{'train': 1},1,0,
17074,1,{'train': 1},1,0,
17075,1,{'train': 1},1,0,
17076,1,{'train': 1},1,0,
17077,1,{'train': 1},1,0,
17078,1,{'train': 1},1,0,
17079,1,{'train': 1},1,0,
17080,1,{'train': 1},1,0,
17095,5,{'train': 5},1,4,DUPLICATE_NEAR
17094,2,{'train': 2},2,0,
17087,1,{'train': 1},1,0,
17098,3,{'train': 3},1,2,DUPLICATE_NEAR
17091,2,{'train': 2},2,0,
17092,1,{'train': 1},1,0,
17093,1,{'train': 1},1,0,
17096,1,{'train': 1},1,0,
17099,1,{'train': 1},1,0,
17100,1,{'train': 1},1,0,
17101,1,{'train': 1},1,0,
17102,1,{'train': 1},1,0,
17103,1,{'train': 1},1,0,
17104,1,{'train': 1},1,0,
17105,1,{'train': 1},1,0,
17106,1,{'train': 1},1,0,
17107,1,{'train': 1},1,0,
17109,2,{'train': 2},2,0,
17110,1,{'train': 1},1,0,
17111,1,{'train': 1},1,0,
17112,1,{'train': 1},1,0,
17114,1,{'train': 1},1,0,
17115,1,{'train': 1},1,0,
17116,1,{'train': 1},1,0,
17117,1,{'train': 1},1,0,
17118,1,{'train': 1},1,0,
17121,1,{'train': 1},1,0,
17123,1,{'train': 1},1,0,
17124,1,{'train': 1},1,0,
17126,1,{'train': 1},1,0,
17127,1,{'train': 1},1,0,
17128,1,{'train': 1},1,0,
17129,1,{'train': 1},1,0,
17130,1,{'train': 1},1,0,
17131,1,{'train': 1},1,0,
17133,2,{'train': 2},2,0,
17134,1,{'train': 1},1,0,
17135,1,{'train': 1},1,0,
17136,1,{'train': 1},1,0,
17140,2,{'train': 2},2,0,
17139,1,{'train': 1},1,0,
17141,1,{'train': 1},1,0,
17142,1,{'train': 1},1,0,
17149,2,{'train': 2},2,0,
17144,1,{'train': 1},1,0,
17151,3,{'train': 3},1,2,DUPLICATE_NEAR
17146,1,{'train': 1},1,0,
17148,1,{'train': 1},1,0,
17150,1,{'train': 1},1,0,
17152,1,{'train': 1},1,0,
17153,1,{'train': 1},1,0,
17154,1,{'train': 1},1,0,
17155,1,{'train': 1},1,0,
17162,4,{'train': 4},1,3,DUPLICATE_NEAR
17158,1,{'train': 1},1,0,
17166,2,{'train': 2},2,0,
17164,1,{'train': 1},1,0,
17167,2,{'train': 2},2,0,
17185,4,{'train': 4},1,3,DUPLICATE_NEAR
17171,1,{'train': 1},1,0,
17172,1,{'train': 1},1,0,
17187,2,{'train': 2},2,0,
17178,1,{'train': 1},1,0,
17184,2,{'train': 2},2,0,
17182,1,{'train': 1},1,0,
17183,1,{'train': 1},1,0,
17186,1,{'train': 1},1,0,
17189,1,{'train': 1},1,0,
17190,1,{'train': 1},1,0,
17195,1,{'train': 1},1,0,
17196,1,{'train': 1},1,0,
17197,1,{'train': 1},1,0,
17198,1,{'train': 1},1,0,
17199,1,{'train': 1},1,0,
17201,2,{'train': 2},2,0,
17202,1,{'train': 1},1,0,
17205,1,{'train': 1},1,0,
17206,1,{'train': 1},1,0,
17207,1,{'train': 1},1,0,
17208,1,{'train': 1},1,0,
17209,1,{'train': 1},1,0,
17216,5,{'train': 5},1,4,DUPLICATE_NEAR
17214,1,{'train': 1},1,0,
17215,1,{'train': 1},1,0,
17227,2,{'train': 2},2,0,
17221,1,{'train': 1},1,0,
17223,1,{'train': 1},1,0,
17226,1,{'train': 1},1,0,
17228,1,{'train': 1},1,0,
17229,1,{'train': 1},1,0,
17230,1,{'train': 1},1,0,
17231,1,{'train': 1},1,0,
17232,1,{'train': 1},1,0,
17234,1,{'train': 1},1,0,
17235,1,{'train': 1},1,0,
17236,1,{'train': 1},1,0,
17237,1,{'train': 1},1,0,
17239,1,{'train': 1},1,0,
17240,1,{'train': 1},1,0,
17241,1,{'train': 1},1,0,
17242,1,{'train': 1},1,0,
17243,1,{'train': 1},1,0,
17247,1,{'train': 1},1,0,
17248,1,{'train': 1},1,0,
17249,1,{'train': 1},1,0,
17251,1,{'train': 1},1,0,
17254,1,{'train': 1},1,0,
17255,1,{'train': 1},1,0,
17256,1,{'train': 1},1,0,
17257,1,{'train': 1},1,0,
17258,1,{'train': 1},1,0,
17259,1,{'train': 1},1,0,
17263,2,{'train': 2},2,0,
17270,3,{'train': 3},1,2,DUPLICATE_NEAR
17264,1,{'train': 1},1,0,
17266,1,{'train': 1},1,0,
17267,1,{'train': 1},1,0,
17268,1,{'train': 1},1,0,
17271,1,{'train': 1},1,0,
17272,1,{'train': 1},1,0,
17273,1,{'train': 1},1,0,
17274,1,{'train': 1},1,0,
17275,1,{'train': 1},1,0,
17276,1,{'train': 1},1,0,
17277,1,{'train': 1},1,0,
17278,1,{'train': 1},1,0,
17279,1,{'train': 1},1,0,
17280,1,{'train': 1},1,0,
17281,1,{'train': 1},1,0,
17282,1,{'train': 1},1,0,
17283,1,{'train': 1},1,0,
17291,3,"{'train': 2, 'val': 1}",2,1,CROSS_SPLIT_NEARDUP_LEAKAGE
17289,2,{'train': 2},2,0,
17286,1,{'train': 1},1,0,
17288,1,{'train': 1},1,0,
17290,1,{'train': 1},1,0,
17292,1,{'train': 1},1,0,
17294,1,{'train': 1},1,0,
17295,1,{'train': 1},1,0,
17296,1,{'train': 1},1,0,
17297,1,{'train': 1},1,0,
17298,1,{'train': 1},1,0,
17299,1,{'train': 1},1,0,
17300,1,{'train': 1},1,0,
17302,1,{'train': 1},1,0,
17303,1,{'train': 1},1,0,
17310,2,{'train': 2},2,0,
17309,3,{'train': 3},1,2,DUPLICATE_NEAR
17306,1,{'train': 1},1,0,
17307,1,{'train': 1},1,0,
17311,1,{'train': 1},1,0,
17312,1,{'train': 1},1,0,
17313,1,{'train': 1},1,0,
17314,1,{'train': 1},1,0,
17315,1,{'train': 1},1,0,
17319,2,{'train': 2},2,0,
17320,1,{'train': 1},1,0,
17321,1,{'train': 1},1,0,
17322,1,{'train': 1},1,0,
17325,2,{'train': 2},2,0,
17324,1,{'train': 1},1,0,
17326,1,{'train': 1},1,0,
17329,2,{'train': 2},2,0,
17330,1,{'train': 1},1,0,
17331,1,{'train': 1},1,0,
47577,3,"{'train': 2, 'test': 1}",2,1,CROSS_SPLIT_NEARDUP_LEAKAGE
17333,1,{'train': 1},1,0,
17334,1,{'train': 1},1,0,
17335,1,{'train': 1},1,0,
17336,1,{'train': 1},1,0,
17338,2,{'train': 2},2,0,
17339,1,{'train': 1},1,0,
17341,1,{'train': 1},1,0,
17342,1,{'train': 1},1,0,
17348,4,{'train': 4},1,3,DUPLICATE_NEAR
17346,2,{'train': 2},2,0,
17345,1,{'train': 1},1,0,
17350,1,{'train': 1},1,0,
17351,1,{'train': 1},1,0,
17352,1,{'train': 1},1,0,
17353,1,{'train': 1},1,0,
17354,1,{'train': 1},1,0,
17356,1,{'train': 1},1,0,
17357,1,{'train': 1},1,0,
17358,1,{'train': 1},1,0,
17359,1,{'train': 1},1,0,
17361,1,{'train': 1},1,0,
17362,1,{'train': 1},1,0,
17363,1,{'train': 1},1,0,
17364,1,{'train': 1},1,0,
17365,1,{'train': 1},1,0,
17366,1,{'train': 1},1,0,
17367,1,{'train': 1},1,0,
17381,3,{'train': 3},1,2,DUPLICATE_NEAR
17369,1,{'train': 1},1,0,
17382,4,{'train': 4},1,3,DUPLICATE_NEAR
17371,1,{'train': 1},1,0,
17372,1,{'train': 1},1,0,
17383,2,{'train': 2},2,0,
17375,1,{'train': 1},1,0,
17377,1,{'train': 1},1,0,
17379,1,{'train': 1},1,0,
17380,1,{'train': 1},1,0,
17384,1,{'train': 1},1,0,
17386,1,{'train': 1},1,0,
17388,2,{'train': 2},2,0,
17389,1,{'train': 1},1,0,
17398,3,{'train': 3},1,2,DUPLICATE_NEAR
17395,1,{'train': 1},1,0,
17397,1,{'train': 1},1,0,
17399,1,{'train': 1},1,0,
17400,1,{'train': 1},1,0,
17401,1,{'train': 1},1,0,
17402,1,{'train': 1},1,0,
17409,3,{'train': 3},1,2,DUPLICATE_NEAR
17404,1,{'train': 1},1,0,
17405,1,{'train': 1},1,0,
17406,1,{'train': 1},1,0,
17408,1,{'train': 1},1,0,
17410,1,{'train': 1},1,0,
17411,1,{'train': 1},1,0,
17413,1,{'train': 1},1,0,
17415,2,{'train': 2},2,0,
17416,1,{'train': 1},1,0,
17417,1,{'train': 1},1,0,
17418,1,{'train': 1},1,0,
17419,1,{'train': 1},1,0,
17420,1,{'train': 1},1,0,
17421,1,{'train': 1},1,0,
17422,1,{'train': 1},1,0,
17430,4,{'train': 4},1,3,DUPLICATE_NEAR
17424,1,{'train': 1},1,0,
17429,1,{'train': 1},1,0,
17431,1,{'train': 1},1,0,
17447,4,{'train': 4},1,3,DUPLICATE_NEAR
17434,1,{'train': 1},1,0,
17437,1,{'train': 1},1,0,
17445,2,{'train': 2},2,0,
17442,1,{'train': 1},1,0,
17446,1,{'train': 1},1,0,
17448,1,{'train': 1},1,0,
17459,4,{'train': 4},1,3,DUPLICATE_NEAR
17453,1,{'train': 1},1,0,
17454,1,{'train': 1},1,0,
17455,1,{'train': 1},1,0,
17457,1,{'train': 1},1,0,
17458,1,{'train': 1},1,0,
17460,1,{'train': 1},1,0,
17461,1,{'train': 1},1,0,
17462,1,{'train': 1},1,0,
17463,1,{'train': 1},1,0,
17465,1,{'train': 1},1,0,
17466,1,{'train': 1},1,0,
17468,2,{'train': 2},2,0,
17469,1,{'train': 1},1,0,
17471,1,{'train': 1},1,0,
17472,1,{'train': 1},1,0,
17474,1,{'train': 1},1,0,
17475,1,{'train': 1},1,0,
17476,1,{'train': 1},1,0,
17477,1,{'train': 1},1,0,
17478,1,{'train': 1},1,0,
17480,1,{'train': 1},1,0,
17493,4,{'train': 4},1,3,DUPLICATE_NEAR
17486,2,{'train': 2},2,0,
17485,1,{'train': 1},1,0,
17496,3,{'train': 3},1,2,DUPLICATE_NEAR
17489,1,{'train': 1},1,0,
17495,1,{'train': 1},1,0,
17500,1,{'train': 1},1,0,
17506,2,{'train': 2},2,0,
17503,1,{'train': 1},1,0,
17504,1,{'train': 1},1,0,
17507,2,{'train': 2},2,0,
17508,1,{'train': 1},1,0,
17510,2,{'train': 2},2,0,
17511,1,{'train': 1},1,0,
17512,1,{'train': 1},1,0,
17513,1,{'train': 1},1,0,
17516,2,{'train': 2},2,0,
17515,1,{'train': 1},1,0,
17517,1,{'train': 1},1,0,
17518,1,{'train': 1},1,0,
17519,1,{'train': 1},1,0,
17529,2,{'train': 2},2,0,
17523,2,{'train': 2},2,0,
17522,1,{'train': 1},1,0,
17524,1,{'train': 1},1,0,
17525,1,{'train': 1},1,0,
17526,1,{'train': 1},1,0,
17527,1,{'train': 1},1,0,
17528,1,{'train': 1},1,0,
17532,1,{'train': 1},1,0,
17533,1,{'train': 1},1,0,
17536,1,{'train': 1},1,0,
17540,2,{'train': 2},2,0,
17538,1,{'train': 1},1,0,
17539,1,{'train': 1},1,0,
17541,1,{'train': 1},1,0,
17542,1,{'train': 1},1,0,
17543,1,{'train': 1},1,0,
17544,1,{'train': 1},1,0,
17545,1,{'train': 1},1,0,
17546,1,{'train': 1},1,0,
17547,1,{'train': 1},1,0,
17549,1,{'train': 1},1,0,
17551,1,{'train': 1},1,0,
17552,1,{'train': 1},1,0,
17557,2,{'train': 2},2,0,
17556,2,{'train': 2},2,0,
17558,1,{'train': 1},1,0,
17564,2,{'train': 2},2,0,
17560,1,{'train': 1},1,0,
17563,1,{'train': 1},1,0,
17565,1,{'train': 1},1,0,
17566,1,{'train': 1},1,0,
17567,1,{'train': 1},1,0,
17573,4,{'train': 4},1,3,DUPLICATE_NEAR
17571,2,{'train': 2},2,0,
17574,1,{'train': 1},1,0,
17576,1,{'train': 1},1,0,
17578,1,{'train': 1},1,0,
17579,1,{'train': 1},1,0,
17596,4,{'train': 4},1,3,DUPLICATE_NEAR
17592,2,{'train': 2},2,0,
17584,1,{'train': 1},1,0,
17585,1,{'train': 1},1,0,
17586,1,{'train': 1},1,0,
17587,1,{'train': 1},1,0,
17594,3,{'train': 3},1,2,DUPLICATE_NEAR
17590,1,{'train': 1},1,0,
17591,1,{'train': 1},1,0,
17593,1,{'train': 1},1,0,
17595,1,{'train': 1},1,0,
17605,2,{'train': 2},2,0,
17601,1,{'train': 1},1,0,
17602,1,{'train': 1},1,0,
17604,1,{'train': 1},1,0,
17607,1,{'train': 1},1,0,
17608,1,{'train': 1},1,0,
17609,1,{'train': 1},1,0,
17610,1,{'train': 1},1,0,
17614,2,{'train': 2},2,0,
17612,1,{'train': 1},1,0,
17613,1,{'train': 1},1,0,
17615,1,{'train': 1},1,0,
17616,1,{'train': 1},1,0,
17617,1,{'train': 1},1,0,
17622,2,{'train': 2},2,0,
17619,1,{'train': 1},1,0,
17620,1,{'train': 1},1,0,
17621,1,{'train': 1},1,0,
17625,3,{'train': 3},1,2,DUPLICATE_NEAR
17624,1,{'train': 1},1,0,
17634,2,{'train': 2},2,0,
17627,1,{'train': 1},1,0,
17628,1,{'train': 1},1,0,
17630,1,{'train': 1},1,0,
17631,1,{'train': 1},1,0,
17633,1,{'train': 1},1,0,
17635,1,{'train': 1},1,0,
17636,1,{'train': 1},1,0,
17643,2,{'train': 2},2,0,
17642,2,{'train': 2},2,0,
17639,1,{'train': 1},1,0,
17641,1,{'train': 1},1,0,
17645,1,{'train': 1},1,0,
17646,1,{'train': 1},1,0,
17647,1,{'train': 1},1,0,
17651,2,{'train': 2},2,0,
17649,1,{'train': 1},1,0,
17650,1,{'train': 1},1,0,
17652,1,{'train': 1},1,0,
17653,1,{'train': 1},1,0,
17654,1,{'train': 1},1,0,
17655,1,{'train': 1},1,0,
17656,1,{'train': 1},1,0,
17657,1,{'train': 1},1,0,
17672,3,{'train': 3},1,2,DUPLICATE_NEAR
17659,1,{'train': 1},1,0,
17660,1,{'train': 1},1,0,
17661,1,{'train': 1},1,0,
17671,2,{'train': 2},2,0,
17670,2,{'train': 2},2,0,
17667,1,{'train': 1},1,0,
17669,1,{'train': 1},1,0,
17674,1,{'train': 1},1,0,
17697,2,{'train': 2},2,0,
17676,1,{'train': 1},1,0,
17679,1,{'train': 1},1,0,
17680,1,{'train': 1},1,0,
17681,1,{'train': 1},1,0,
17682,1,{'train': 1},1,0,
17683,1,{'train': 1},1,0,
17684,1,{'train': 1},1,0,
17686,2,{'train': 2},2,0,
17687,1,{'train': 1},1,0,
17688,1,{'train': 1},1,0,
17689,1,{'train': 1},1,0,
17690,1,{'train': 1},1,0,
17693,2,{'train': 2},2,0,
17692,1,{'train': 1},1,0,
17694,1,{'train': 1},1,0,
17695,1,{'train': 1},1,0,
17696,1,{'train': 1},1,0,
17698,1,{'train': 1},1,0,
17699,1,{'train': 1},1,0,
17704,2,{'train': 2},2,0,
17701,1,{'train': 1},1,0,
17702,1,{'train': 1},1,0,
17705,1,{'train': 1},1,0,
17706,1,{'train': 1},1,0,
17707,1,{'train': 1},1,0,
17708,1,{'train': 1},1,0,
17718,3,{'train': 3},1,2,DUPLICATE_NEAR
17710,1,{'train': 1},1,0,
17711,1,{'train': 1},1,0,
17713,1,{'train': 1},1,0,
17714,1,{'train': 1},1,0,
17717,2,{'train': 2},2,0,
17716,1,{'train': 1},1,0,
17719,1,{'train': 1},1,0,
17720,1,{'train': 1},1,0,
17721,1,{'train': 1},1,0,
17722,1,{'train': 1},1,0,
17725,1,{'train': 1},1,0,
17726,1,{'train': 1},1,0,
17727,1,{'train': 1},1,0,
17736,3,{'train': 3},1,2,DUPLICATE_NEAR
19167,2,{'train': 2},2,0,
17731,1,{'train': 1},1,0,
17737,2,{'train': 2},2,0,
17740,2,{'train': 2},2,0,
17734,1,{'train': 1},1,0,
17741,1,{'train': 1},1,0,
17743,1,{'train': 1},1,0,
17744,1,{'train': 1},1,0,
17746,1,{'train': 1},1,0,
17747,1,{'train': 1},1,0,
17748,1,{'train': 1},1,0,
17753,1,{'train': 1},1,0,
17754,1,{'train': 1},1,0,
17755,1,{'train': 1},1,0,
17757,1,{'train': 1},1,0,
17758,1,{'train': 1},1,0,
17759,1,{'train': 1},1,0,
17760,1,{'train': 1},1,0,
17761,1,{'train': 1},1,0,
17762,1,{'train': 1},1,0,
17763,1,{'train': 1},1,0,
17764,1,{'train': 1},1,0,
17765,1,{'train': 1},1,0,
17766,1,{'train': 1},1,0,
17767,1,{'train': 1},1,0,
17768,1,{'train': 1},1,0,
17770,2,{'train': 2},2,0,
17771,1,{'train': 1},1,0,
17773,2,{'train': 2},2,0,
17774,1,{'train': 1},1,0,
17777,1,{'train': 1},1,0,
17778,1,{'train': 1},1,0,
17784,2,{'train': 2},2,0,
17780,1,{'train': 1},1,0,
17791,2,{'train': 2},2,0,
17783,1,{'train': 1},1,0,
17788,2,{'train': 2},2,0,
17787,1,{'train': 1},1,0,
17790,1,{'train': 1},1,0,
17792,1,{'train': 1},1,0,
17793,1,{'train': 1},1,0,
17794,1,{'train': 1},1,0,
17795,1,{'train': 1},1,0,
17800,2,{'train': 2},2,0,
17801,1,{'train': 1},1,0,
17812,2,{'train': 2},2,0,
17803,1,{'train': 1},1,0,
17807,2,{'train': 2},2,0,
17806,1,{'train': 1},1,0,
17808,1,{'train': 1},1,0,
17809,1,{'train': 1},1,0,
17814,2,{'train': 2},2,0,
17824,4,{'train': 4},1,3,DUPLICATE_NEAR
17816,1,{'train': 1},1,0,
17825,3,{'train': 3},1,2,DUPLICATE_NEAR
17821,1,{'train': 1},1,0,
17822,1,{'train': 1},1,0,
17823,1,{'train': 1},1,0,
17827,2,{'train': 2},2,0,
17837,3,{'train': 3},1,2,DUPLICATE_NEAR
17832,1,{'train': 1},1,0,
17833,1,{'train': 1},1,0,
17839,2,{'train': 2},2,0,
17835,1,{'train': 1},1,0,
17836,1,{'train': 1},1,0,
17840,1,{'train': 1},1,0,
17842,1,{'train': 1},1,0,
17843,1,{'train': 1},1,0,
17845,1,{'train': 1},1,0,
17849,3,{'train': 3},1,2,DUPLICATE_NEAR
17851,1,{'train': 1},1,0,
17857,2,{'train': 2},2,0,
17866,3,{'train': 3},1,2,DUPLICATE_NEAR
17862,3,{'train': 3},1,2,DUPLICATE_NEAR
17855,1,{'train': 1},1,0,
17865,3,{'train': 3},1,2,DUPLICATE_NEAR
17860,1,{'train': 1},1,0,
17861,1,{'train': 1},1,0,
17863,1,{'train': 1},1,0,
17868,1,{'train': 1},1,0,
17869,1,{'train': 1},1,0,
17875,3,{'train': 3},1,2,DUPLICATE_NEAR
17871,1,{'train': 1},1,0,
17876,2,{'train': 2},2,0,
17874,1,{'train': 1},1,0,
17877,1,{'train': 1},1,0,
17878,1,{'train': 1},1,0,
17880,1,{'train': 1},1,0,
17881,1,{'train': 1},1,0,
17882,1,{'train': 1},1,0,
17883,1,{'train': 1},1,0,
17888,3,{'train': 3},1,2,DUPLICATE_NEAR
17885,1,{'train': 1},1,0,
17887,1,{'train': 1},1,0,
17889,1,{'train': 1},1,0,
17890,1,{'train': 1},1,0,
17891,1,{'train': 1},1,0,
17892,1,{'train': 1},1,0,
17900,3,{'train': 3},1,2,DUPLICATE_NEAR
17895,1,{'train': 1},1,0,
17896,1,{'train': 1},1,0,
17897,1,{'train': 1},1,0,
17899,1,{'train': 1},1,0,
17903,2,{'train': 2},2,0,
17902,1,{'train': 1},1,0,
17904,1,{'train': 1},1,0,
17905,1,{'train': 1},1,0,
17907,1,{'train': 1},1,0,
17909,2,{'train': 2},2,0,
17910,1,{'train': 1},1,0,
17911,1,{'train': 1},1,0,
17912,1,{'train': 1},1,0,
17914,2,{'train': 2},2,0,
17918,3,{'train': 3},1,2,DUPLICATE_NEAR
17920,2,{'train': 2},2,0,
17919,1,{'train': 1},1,0,
17921,1,{'train': 1},1,0,
17922,1,{'train': 1},1,0,
17928,2,{'train': 2},2,0,
17924,1,{'train': 1},1,0,
17925,1,{'train': 1},1,0,
17926,1,{'train': 1},1,0,
17929,2,{'train': 2},2,0,
17930,1,{'train': 1},1,0,
17945,2,{'train': 2},2,0,
17933,1,{'train': 1},1,0,
17934,1,{'train': 1},1,0,
17943,2,{'train': 2},2,0,
17936,1,{'train': 1},1,0,
17937,1,{'train': 1},1,0,
17938,1,{'train': 1},1,0,
17940,1,{'train': 1},1,0,
17941,1,{'train': 1},1,0,
17944,1,{'train': 1},1,0,
17946,1,{'train': 1},1,0,
17952,3,{'train': 3},1,2,DUPLICATE_NEAR
17948,1,{'train': 1},1,0,
17950,1,{'train': 1},1,0,
17951,1,{'train': 1},1,0,
17953,1,{'train': 1},1,0,
17957,2,{'train': 2},2,0,
17956,1,{'train': 1},1,0,
17958,1,{'train': 1},1,0,
17959,1,{'train': 1},1,0,
17960,1,{'train': 1},1,0,
17974,4,{'train': 4},1,3,DUPLICATE_NEAR
17962,1,{'train': 1},1,0,
17964,1,{'train': 1},1,0,
17966,1,{'train': 1},1,0,
17967,1,{'train': 1},1,0,
17968,1,{'train': 1},1,0,
17969,1,{'train': 1},1,0,
17970,1,{'train': 1},1,0,
17971,1,{'train': 1},1,0,
17975,2,{'train': 2},2,0,
17973,1,{'train': 1},1,0,
17976,1,{'train': 1},1,0,
17977,1,{'train': 1},1,0,
17979,2,{'train': 2},2,0,
17983,2,{'train': 2},2,0,
17982,1,{'train': 1},1,0,
17989,3,{'train': 3},1,2,DUPLICATE_NEAR
17986,1,{'train': 1},1,0,
17987,1,{'train': 1},1,0,
17988,1,{'train': 1},1,0,
17990,1,{'train': 1},1,0,
17992,2,{'train': 2},2,0,
17993,1,{'train': 1},1,0,
18001,3,{'train': 3},1,2,DUPLICATE_NEAR
17997,1,{'train': 1},1,0,
18002,2,{'train': 2},2,0,
17999,1,{'train': 1},1,0,
18000,1,{'train': 1},1,0,
18003,1,{'train': 1},1,0,
18004,1,{'train': 1},1,0,
18011,2,{'train': 2},2,0,
18006,1,{'train': 1},1,0,
18007,1,{'train': 1},1,0,
18008,1,{'train': 1},1,0,
18009,1,{'train': 1},1,0,
18010,1,{'train': 1},1,0,
18012,1,{'train': 1},1,0,
18017,2,{'train': 2},2,0,
18014,1,{'train': 1},1,0,
18015,1,{'train': 1},1,0,
18016,1,{'train': 1},1,0,
18020,1,{'train': 1},1,0,
18021,1,{'train': 1},1,0,
18022,1,{'train': 1},1,0,
18023,1,{'train': 1},1,0,
18024,1,{'train': 1},1,0,
18025,1,{'train': 1},1,0,
18027,1,{'train': 1},1,0,
18028,1,{'train': 1},1,0,
18033,4,{'train': 4},1,3,DUPLICATE_NEAR
18030,1,{'train': 1},1,0,
18034,2,{'train': 2},2,0,
18037,1,{'train': 1},1,0,
18038,1,{'train': 1},1,0,
18039,1,{'train': 1},1,0,
18040,1,{'train': 1},1,0,
18041,1,{'train': 1},1,0,
18044,2,{'train': 2},2,0,
18043,1,{'train': 1},1,0,
18045,1,{'train': 1},1,0,
18046,1,{'train': 1},1,0,
18047,1,{'train': 1},1,0,
18049,1,{'train': 1},1,0,
18050,1,{'train': 1},1,0,
18051,1,{'train': 1},1,0,
18067,3,{'train': 3},1,2,DUPLICATE_NEAR
18062,3,{'train': 3},1,2,DUPLICATE_NEAR
18054,1,{'train': 1},1,0,
18061,3,{'train': 3},1,2,DUPLICATE_NEAR
18057,1,{'train': 1},1,0,
18058,1,{'train': 1},1,0,
18060,1,{'train': 1},1,0,
18065,2,{'train': 2},2,0,
18066,1,{'train': 1},1,0,
18079,2,{'train': 2},2,0,
18073,3,{'train': 3},1,2,DUPLICATE_NEAR
18074,2,{'train': 2},2,0,
18072,1,{'train': 1},1,0,
18076,1,{'train': 1},1,0,
18078,1,{'train': 1},1,0,
18086,2,{'train': 2},2,0,
18081,1,{'train': 1},1,0,
18082,1,{'train': 1},1,0,
18083,1,{'train': 1},1,0,
18085,1,{'train': 1},1,0,
18088,1,{'train': 1},1,0,
18089,1,{'train': 1},1,0,
18101,3,{'train': 3},1,2,DUPLICATE_NEAR
18105,3,{'train': 3},1,2,DUPLICATE_NEAR
18094,1,{'train': 1},1,0,
18095,1,{'train': 1},1,0,
18104,2,{'train': 2},2,0,
18099,2,{'train': 2},2,0,
18102,1,{'train': 1},1,0,
18103,1,{'train': 1},1,0,
18106,1,{'train': 1},1,0,
18107,1,{'train': 1},1,0,
18111,1,{'train': 1},1,0,
18112,1,{'train': 1},1,0,
18115,2,{'train': 2},2,0,
18118,2,{'train': 2},2,0,
18119,1,{'train': 1},1,0,
18120,1,{'train': 1},1,0,
18121,1,{'train': 1},1,0,
18125,2,{'train': 2},2,0,
18128,2,{'train': 2},2,0,
18126,1,{'train': 1},1,0,
18129,1,{'train': 1},1,0,
18131,1,{'train': 1},1,0,
18137,2,{'train': 2},2,0,
18133,1,{'train': 1},1,0,
18134,1,{'train': 1},1,0,
18136,1,{'train': 1},1,0,
18829,2,{'train': 2},2,0,
18141,1,{'train': 1},1,0,
18160,7,{'train': 7},1,6,DUPLICATE_NEAR
18143,1,{'train': 1},1,0,
18153,1,{'train': 1},1,0,
18163,1,{'train': 1},1,0,
18168,2,{'train': 2},2,0,
18166,1,{'train': 1},1,0,
18167,1,{'train': 1},1,0,
18169,1,{'train': 1},1,0,
18180,2,{'train': 2},2,0,
18171,1,{'train': 1},1,0,
18172,1,{'train': 1},1,0,
18173,1,{'train': 1},1,0,
18174,1,{'train': 1},1,0,
18182,3,{'train': 3},1,2,DUPLICATE_NEAR
18176,1,{'train': 1},1,0,
18184,2,{'train': 2},2,0,
18178,1,{'train': 1},1,0,
18179,1,{'train': 1},1,0,
18181,1,{'train': 1},1,0,
18185,1,{'train': 1},1,0,
18191,3,{'train': 3},1,2,DUPLICATE_NEAR
18193,1,{'train': 1},1,0,
18194,1,{'train': 1},1,0,
18197,1,{'train': 1},1,0,
18199,1,{'train': 1},1,0,
18200,1,{'train': 1},1,0,
18211,2,{'train': 2},2,0,
18203,1,{'train': 1},1,0,
18204,1,{'train': 1},1,0,
18205,1,{'train': 1},1,0,
18206,1,{'train': 1},1,0,
18207,1,{'train': 1},1,0,
18209,2,{'train': 2},2,0,
18210,1,{'train': 1},1,0,
18212,1,{'train': 1},1,0,
18214,1,{'train': 1},1,0,
18216,1,{'train': 1},1,0,
18217,1,{'train': 1},1,0,
18218,1,{'train': 1},1,0,
18219,1,{'train': 1},1,0,
18231,4,{'train': 4},1,3,DUPLICATE_NEAR
18221,1,{'train': 1},1,0,
18222,1,{'train': 1},1,0,
18227,2,{'train': 2},2,0,
18224,1,{'train': 1},1,0,
18245,3,{'train': 3},1,2,DUPLICATE_NEAR
18243,2,{'train': 2},2,0,
18246,2,{'train': 2},2,0,
18237,1,{'train': 1},1,0,
18241,2,{'train': 2},2,0,
18239,1,{'train': 1},1,0,
18240,1,{'train': 1},1,0,
18247,1,{'train': 1},1,0,
47436,2,"{'train': 1, 'test': 1}",1,1,CROSS_SPLIT_NEARDUP_LEAKAGE
18250,1,{'train': 1},1,0,
18251,1,{'train': 1},1,0,
18253,1,{'train': 1},1,0,
18254,1,{'train': 1},1,0,
18255,1,{'train': 1},1,0,
18256,1,{'train': 1},1,0,
18257,1,{'train': 1},1,0,
18260,2,{'train': 2},2,0,
18261,1,{'train': 1},1,0,
18262,1,{'train': 1},1,0,
18263,1,{'train': 1},1,0,
18267,2,{'train': 2},2,0,
18278,4,{'train': 4},1,3,DUPLICATE_NEAR
18266,1,{'train': 1},1,0,
18276,3,{'train': 3},1,2,DUPLICATE_NEAR
18274,2,{'train': 2},2,0,
18272,1,{'train': 1},1,0,
18277,1,{'train': 1},1,0,
18279,1,{'train': 1},1,0,
18280,1,{'train': 1},1,0,
18281,1,{'train': 1},1,0,
18290,2,{'train': 2},2,0,
18289,2,{'train': 2},2,0,
18287,2,{'train': 2},2,0,
18286,1,{'train': 1},1,0,
18288,1,{'train': 1},1,0,
18292,2,{'train': 2},2,0,
42430,2,"{'train': 1, 'val': 1}",1,1,CROSS_SPLIT_NEARDUP_LEAKAGE
18295,1,{'train': 1},1,0,
18297,1,{'train': 1},1,0,
18298,1,{'train': 1},1,0,
18299,1,{'train': 1},1,0,
18300,1,{'train': 1},1,0,
18301,1,{'train': 1},1,0,
18306,3,{'train': 3},1,2,DUPLICATE_NEAR
18305,1,{'train': 1},1,0,
18307,1,{'train': 1},1,0,
18309,1,{'train': 1},1,0,
18310,1,{'train': 1},1,0,
18311,1,{'train': 1},1,0,
18312,1,{'train': 1},1,0,
18313,1,{'train': 1},1,0,
18315,1,{'train': 1},1,0,
18316,1,{'train': 1},1,0,
18319,1,{'train': 1},1,0,
18327,2,{'train': 2},2,0,
18325,2,{'train': 2},2,0,
18323,1,{'train': 1},1,0,
18324,1,{'train': 1},1,0,
18326,1,{'train': 1},1,0,
18329,1,{'train': 1},1,0,
18333,2,{'train': 2},2,0,
18334,1,{'train': 1},1,0,
18336,1,{'train': 1},1,0,
18338,1,{'train': 1},1,0,
18339,1,{'train': 1},1,0,
18346,2,{'train': 2},2,0,
18341,1,{'train': 1},1,0,
18342,1,{'train': 1},1,0,
18343,1,{'train': 1},1,0,
18347,1,{'train': 1},1,0,
18352,2,{'train': 2},2,0,
18349,1,{'train': 1},1,0,
18350,1,{'train': 1},1,0,
18351,1,{'train': 1},1,0,
18353,1,{'train': 1},1,0,
18354,1,{'train': 1},1,0,
18355,1,{'train': 1},1,0,
18356,1,{'train': 1},1,0,
18357,1,{'train': 1},1,0,
18359,2,{'train': 2},2,0,
18365,2,{'train': 2},2,0,
18366,2,{'train': 2},2,0,
18364,1,{'train': 1},1,0,
18368,1,{'train': 1},1,0,
18377,2,{'train': 2},2,0,
18372,1,{'train': 1},1,0,
18373,1,{'train': 1},1,0,
18375,2,{'train': 2},2,0,
18378,1,{'train': 1},1,0,
18379,1,{'train': 1},1,0,
18380,1,{'train': 1},1,0,
18381,1,{'train': 1},1,0,
18382,1,{'train': 1},1,0,
18383,1,{'train': 1},1,0,
18386,1,{'train': 1},1,0,
18391,2,{'train': 2},2,0,
18388,1,{'train': 1},1,0,
18389,1,{'train': 1},1,0,
18392,1,{'train': 1},1,0,
18401,2,{'train': 2},2,0,
18394,1,{'train': 1},1,0,
18399,3,{'train': 3},1,2,DUPLICATE_NEAR
18396,1,{'train': 1},1,0,
18397,1,{'train': 1},1,0,
18400,1,{'train': 1},1,0,
18402,1,{'train': 1},1,0,
18403,1,{'train': 1},1,0,
18405,1,{'train': 1},1,0,
18406,1,{'train': 1},1,0,
18409,3,{'train': 3},1,2,DUPLICATE_NEAR
18411,1,{'train': 1},1,0,
18412,1,{'train': 1},1,0,
18415,3,{'train': 3},1,2,DUPLICATE_NEAR
18419,2,{'train': 2},2,0,
18417,1,{'train': 1},1,0,
18418,1,{'train': 1},1,0,
18420,1,{'train': 1},1,0,
18428,2,{'train': 2},2,0,
18422,1,{'train': 1},1,0,
18423,1,{'train': 1},1,0,
18425,2,{'train': 2},2,0,
18426,1,{'train': 1},1,0,
18427,1,{'train': 1},1,0,
18429,1,{'train': 1},1,0,
18434,2,{'train': 2},2,0,
18431,1,{'train': 1},1,0,
18433,1,{'train': 1},1,0,
18435,1,{'train': 1},1,0,
18437,1,{'train': 1},1,0,
18446,4,{'train': 4},1,3,DUPLICATE_NEAR
18445,2,{'train': 2},2,0,
18442,1,{'train': 1},1,0,
18447,1,{'train': 1},1,0,
18449,1,{'train': 1},1,0,
18450,1,{'train': 1},1,0,
18457,2,{'train': 2},2,0,
18453,1,{'train': 1},1,0,
18454,1,{'train': 1},1,0,
18455,1,{'train': 1},1,0,
18456,1,{'train': 1},1,0,
18458,1,{'train': 1},1,0,
18462,2,{'train': 2},2,0,
18463,1,{'train': 1},1,0,
18464,1,{'train': 1},1,0,
18466,1,{'train': 1},1,0,
18467,1,{'train': 1},1,0,
18468,1,{'train': 1},1,0,
18469,1,{'train': 1},1,0,
18474,5,{'train': 5},1,4,DUPLICATE_NEAR
18471,1,{'train': 1},1,0,
18475,2,{'train': 2},2,0,
18479,1,{'train': 1},1,0,
18486,2,{'train': 2},2,0,
18481,1,{'train': 1},1,0,
18482,1,{'train': 1},1,0,
18483,1,{'train': 1},1,0,
18484,1,{'train': 1},1,0,
18485,1,{'train': 1},1,0,
18489,2,{'train': 2},2,0,
18490,1,{'train': 1},1,0,
18491,1,{'train': 1},1,0,
18492,1,{'train': 1},1,0,
18493,1,{'train': 1},1,0,
18494,1,{'train': 1},1,0,
18495,1,{'train': 1},1,0,
18496,1,{'train': 1},1,0,
18498,1,{'train': 1},1,0,
18499,1,{'train': 1},1,0,
18504,2,{'train': 2},2,0,
18501,1,{'train': 1},1,0,
18502,1,{'train': 1},1,0,
18503,1,{'train': 1},1,0,
18505,1,{'train': 1},1,0,
18506,1,{'train': 1},1,0,
18507,1,{'train': 1},1,0,
18508,1,{'train': 1},1,0,
18509,1,{'train': 1},1,0,
18510,1,{'train': 1},1,0,
18511,1,{'train': 1},1,0,
18512,1,{'train': 1},1,0,
18513,1,{'train': 1},1,0,
18514,1,{'train': 1},1,0,
18515,1,{'train': 1},1,0,
18525,3,{'train': 3},1,2,DUPLICATE_NEAR
18517,1,{'train': 1},1,0,
18522,4,{'train': 4},1,3,DUPLICATE_NEAR
18523,1,{'train': 1},1,0,
18524,1,{'train': 1},1,0,
18526,1,{'train': 1},1,0,
18539,4,{'train': 4},1,3,DUPLICATE_NEAR
18528,1,{'train': 1},1,0,
18529,1,{'train': 1},1,0,
18530,1,{'train': 1},1,0,
18531,1,{'train': 1},1,0,
18532,1,{'train': 1},1,0,
18534,1,{'train': 1},1,0,
18535,1,{'train': 1},1,0,
18536,1,{'train': 1},1,0,
18537,1,{'train': 1},1,0,
18540,1,{'train': 1},1,0,
18541,1,{'train': 1},1,0,
18543,1,{'train': 1},1,0,
18544,1,{'train': 1},1,0,
18545,1,{'train': 1},1,0,
18546,1,{'train': 1},1,0,
18547,1,{'train': 1},1,0,
18561,2,{'train': 2},2,0,
18550,1,{'train': 1},1,0,
18562,2,{'train': 2},2,0,
18559,3,{'train': 3},1,2,DUPLICATE_NEAR
18554,1,{'train': 1},1,0,
18556,1,{'train': 1},1,0,
18557,1,{'train': 1},1,0,
18558,1,{'train': 1},1,0,
18560,1,{'train': 1},1,0,
18563,1,{'train': 1},1,0,
18564,1,{'train': 1},1,0,
18565,1,{'train': 1},1,0,
18568,1,{'train': 1},1,0,
18569,1,{'train': 1},1,0,
18570,1,{'train': 1},1,0,
18572,1,{'train': 1},1,0,
18573,1,{'train': 1},1,0,
18577,2,{'train': 2},2,0,
18575,1,{'train': 1},1,0,
18576,1,{'train': 1},1,0,
18578,1,{'train': 1},1,0,
18589,3,{'train': 3},1,2,DUPLICATE_NEAR
18585,2,{'train': 2},2,0,
18593,5,{'train': 5},1,4,DUPLICATE_NEAR
18583,1,{'train': 1},1,0,
18587,1,{'train': 1},1,0,
18588,1,{'train': 1},1,0,
18592,2,{'train': 2},2,0,
18604,3,{'train': 3},1,2,DUPLICATE_NEAR
18595,1,{'train': 1},1,0,
18596,1,{'train': 1},1,0,
18597,1,{'train': 1},1,0,
18600,1,{'train': 1},1,0,
18603,2,{'train': 2},2,0,
18602,1,{'train': 1},1,0,
18605,1,{'train': 1},1,0,
18606,1,{'train': 1},1,0,
18608,1,{'train': 1},1,0,
18612,2,{'train': 2},2,0,
18610,1,{'train': 1},1,0,
18613,1,{'train': 1},1,0,
18614,1,{'train': 1},1,0,
18616,1,{'train': 1},1,0,
18618,1,{'train': 1},1,0,
18620,1,{'train': 1},1,0,
18622,1,{'train': 1},1,0,
18623,1,{'train': 1},1,0,
18624,1,{'train': 1},1,0,
18636,2,{'train': 2},2,0,
18627,1,{'train': 1},1,0,
18631,2,{'train': 2},2,0,
18634,2,{'train': 2},2,0,
18633,2,{'train': 2},2,0,
18638,1,{'train': 1},1,0,
18640,1,{'train': 1},1,0,
18641,1,{'train': 1},1,0,
18657,2,{'train': 2},2,0,
18645,2,{'train': 2},2,0,
18646,1,{'train': 1},1,0,
18658,5,{'train': 5},1,4,DUPLICATE_NEAR
18649,1,{'train': 1},1,0,
18651,1,{'train': 1},1,0,
18653,1,{'train': 1},1,0,
18655,1,{'train': 1},1,0,
18656,1,{'train': 1},1,0,
18659,1,{'train': 1},1,0,
18661,1,{'train': 1},1,0,
18662,1,{'train': 1},1,0,
18664,2,{'train': 2},2,0,
18666,2,{'train': 2},2,0,
18667,1,{'train': 1},1,0,
18668,1,{'train': 1},1,0,
18674,4,{'train': 4},1,3,DUPLICATE_NEAR
18670,1,{'train': 1},1,0,
18672,1,{'train': 1},1,0,
18673,1,{'train': 1},1,0,
18676,1,{'train': 1},1,0,
18677,1,{'train': 1},1,0,
18678,1,{'train': 1},1,0,
18680,1,{'train': 1},1,0,
18683,2,{'train': 2},2,0,
18685,2,{'train': 2},2,0,
18684,1,{'train': 1},1,0,
18686,1,{'train': 1},1,0,
18687,1,{'train': 1},1,0,
18688,1,{'train': 1},1,0,
18689,1,{'train': 1},1,0,
18690,1,{'train': 1},1,0,
18691,1,{'train': 1},1,0,
18694,2,{'train': 2},2,0,
18695,1,{'train': 1},1,0,
18696,1,{'train': 1},1,0,
18706,4,{'train': 4},1,3,DUPLICATE_NEAR
18701,2,{'train': 2},2,0,
18699,1,{'train': 1},1,0,
18709,2,{'train': 2},2,0,
18702,1,{'train': 1},1,0,
18705,1,{'train': 1},1,0,
18707,1,{'train': 1},1,0,
18708,1,{'train': 1},1,0,
18710,1,{'train': 1},1,0,
18712,2,{'train': 2},2,0,
18713,1,{'train': 1},1,0,
18714,1,{'train': 1},1,0,
18715,1,{'train': 1},1,0,
18716,1,{'train': 1},1,0,
18721,1,{'train': 1},1,0,
18722,1,{'train': 1},1,0,
18723,1,{'train': 1},1,0,
18724,1,{'train': 1},1,0,
18725,1,{'train': 1},1,0,
18731,2,{'train': 2},2,0,
18727,1,{'train': 1},1,0,
18730,1,{'train': 1},1,0,
18732,1,{'train': 1},1,0,
18733,1,{'train': 1},1,0,
18738,3,{'train': 3},1,2,DUPLICATE_NEAR
18735,1,{'train': 1},1,0,
18737,1,{'train': 1},1,0,
18739,1,{'train': 1},1,0,
18740,1,{'train': 1},1,0,
18742,2,{'train': 2},2,0,
18743,1,{'train': 1},1,0,
18744,1,{'train': 1},1,0,
18745,1,{'train': 1},1,0,
18746,1,{'train': 1},1,0,
18747,1,{'train': 1},1,0,
18766,2,{'train': 2},2,0,
18750,1,{'train': 1},1,0,
18764,2,{'train': 2},2,0,
18771,4,{'train': 4},1,3,DUPLICATE_NEAR
18753,1,{'train': 1},1,0,
18770,6,{'train': 6},1,5,DUPLICATE_NEAR
18755,1,{'train': 1},1,0,
18756,1,{'train': 1},1,0,
18759,1,{'train': 1},1,0,
18767,2,{'train': 2},2,0,
18763,1,{'train': 1},1,0,
18769,1,{'train': 1},1,0,
18772,1,{'train': 1},1,0,
18773,1,{'train': 1},1,0,
18775,2,{'train': 2},2,0,
18776,1,{'train': 1},1,0,
18777,1,{'train': 1},1,0,
18778,1,{'train': 1},1,0,
18779,1,{'train': 1},1,0,
18786,2,{'train': 2},2,0,
18781,1,{'train': 1},1,0,
18782,1,{'train': 1},1,0,
18783,1,{'train': 1},1,0,
18791,2,{'train': 2},2,0,
18785,1,{'train': 1},1,0,
18787,1,{'train': 1},1,0,
18788,1,{'train': 1},1,0,
18789,1,{'train': 1},1,0,
18790,1,{'train': 1},1,0,
18792,1,{'train': 1},1,0,
18795,1,{'train': 1},1,0,
18796,1,{'train': 1},1,0,
18797,1,{'train': 1},1,0,
18798,1,{'train': 1},1,0,
18803,2,{'train': 2},2,0,
18809,3,{'train': 3},1,2,DUPLICATE_NEAR
18805,3,{'train': 3},1,2,DUPLICATE_NEAR
18808,2,{'train': 2},2,0,
18810,1,{'train': 1},1,0,
18811,1,{'train': 1},1,0,
18812,1,{'train': 1},1,0,
18819,2,{'train': 2},2,0,
18826,2,{'train': 2},2,0,
18815,1,{'train': 1},1,0,
18816,1,{'train': 1},1,0,
18818,1,{'train': 1},1,0,
18820,1,{'train': 1},1,0,
18821,1,{'train': 1},1,0,
18822,1,{'train': 1},1,0,
18823,1,{'train': 1},1,0,
18824,1,{'train': 1},1,0,
18825,1,{'train': 1},1,0,
18827,1,{'train': 1},1,0,
18828,1,{'train': 1},1,0,
18833,2,{'train': 2},2,0,
18832,1,{'train': 1},1,0,
18834,1,{'train': 1},1,0,
18835,1,{'train': 1},1,0,
18836,1,{'train': 1},1,0,
18839,3,{'train': 3},1,2,DUPLICATE_NEAR
18846,3,{'train': 3},1,2,DUPLICATE_NEAR
18848,2,{'train': 2},2,0,
18843,1,{'train': 1},1,0,
18844,1,{'train': 1},1,0,
18845,1,{'train': 1},1,0,
18859,2,{'train': 2},2,0,
18851,1,{'train': 1},1,0,
18864,3,{'train': 3},1,2,DUPLICATE_NEAR
18855,1,{'train': 1},1,0,
18863,3,{'train': 3},1,2,DUPLICATE_NEAR
18862,3,{'train': 3},1,2,DUPLICATE_NEAR
18860,1,{'train': 1},1,0,
18866,1,{'train': 1},1,0,
18867,1,{'train': 1},1,0,
18868,1,{'train': 1},1,0,
18869,1,{'train': 1},1,0,
18870,1,{'train': 1},1,0,
18872,1,{'train': 1},1,0,
18873,1,{'train': 1},1,0,
18874,1,{'train': 1},1,0,
18883,3,{'train': 3},1,2,DUPLICATE_NEAR
18880,2,{'train': 2},2,0,
18879,1,{'train': 1},1,0,
18886,3,{'train': 3},1,2,DUPLICATE_NEAR
18887,1,{'train': 1},1,0,
18889,1,{'train': 1},1,0,
18891,1,{'train': 1},1,0,
18892,1,{'train': 1},1,0,
18893,1,{'train': 1},1,0,
18894,1,{'train': 1},1,0,
18895,1,{'train': 1},1,0,
18897,1,{'train': 1},1,0,
18898,1,{'train': 1},1,0,
18899,1,{'train': 1},1,0,
18904,2,{'train': 2},2,0,
18906,1,{'train': 1},1,0,
18907,1,{'train': 1},1,0,
18912,2,{'train': 2},2,0,
18914,1,{'train': 1},1,0,
18915,1,{'train': 1},1,0,
18931,2,{'train': 2},2,0,
18920,2,{'train': 2},2,0,
18919,1,{'train': 1},1,0,
18925,3,{'train': 3},1,2,DUPLICATE_NEAR
18923,1,{'train': 1},1,0,
18926,1,{'train': 1},1,0,
18927,1,{'train': 1},1,0,
18929,1,{'train': 1},1,0,
18932,2,{'train': 2},2,0,
18933,1,{'train': 1},1,0,
18934,1,{'train': 1},1,0,
18935,1,{'train': 1},1,0,
18936,1,{'train': 1},1,0,
18937,1,{'train': 1},1,0,
18938,1,{'train': 1},1,0,
18940,1,{'train': 1},1,0,
18941,1,{'train': 1},1,0,
18942,1,{'train': 1},1,0,
18946,2,{'train': 2},2,0,
18956,3,{'train': 3},1,2,DUPLICATE_NEAR
18953,3,{'train': 3},1,2,DUPLICATE_NEAR
18948,1,{'train': 1},1,0,
18950,2,{'train': 2},2,0,
18951,1,{'train': 1},1,0,
18954,1,{'train': 1},1,0,
18955,1,{'train': 1},1,0,
18957,1,{'train': 1},1,0,
18958,1,{'train': 1},1,0,
18959,1,{'train': 1},1,0,
18961,1,{'train': 1},1,0,
18962,1,{'train': 1},1,0,
18964,1,{'train': 1},1,0,
18966,2,{'train': 2},2,0,
18971,2,{'train': 2},2,0,
18968,1,{'train': 1},1,0,
18974,2,{'train': 2},2,0,
47494,3,"{'train': 1, 'test': 2}",2,1,CROSS_SPLIT_NEARDUP_LEAKAGE
18975,2,{'train': 2},2,0,
18983,4,{'train': 4},1,3,DUPLICATE_NEAR
18987,2,{'train': 2},2,0,
18979,1,{'train': 1},1,0,
18980,1,{'train': 1},1,0,
18981,1,{'train': 1},1,0,
18984,1,{'train': 1},1,0,
18985,1,{'train': 1},1,0,
18986,1,{'train': 1},1,0,
18988,1,{'train': 1},1,0,
18989,1,{'train': 1},1,0,
18990,1,{'train': 1},1,0,
18992,1,{'train': 1},1,0,
18993,1,{'train': 1},1,0,
18994,1,{'train': 1},1,0,
19001,2,{'train': 2},2,0,
18997,1,{'train': 1},1,0,
18999,2,{'train': 2},2,0,
19005,2,{'train': 2},2,0,
19017,4,{'train': 4},1,3,DUPLICATE_NEAR
19009,1,{'train': 1},1,0,
19012,1,{'train': 1},1,0,
19013,1,{'train': 1},1,0,
19015,1,{'train': 1},1,0,
19018,1,{'train': 1},1,0,
19019,1,{'train': 1},1,0,
19021,1,{'train': 1},1,0,
19022,1,{'train': 1},1,0,
19023,1,{'train': 1},1,0,
19025,1,{'train': 1},1,0,
19027,1,{'train': 1},1,0,
19028,1,{'train': 1},1,0,
19030,1,{'train': 1},1,0,
19031,1,{'train': 1},1,0,
19039,2,{'train': 2},2,0,
19034,1,{'train': 1},1,0,
19040,2,{'train': 2},2,0,
19037,1,{'train': 1},1,0,
19041,1,{'train': 1},1,0,
19042,1,{'train': 1},1,0,
19043,1,{'train': 1},1,0,
19044,1,{'train': 1},1,0,
19049,2,{'train': 2},2,0,
19047,1,{'train': 1},1,0,
19048,1,{'train': 1},1,0,
19052,1,{'train': 1},1,0,
19053,1,{'train': 1},1,0,
19054,1,{'train': 1},1,0,
19072,3,{'train': 3},1,2,DUPLICATE_NEAR
19067,2,{'train': 2},2,0,
19065,3,{'train': 3},1,2,DUPLICATE_NEAR
19058,1,{'train': 1},1,0,
19060,1,{'train': 1},1,0,
19061,1,{'train': 1},1,0,
19069,2,{'train': 2},2,0,
19070,2,{'train': 2},2,0,
19064,1,{'train': 1},1,0,
19068,1,{'train': 1},1,0,
19071,1,{'train': 1},1,0,
19073,1,{'train': 1},1,0,
19074,1,{'train': 1},1,0,
19075,1,{'train': 1},1,0,
19076,1,{'train': 1},1,0,
19077,1,{'train': 1},1,0,
19078,1,{'train': 1},1,0,
19079,1,{'train': 1},1,0,
19096,2,{'train': 2},2,0,
19081,1,{'train': 1},1,0,
19091,2,{'train': 2},2,0,
19083,1,{'train': 1},1,0,
19087,2,{'train': 2},2,0,
19086,1,{'train': 1},1,0,
19088,1,{'train': 1},1,0,
19089,1,{'train': 1},1,0,
19090,1,{'train': 1},1,0,
19092,1,{'train': 1},1,0,
19094,1,{'train': 1},1,0,
19095,1,{'train': 1},1,0,
19108,3,{'train': 3},1,2,DUPLICATE_NEAR
19099,1,{'train': 1},1,0,
19105,2,{'train': 2},2,0,
19106,2,{'train': 2},2,0,
19103,1,{'train': 1},1,0,
19104,1,{'train': 1},1,0,
19107,1,{'train': 1},1,0,
19109,1,{'train': 1},1,0,
19111,1,{'train': 1},1,0,
19118,2,{'train': 2},2,0,
19114,1,{'train': 1},1,0,
19115,1,{'train': 1},1,0,
19117,1,{'train': 1},1,0,
19119,1,{'train': 1},1,0,
19120,1,{'train': 1},1,0,
19133,3,{'train': 3},1,2,DUPLICATE_NEAR
19128,2,{'train': 2},2,0,
19135,2,{'train': 2},2,0,
19131,3,{'train': 3},1,2,DUPLICATE_NEAR
19125,1,{'train': 1},1,0,
19132,2,{'train': 2},2,0,
19130,1,{'train': 1},1,0,
19134,1,{'train': 1},1,0,
19145,2,{'train': 2},2,0,
19147,2,{'train': 2},2,0,
19138,1,{'train': 1},1,0,
19144,4,{'train': 4},1,3,DUPLICATE_NEAR
19140,1,{'train': 1},1,0,
19141,1,{'train': 1},1,0,
19142,1,{'train': 1},1,0,
19146,1,{'train': 1},1,0,
19155,3,{'train': 3},1,2,DUPLICATE_NEAR
19150,1,{'train': 1},1,0,
19152,1,{'train': 1},1,0,
19153,1,{'train': 1},1,0,
19156,1,{'train': 1},1,0,
19157,1,{'train': 1},1,0,
19158,1,{'train': 1},1,0,
19166,4,{'train': 4},1,3,DUPLICATE_NEAR
19162,1,{'train': 1},1,0,
19165,2,{'train': 2},2,0,
19168,1,{'train': 1},1,0,
19169,1,{'train': 1},1,0,
19170,1,{'train': 1},1,0,
19174,2,{'train': 2},2,0,
19172,1,{'train': 1},1,0,
19173,1,{'train': 1},1,0,
19179,2,{'train': 2},2,0,
19176,1,{'train': 1},1,0,
19177,1,{'train': 1},1,0,
19178,1,{'train': 1},1,0,
19180,1,{'train': 1},1,0,
19188,3,{'train': 3},1,2,DUPLICATE_NEAR
19182,1,{'train': 1},1,0,
19185,1,{'train': 1},1,0,
19186,1,{'train': 1},1,0,
19192,2,{'train': 2},2,0,
19191,1,{'train': 1},1,0,
19193,1,{'train': 1},1,0,
19195,1,{'train': 1},1,0,
19196,1,{'train': 1},1,0,
19200,1,{'train': 1},1,0,
19202,1,{'train': 1},1,0,
19204,1,{'train': 1},1,0,
19205,1,{'train': 1},1,0,
19213,2,{'train': 2},2,0,
19207,1,{'train': 1},1,0,
19211,2,{'train': 2},2,0,
19209,1,{'train': 1},1,0,
19210,1,{'train': 1},1,0,
19212,1,{'train': 1},1,0,
19214,1,{'train': 1},1,0,
19215,1,{'train': 1},1,0,
19216,1,{'train': 1},1,0,
19232,6,{'train': 6},1,5,DUPLICATE_NEAR
19220,1,{'train': 1},1,0,
19223,1,{'train': 1},1,0,
19227,1,{'train': 1},1,0,
19228,1,{'train': 1},1,0,
19229,1,{'train': 1},1,0,
19230,1,{'train': 1},1,0,
19234,1,{'train': 1},1,0,
19235,1,{'train': 1},1,0,
19236,1,{'train': 1},1,0,
19243,2,{'train': 2},2,0,
19239,1,{'train': 1},1,0,
19240,1,{'train': 1},1,0,
19241,1,{'train': 1},1,0,
19242,1,{'train': 1},1,0,
19245,1,{'train': 1},1,0,
19246,1,{'train': 1},1,0,
19247,1,{'train': 1},1,0,
19248,1,{'train': 1},1,0,
19249,1,{'train': 1},1,0,
19250,1,{'train': 1},1,0,
19251,1,{'train': 1},1,0,
19252,1,{'train': 1},1,0,
19253,1,{'train': 1},1,0,
19254,1,{'train': 1},1,0,
19255,1,{'train': 1},1,0,
19266,5,{'train': 5},1,4,DUPLICATE_NEAR
19259,1,{'train': 1},1,0,
19260,1,{'train': 1},1,0,
19263,1,{'train': 1},1,0,
19264,1,{'train': 1},1,0,
19275,2,{'train': 2},2,0,
19274,2,{'train': 2},2,0,
19270,1,{'train': 1},1,0,
19271,1,{'train': 1},1,0,
19272,1,{'train': 1},1,0,
19273,1,{'train': 1},1,0,
19276,1,{'train': 1},1,0,
19279,2,{'train': 2},2,0,
19280,1,{'train': 1},1,0,
19281,1,{'train': 1},1,0,
19282,1,{'train': 1},1,0,
19283,1,{'train': 1},1,0,
19284,1,{'train': 1},1,0,
19285,1,{'train': 1},1,0,
19286,1,{'train': 1},1,0,
19287,1,{'train': 1},1,0,
19288,1,{'train': 1},1,0,
19289,1,{'train': 1},1,0,
19290,1,{'train': 1},1,0,
19292,1,{'train': 1},1,0,
19293,1,{'train': 1},1,0,
19294,1,{'train': 1},1,0,
19299,2,{'train': 2},2,0,
19296,1,{'train': 1},1,0,
19297,1,{'train': 1},1,0,
19298,1,{'train': 1},1,0,
19300,1,{'train': 1},1,0,
19306,3,{'train': 3},1,2,DUPLICATE_NEAR
19305,1,{'train': 1},1,0,
19307,1,{'train': 1},1,0,
19308,1,{'train': 1},1,0,
19312,3,{'train': 3},1,2,DUPLICATE_NEAR
19311,1,{'train': 1},1,0,
19315,5,"{'train': 3, 'val': 2}",1,4,CROSS_SPLIT_NEARDUP_LEAKAGE;DUPLICATE_NEAR
19314,1,{'train': 1},1,0,
19317,1,{'train': 1},1,0,
19323,3,{'train': 3},1,2,DUPLICATE_NEAR
19320,1,{'train': 1},1,0,
19325,1,{'train': 1},1,0,
19326,1,{'train': 1},1,0,
19327,1,{'train': 1},1,0,
19331,2,{'train': 2},2,0,
19330,1,{'train': 1},1,0,
19333,1,{'train': 1},1,0,
19334,1,{'train': 1},1,0,
19338,2,{'train': 2},2,0,
19336,1,{'train': 1},1,0,
19340,1,{'train': 1},1,0,
19343,1,{'train': 1},1,0,
19347,2,{'train': 2},2,0,
19345,1,{'train': 1},1,0,
19346,1,{'train': 1},1,0,
19348,1,{'train': 1},1,0,
19349,1,{'train': 1},1,0,
19351,1,{'train': 1},1,0,
19356,2,{'train': 2},2,0,
19355,1,{'train': 1},1,0,
19358,1,{'train': 1},1,0,
19359,1,{'train': 1},1,0,
19360,1,{'train': 1},1,0,
19361,1,{'train': 1},1,0,
19362,1,{'train': 1},1,0,
19363,1,{'train': 1},1,0,
19364,1,{'train': 1},1,0,
19365,1,{'train': 1},1,0,
19366,1,{'train': 1},1,0,
19367,1,{'train': 1},1,0,
19368,1,{'train': 1},1,0,
19369,1,{'train': 1},1,0,
19375,4,{'train': 4},1,3,DUPLICATE_NEAR
19371,1,{'train': 1},1,0,
19381,3,{'train': 3},1,2,DUPLICATE_NEAR
19374,1,{'train': 1},1,0,
19376,1,{'train': 1},1,0,
19377,1,{'train': 1},1,0,
19380,1,{'train': 1},1,0,
19382,1,{'train': 1},1,0,
19383,1,{'train': 1},1,0,
19389,5,{'train': 5},1,4,DUPLICATE_NEAR
19386,1,{'train': 1},1,0,
19390,1,{'train': 1},1,0,
19391,1,{'train': 1},1,0,
19392,1,{'train': 1},1,0,
19398,3,{'train': 3},1,2,DUPLICATE_NEAR
19394,1,{'train': 1},1,0,
19395,1,{'train': 1},1,0,
19396,1,{'train': 1},1,0,
19399,1,{'train': 1},1,0,
19400,1,{'train': 1},1,0,
19404,2,{'train': 2},2,0,
19402,1,{'train': 1},1,0,
19411,2,{'train': 2},2,0,
19414,3,{'train': 3},1,2,DUPLICATE_NEAR
19413,2,{'train': 2},2,0,
19407,1,{'train': 1},1,0,
19408,1,{'train': 1},1,0,
19409,1,{'train': 1},1,0,
19412,1,{'train': 1},1,0,
19415,1,{'train': 1},1,0,
19416,1,{'train': 1},1,0,
19417,1,{'train': 1},1,0,
19422,2,{'train': 2},2,0,
19421,1,{'train': 1},1,0,
19425,2,{'train': 2},2,0,
19426,1,{'train': 1},1,0,
19427,1,{'train': 1},1,0,
19428,1,{'train': 1},1,0,
19429,1,{'train': 1},1,0,
19437,2,{'train': 2},2,0,
19432,1,{'train': 1},1,0,
19434,1,{'train': 1},1,0,
19435,1,{'train': 1},1,0,
19436,1,{'train': 1},1,0,
19439,1,{'train': 1},1,0,
19440,1,{'train': 1},1,0,
19446,2,{'train': 2},2,0,
19442,1,{'train': 1},1,0,
19443,1,{'train': 1},1,0,
19447,2,{'train': 2},2,0,
19445,1,{'train': 1},1,0,
19461,5,{'train': 5},1,4,DUPLICATE_NEAR
19455,2,{'train': 2},2,0,
19465,3,{'train': 3},1,2,DUPLICATE_NEAR
19454,1,{'train': 1},1,0,
19456,1,{'train': 1},1,0,
19458,1,{'train': 1},1,0,
19462,2,{'train': 2},2,0,
19464,1,{'train': 1},1,0,
19466,1,{'train': 1},1,0,
19467,1,{'train': 1},1,0,
19468,1,{'train': 1},1,0,
19469,1,{'train': 1},1,0,
19471,1,{'train': 1},1,0,
19472,1,{'train': 1},1,0,
19475,2,{'train': 2},2,0,
19474,1,{'train': 1},1,0,
19476,1,{'train': 1},1,0,
19477,1,{'train': 1},1,0,
19478,1,{'train': 1},1,0,
19479,1,{'train': 1},1,0,
19480,1,{'train': 1},1,0,
19484,2,{'train': 2},2,0,
19482,1,{'train': 1},1,0,
19483,1,{'train': 1},1,0,
19497,2,{'train': 2},2,0,
19487,1,{'train': 1},1,0,
19492,2,{'train': 2},2,0,
19489,1,{'train': 1},1,0,
19490,1,{'train': 1},1,0,
19491,1,{'train': 1},1,0,
19493,1,{'train': 1},1,0,
19494,1,{'train': 1},1,0,
19495,1,{'train': 1},1,0,
19496,1,{'train': 1},1,0,
19498,1,{'train': 1},1,0,
19499,1,{'train': 1},1,0,
19500,1,{'train': 1},1,0,
19501,1,{'train': 1},1,0,
19502,1,{'train': 1},1,0,
19503,1,{'train': 1},1,0,
19506,1,{'train': 1},1,0,
19508,2,{'train': 2},2,0,
19509,1,{'train': 1},1,0,
19512,1,{'train': 1},1,0,
19513,1,{'train': 1},1,0,
19522,2,{'train': 2},2,0,
19516,1,{'train': 1},1,0,
19518,2,{'train': 2},2,0,
19519,1,{'train': 1},1,0,
19521,1,{'train': 1},1,0,
19523,1,{'train': 1},1,0,
19524,1,{'train': 1},1,0,
19525,1,{'train': 1},1,0,
19526,1,{'train': 1},1,0,
19528,1,{'train': 1},1,0,
19529,1,{'train': 1},1,0,
19530,1,{'train': 1},1,0,
19531,1,{'train': 1},1,0,
19532,1,{'train': 1},1,0,
19533,1,{'train': 1},1,0,
19536,1,{'train': 1},1,0,
19538,1,{'train': 1},1,0,
19540,1,{'train': 1},1,0,
19541,1,{'train': 1},1,0,
19542,1,{'train': 1},1,0,
19546,2,{'train': 2},2,0,
19545,1,{'train': 1},1,0,
19547,1,{'train': 1},1,0,
19549,1,{'train': 1},1,0,
19550,1,{'train': 1},1,0,
19557,2,{'train': 2},2,0,
19552,1,{'train': 1},1,0,
19553,1,{'train': 1},1,0,
19554,1,{'train': 1},1,0,
19555,1,{'train': 1},1,0,
19556,1,{'train': 1},1,0,
19558,1,{'train': 1},1,0,
19560,1,{'train': 1},1,0,
19561,1,{'train': 1},1,0,
19562,1,{'train': 1},1,0,
19563,1,{'train': 1},1,0,
19570,2,{'train': 2},2,0,
19578,3,{'train': 3},1,2,DUPLICATE_NEAR
19576,2,{'train': 2},2,0,
19567,1,{'train': 1},1,0,
19569,1,{'train': 1},1,0,
19572,1,{'train': 1},1,0,
19573,1,{'train': 1},1,0,
19577,1,{'train': 1},1,0,
19589,3,{'train': 3},1,2,DUPLICATE_NEAR
19580,1,{'train': 1},1,0,
19582,1,{'train': 1},1,0,
19590,2,{'train': 2},2,0,
19584,1,{'train': 1},1,0,
19591,1,{'train': 1},1,0,
19592,1,{'train': 1},1,0,
19593,1,{'train': 1},1,0,
19595,2,{'train': 2},2,0,
19598,1,{'train': 1},1,0,
19599,1,{'train': 1},1,0,
19601,1,{'train': 1},1,0,
19602,1,{'train': 1},1,0,
19607,2,{'train': 2},2,0,
19604,1,{'train': 1},1,0,
19606,1,{'train': 1},1,0,
19608,1,{'train': 1},1,0,
19609,1,{'train': 1},1,0,
19610,1,{'train': 1},1,0,
19611,1,{'train': 1},1,0,
19612,1,{'train': 1},1,0,
19613,1,{'train': 1},1,0,
19614,1,{'train': 1},1,0,
19615,1,{'train': 1},1,0,
19617,1,{'train': 1},1,0,
19618,1,{'train': 1},1,0,
19619,1,{'train': 1},1,0,
19621,2,{'train': 2},2,0,
19622,1,{'train': 1},1,0,
19623,1,{'train': 1},1,0,
19625,1,{'train': 1},1,0,
19630,3,{'train': 3},1,2,DUPLICATE_NEAR
19628,1,{'train': 1},1,0,
19639,2,{'train': 2},2,0,
19634,2,{'train': 2},2,0,
19633,1,{'train': 1},1,0,
19640,2,{'train': 2},2,0,
19636,1,{'train': 1},1,0,
19637,1,{'train': 1},1,0,
19638,1,{'train': 1},1,0,
19643,1,{'train': 1},1,0,
19644,1,{'train': 1},1,0,
19647,2,{'train': 2},2,0,
19662,4,{'train': 4},1,3,DUPLICATE_NEAR
19648,1,{'train': 1},1,0,
19651,1,{'train': 1},1,0,
19659,2,{'train': 2},2,0,
19655,2,{'train': 2},2,0,
19654,1,{'train': 1},1,0,
19656,1,{'train': 1},1,0,
19657,1,{'train': 1},1,0,
19658,1,{'train': 1},1,0,
19660,1,{'train': 1},1,0,
19661,1,{'train': 1},1,0,
19663,1,{'train': 1},1,0,
19664,1,{'train': 1},1,0,
19669,2,{'train': 2},2,0,
19666,1,{'train': 1},1,0,
19667,1,{'train': 1},1,0,
19668,1,{'train': 1},1,0,
19670,1,{'train': 1},1,0,
19678,2,{'train': 2},2,0,
19673,1,{'train': 1},1,0,
19674,1,{'train': 1},1,0,
19680,2,{'train': 2},2,0,
19676,1,{'train': 1},1,0,
19679,1,{'train': 1},1,0,
19681,1,{'train': 1},1,0,
19682,1,{'train': 1},1,0,
19683,1,{'train': 1},1,0,
19686,1,{'train': 1},1,0,
19687,1,{'train': 1},1,0,
19688,1,{'train': 1},1,0,
19694,3,{'train': 3},1,2,DUPLICATE_NEAR
19691,2,{'train': 2},2,0,
19693,1,{'train': 1},1,0,
19695,1,{'train': 1},1,0,
19696,1,{'train': 1},1,0,
19697,1,{'train': 1},1,0,
19698,1,{'train': 1},1,0,
19699,1,{'train': 1},1,0,
19700,1,{'train': 1},1,0,
19701,1,{'train': 1},1,0,
19702,1,{'train': 1},1,0,
19703,1,{'train': 1},1,0,
19704,1,{'train': 1},1,0,
19705,1,{'train': 1},1,0,
19706,1,{'train': 1},1,0,
19709,2,{'train': 2},2,0,
19708,1,{'train': 1},1,0,
19710,1,{'train': 1},1,0,
19711,1,{'train': 1},1,0,
19712,1,{'train': 1},1,0,
19715,1,{'train': 1},1,0,
19721,2,{'train': 2},2,0,
19718,1,{'train': 1},1,0,
19719,1,{'train': 1},1,0,
19720,1,{'train': 1},1,0,
19722,1,{'train': 1},1,0,
19723,1,{'train': 1},1,0,
19724,1,{'train': 1},1,0,
19725,1,{'train': 1},1,0,
19727,1,{'train': 1},1,0,
19728,1,{'train': 1},1,0,
19733,2,{'train': 2},2,0,
19732,1,{'train': 1},1,0,
19736,1,{'train': 1},1,0,
19737,1,{'train': 1},1,0,
19738,1,{'train': 1},1,0,
19739,1,{'train': 1},1,0,
19740,1,{'train': 1},1,0,
19741,1,{'train': 1},1,0,
19742,1,{'train': 1},1,0,
19743,1,{'train': 1},1,0,
19744,1,{'train': 1},1,0,
19745,1,{'train': 1},1,0,
19751,2,{'train': 2},2,0,
19750,2,{'train': 2},2,0,
19749,1,{'train': 1},1,0,
19753,1,{'train': 1},1,0,
19754,1,{'train': 1},1,0,
19757,1,{'train': 1},1,0,
19758,1,{'train': 1},1,0,
19761,1,{'train': 1},1,0,
19762,1,{'train': 1},1,0,
19763,1,{'train': 1},1,0,
19764,1,{'train': 1},1,0,
19765,1,{'train': 1},1,0,
19766,1,{'train': 1},1,0,
19774,3,{'train': 3},1,2,DUPLICATE_NEAR
19769,1,{'train': 1},1,0,
19770,1,{'train': 1},1,0,
19771,1,{'train': 1},1,0,
19772,1,{'train': 1},1,0,
19775,1,{'train': 1},1,0,
19776,1,{'train': 1},1,0,
19777,1,{'train': 1},1,0,
19778,1,{'train': 1},1,0,
19782,4,{'train': 4},1,3,DUPLICATE_NEAR
19783,1,{'train': 1},1,0,
19792,4,{'train': 4},1,3,DUPLICATE_NEAR
19788,1,{'train': 1},1,0,
19797,3,{'train': 3},1,2,DUPLICATE_NEAR
19795,2,{'train': 2},2,0,
19791,1,{'train': 1},1,0,
19794,1,{'train': 1},1,0,
19798,1,{'train': 1},1,0,
19799,1,{'train': 1},1,0,
19801,1,{'train': 1},1,0,
19802,1,{'train': 1},1,0,
19810,6,{'train': 6},1,5,DUPLICATE_NEAR
19804,1,{'train': 1},1,0,
19809,1,{'train': 1},1,0,
19813,1,{'train': 1},1,0,
19814,1,{'train': 1},1,0,
19815,1,{'train': 1},1,0,
19816,1,{'train': 1},1,0,
19817,1,{'train': 1},1,0,
19818,1,{'train': 1},1,0,
19819,1,{'train': 1},1,0,
19820,1,{'train': 1},1,0,
19822,1,{'train': 1},1,0,
19823,1,{'train': 1},1,0,
19824,1,{'train': 1},1,0,
19825,1,{'train': 1},1,0,
19826,1,{'train': 1},1,0,
19828,1,{'train': 1},1,0,
19829,1,{'train': 1},1,0,
19830,1,{'train': 1},1,0,
19831,1,{'train': 1},1,0,
19836,3,{'train': 3},1,2,DUPLICATE_NEAR
19834,1,{'train': 1},1,0,
19835,1,{'train': 1},1,0,
19837,1,{'train': 1},1,0,
19838,1,{'train': 1},1,0,
19840,1,{'train': 1},1,0,
19842,1,{'train': 1},1,0,
19843,1,{'train': 1},1,0,
19844,1,{'train': 1},1,0,
19845,1,{'train': 1},1,0,
39627,1,{'val': 1},1,0,
39628,1,{'val': 1},1,0,
39629,1,{'val': 1},1,0,
39630,1,{'val': 1},1,0,
39631,1,{'val': 1},1,0,
39632,1,{'val': 1},1,0,
39633,1,{'val': 1},1,0,
43318,3,{'val': 3},1,2,DUPLICATE_NEAR
39636,1,{'val': 1},1,0,
39638,2,{'val': 2},2,0,
39639,1,{'val': 1},1,0,
39640,1,{'val': 1},1,0,
39642,2,{'val': 2},2,0,
39643,1,{'val': 1},1,0,
39644,1,{'val': 1},1,0,
39645,1,{'val': 1},1,0,
39646,1,{'val': 1},1,0,
39647,1,{'val': 1},1,0,
39648,1,{'val': 1},1,0,
39649,1,{'val': 1},1,0,
39650,1,{'val': 1},1,0,
39651,1,{'val': 1},1,0,
39652,1,{'val': 1},1,0,
39653,1,{'val': 1},1,0,
39654,1,{'val': 1},1,0,
39655,1,{'val': 1},1,0,
39656,1,{'val': 1},1,0,
39657,1,{'val': 1},1,0,
39658,1,{'val': 1},1,0,
39659,1,{'val': 1},1,0,
39660,1,{'val': 1},1,0,
39661,1,{'val': 1},1,0,
39662,1,{'val': 1},1,0,
39663,1,{'val': 1},1,0,
39664,1,{'val': 1},1,0,
39665,1,{'val': 1},1,0,
39666,1,{'val': 1},1,0,
39667,1,{'val': 1},1,0,
39668,1,{'val': 1},1,0,
39669,1,{'val': 1},1,0,
39670,1,{'val': 1},1,0,
39671,1,{'val': 1},1,0,
39672,1,{'val': 1},1,0,
39673,1,{'val': 1},1,0,
39674,1,{'val': 1},1,0,
39675,1,{'val': 1},1,0,
39676,1,{'val': 1},1,0,
39677,1,{'val': 1},1,0,
39678,1,{'val': 1},1,0,
39679,1,{'val': 1},1,0,
39680,1,{'val': 1},1,0,
39681,1,{'val': 1},1,0,
39682,1,{'val': 1},1,0,
39683,1,{'val': 1},1,0,
39684,1,{'val': 1},1,0,
39685,1,{'val': 1},1,0,
39686,1,{'val': 1},1,0,
39687,1,{'val': 1},1,0,
39688,1,{'val': 1},1,0,
39689,1,{'val': 1},1,0,
39690,1,{'val': 1},1,0,
39691,1,{'val': 1},1,0,
39692,1,{'val': 1},1,0,
39694,1,{'val': 1},1,0,
39695,1,{'val': 1},1,0,
39696,1,{'val': 1},1,0,
39697,1,{'val': 1},1,0,
39698,1,{'val': 1},1,0,
39699,1,{'val': 1},1,0,
39700,1,{'val': 1},1,0,
39701,1,{'val': 1},1,0,
39702,1,{'val': 1},1,0,
39703,1,{'val': 1},1,0,
39704,1,{'val': 1},1,0,
39989,3,{'val': 3},1,2,DUPLICATE_NEAR
39706,1,{'val': 1},1,0,
39707,1,{'val': 1},1,0,
39708,1,{'val': 1},1,0,
39709,1,{'val': 1},1,0,
39712,2,{'val': 2},2,0,
39711,1,{'val': 1},1,0,
39714,2,{'val': 2},2,0,
39715,1,{'val': 1},1,0,
39716,1,{'val': 1},1,0,
39719,2,{'val': 2},2,0,
39718,1,{'val': 1},1,0,
39720,1,{'val': 1},1,0,
39721,1,{'val': 1},1,0,
39722,1,{'val': 1},1,0,
39724,1,{'val': 1},1,0,
39725,1,{'val': 1},1,0,
39726,1,{'val': 1},1,0,
39727,1,{'val': 1},1,0,
39728,1,{'val': 1},1,0,
39730,1,{'val': 1},1,0,
39731,1,{'val': 1},1,0,
39732,1,{'val': 1},1,0,
39733,1,{'val': 1},1,0,
39734,1,{'val': 1},1,0,
41483,7,{'val': 7},1,6,DUPLICATE_NEAR
39736,1,{'val': 1},1,0,
39737,1,{'val': 1},1,0,
39739,1,{'val': 1},1,0,
43321,4,{'val': 4},1,3,DUPLICATE_NEAR
39741,1,{'val': 1},1,0,
39743,1,{'val': 1},1,0,
39745,1,{'val': 1},1,0,
39747,1,{'val': 1},1,0,
39749,2,{'val': 2},2,0,
39750,1,{'val': 1},1,0,
39752,1,{'val': 1},1,0,
40763,3,{'val': 3},1,2,DUPLICATE_NEAR
39754,1,{'val': 1},1,0,
39756,1,{'val': 1},1,0,
39757,1,{'val': 1},1,0,
39759,2,{'val': 2},2,0,
39760,1,{'val': 1},1,0,
39761,1,{'val': 1},1,0,
39762,1,{'val': 1},1,0,
39763,1,{'val': 1},1,0,
39764,1,{'val': 1},1,0,
39773,4,{'val': 4},1,3,DUPLICATE_NEAR
39766,1,{'val': 1},1,0,
39775,2,{'val': 2},2,0,
39768,1,{'val': 1},1,0,
39770,1,{'val': 1},1,0,
39771,1,{'val': 1},1,0,
39774,1,{'val': 1},1,0,
39777,1,{'val': 1},1,0,
39778,1,{'val': 1},1,0,
43332,18,{'val': 18},1,17,DUPLICATE_NEAR
43342,39,{'val': 39},1,38,DUPLICATE_NEAR
43419,11,{'val': 11},1,10,DUPLICATE_NEAR
39785,1,{'val': 1},1,0,
43890,14,{'val': 14},1,13,DUPLICATE_NEAR
39794,1,{'val': 1},1,0,
39795,1,{'val': 1},1,0,
39798,3,{'val': 3},1,2,DUPLICATE_NEAR
40062,2,{'val': 2},2,0,
39802,2,{'val': 2},2,0,
39803,1,{'val': 1},1,0,
39804,1,{'val': 1},1,0,
39806,1,{'val': 1},1,0,
39807,1,{'val': 1},1,0,
39808,1,{'val': 1},1,0,
39809,1,{'val': 1},1,0,
39810,1,{'val': 1},1,0,
39811,1,{'val': 1},1,0,
39813,2,{'val': 2},2,0,
39814,1,{'val': 1},1,0,
39816,1,{'val': 1},1,0,
39817,1,{'val': 1},1,0,
41339,32,{'val': 32},1,31,DUPLICATE_NEAR
43951,37,{'val': 37},1,36,DUPLICATE_NEAR
43490,94,{'val': 94},1,93,DUPLICATE_NEAR
39821,1,{'val': 1},1,0,
39822,1,{'val': 1},1,0,
39823,1,{'val': 1},1,0,
43338,4,{'val': 4},1,3,DUPLICATE_NEAR
39827,1,{'val': 1},1,0,
41488,4,{'val': 4},1,3,DUPLICATE_NEAR
39829,1,{'val': 1},1,0,
39830,1,{'val': 1},1,0,
39831,1,{'val': 1},1,0,
39834,1,{'val': 1},1,0,
39835,1,{'val': 1},1,0,
39836,1,{'val': 1},1,0,
39837,1,{'val': 1},1,0,
39838,1,{'val': 1},1,0,
41421,2,{'val': 2},2,0,
39840,1,{'val': 1},1,0,
39841,1,{'val': 1},1,0,
39842,1,{'val': 1},1,0,
41573,23,{'val': 23},1,22,DUPLICATE_NEAR
43653,86,{'val': 86},1,85,DUPLICATE_NEAR
39846,1,{'val': 1},1,0,
39847,1,{'val': 1},1,0,
39848,1,{'val': 1},1,0,
41482,3,{'val': 3},1,2,DUPLICATE_NEAR
39852,1,{'val': 1},1,0,
39856,1,{'val': 1},1,0,
41035,3,{'val': 3},1,2,DUPLICATE_NEAR
43470,7,{'val': 7},1,6,DUPLICATE_NEAR
43469,16,{'val': 16},1,15,DUPLICATE_NEAR
39863,1,{'val': 1},1,0,
39867,1,{'val': 1},1,0,
39869,1,{'val': 1},1,0,
39870,1,{'val': 1},1,0,
39871,1,{'val': 1},1,0,
39973,2,{'val': 2},2,0,
39873,1,{'val': 1},1,0,
39874,1,{'val': 1},1,0,
39875,1,{'val': 1},1,0,
39876,1,{'val': 1},1,0,
39877,1,{'val': 1},1,0,
39878,1,{'val': 1},1,0,
39879,1,{'val': 1},1,0,
39880,1,{'val': 1},1,0,
39888,7,{'val': 7},1,6,DUPLICATE_NEAR
39885,1,{'val': 1},1,0,
39889,1,{'val': 1},1,0,
39890,1,{'val': 1},1,0,
39891,1,{'val': 1},1,0,
39892,1,{'val': 1},1,0,
39893,1,{'val': 1},1,0,
39894,1,{'val': 1},1,0,
39895,1,{'val': 1},1,0,
39897,1,{'val': 1},1,0,
39898,1,{'val': 1},1,0,
39899,1,{'val': 1},1,0,
39900,1,{'val': 1},1,0,
43347,4,{'val': 4},1,3,DUPLICATE_NEAR
39904,1,{'val': 1},1,0,
39905,1,{'val': 1},1,0,
39906,1,{'val': 1},1,0,
41504,3,{'val': 3},1,2,DUPLICATE_NEAR
40491,3,{'val': 3},1,2,DUPLICATE_NEAR
39911,1,{'val': 1},1,0,
39912,1,{'val': 1},1,0,
39913,1,{'val': 1},1,0,
40178,2,{'val': 2},2,0,
39915,1,{'val': 1},1,0,
39916,1,{'val': 1},1,0,
39918,1,{'val': 1},1,0,
39919,1,{'val': 1},1,0,
39920,1,{'val': 1},1,0,
39921,1,{'val': 1},1,0,
43348,4,{'val': 4},1,3,DUPLICATE_NEAR
39924,1,{'val': 1},1,0,
39925,1,{'val': 1},1,0,
43392,44,{'val': 44},1,43,DUPLICATE_NEAR
43351,18,{'val': 18},1,17,DUPLICATE_NEAR
41058,19,{'val': 19},1,18,DUPLICATE_NEAR
39934,1,{'val': 1},1,0,
39935,1,{'val': 1},1,0,
39943,1,{'val': 1},1,0,
39948,2,{'val': 2},2,0,
39949,1,{'val': 1},1,0,
45469,2,"{'val': 1, 'test': 1}",1,1,CROSS_SPLIT_NEARDUP_LEAKAGE
39951,1,{'val': 1},1,0,
43847,7,{'val': 7},1,6,DUPLICATE_NEAR
39954,1,{'val': 1},1,0,
39955,1,{'val': 1},1,0,
39956,1,{'val': 1},1,0,
39959,2,{'val': 2},2,0,
39958,1,{'val': 1},1,0,
39960,1,{'val': 1},1,0,
43369,4,{'val': 4},1,3,DUPLICATE_NEAR
43367,2,{'val': 2},2,0,
43368,2,{'val': 2},2,0,
40265,2,{'val': 2},2,0,
39966,1,{'val': 1},1,0,
39967,1,{'val': 1},1,0,
39968,1,{'val': 1},1,0,
39969,1,{'val': 1},1,0,
39970,1,{'val': 1},1,0,
39971,1,{'val': 1},1,0,
39974,1,{'val': 1},1,0,
39975,1,{'val': 1},1,0,
39979,3,{'val': 3},1,2,DUPLICATE_NEAR
39977,1,{'val': 1},1,0,
39980,1,{'val': 1},1,0,
39981,1,{'val': 1},1,0,
39983,2,{'val': 2},2,0,
41507,2,{'val': 2},2,0,
39985,1,{'val': 1},1,0,
39986,1,{'val': 1},1,0,
39987,1,{'val': 1},1,0,
39988,1,{'val': 1},1,0,
39990,1,{'val': 1},1,0,
39991,1,{'val': 1},1,0,
39992,1,{'val': 1},1,0,
40002,3,{'val': 3},1,2,DUPLICATE_NEAR
39998,1,{'val': 1},1,0,
40001,2,{'val': 2},2,0,
40003,1,{'val': 1},1,0,
40004,1,{'val': 1},1,0,
40005,1,{'val': 1},1,0,
40008,2,{'val': 2},2,0,
40007,1,{'val': 1},1,0,
40009,1,{'val': 1},1,0,
40010,1,{'val': 1},1,0,
40012,1,{'val': 1},1,0,
40013,1,{'val': 1},1,0,
40014,1,{'val': 1},1,0,
40015,1,{'val': 1},1,0,
40020,3,{'val': 3},1,2,DUPLICATE_NEAR
40018,1,{'val': 1},1,0,
40019,1,{'val': 1},1,0,
40022,2,{'val': 2},2,0,
40023,1,{'val': 1},1,0,
40024,1,{'val': 1},1,0,
40026,2,{'val': 2},2,0,
40027,1,{'val': 1},1,0,
40028,1,{'val': 1},1,0,
40029,1,{'val': 1},1,0,
40030,1,{'val': 1},1,0,
40031,1,{'val': 1},1,0,
40032,1,{'val': 1},1,0,
40033,1,{'val': 1},1,0,
40035,1,{'val': 1},1,0,
40036,1,{'val': 1},1,0,
40037,1,{'val': 1},1,0,
40038,1,{'val': 1},1,0,
40047,47,{'val': 47},1,46,DUPLICATE_NEAR
40044,3,{'val': 3},1,2,DUPLICATE_NEAR
40041,1,{'val': 1},1,0,
40042,1,{'val': 1},1,0,
43373,5,{'val': 5},1,4,DUPLICATE_NEAR
40050,1,{'val': 1},1,0,
40052,2,{'val': 2},2,0,
43371,2,{'val': 2},2,0,
40055,1,{'val': 1},1,0,
43551,37,{'val': 37},1,36,DUPLICATE_NEAR
43855,12,{'val': 12},1,11,DUPLICATE_NEAR
43379,6,{'val': 6},1,5,DUPLICATE_NEAR
40066,1,{'val': 1},1,0,
40070,1,{'val': 1},1,0,
40071,1,{'val': 1},1,0,
40072,1,{'val': 1},1,0,
40073,1,{'val': 1},1,0,
40074,1,{'val': 1},1,0,
41017,2,{'val': 2},2,0,
40076,1,{'val': 1},1,0,
40077,1,{'val': 1},1,0,
40078,1,{'val': 1},1,0,
40084,1,{'val': 1},1,0,
40087,1,{'val': 1},1,0,
40089,1,{'val': 1},1,0,
40100,3,{'val': 3},1,2,DUPLICATE_NEAR
40095,1,{'val': 1},1,0,
40096,1,{'val': 1},1,0,
40101,2,{'val': 2},2,0,
40099,1,{'val': 1},1,0,
40102,1,{'val': 1},1,0,
40103,1,{'val': 1},1,0,
40104,1,{'val': 1},1,0,
40105,1,{'val': 1},1,0,
40106,1,{'val': 1},1,0,
40107,1,{'val': 1},1,0,
40108,1,{'val': 1},1,0,
40116,6,{'val': 6},1,5,DUPLICATE_NEAR
40110,1,{'val': 1},1,0,
40113,2,{'val': 2},2,0,
40119,2,{'val': 2},2,0,
40120,1,{'val': 1},1,0,
40123,2,{'val': 2},2,0,
40122,1,{'val': 1},1,0,
40125,3,{'val': 3},1,2,DUPLICATE_NEAR
41230,12,{'val': 12},1,11,DUPLICATE_NEAR
43542,12,{'val': 12},1,11,DUPLICATE_NEAR
40130,1,{'val': 1},1,0,
40131,1,{'val': 1},1,0,
40132,1,{'val': 1},1,0,
40133,1,{'val': 1},1,0,
40134,1,{'val': 1},1,0,
40136,2,{'val': 2},2,0,
40137,1,{'val': 1},1,0,
40138,1,{'val': 1},1,0,
43405,2,{'val': 2},2,0,
40140,1,{'val': 1},1,0,
40141,1,{'val': 1},1,0,
40142,1,{'val': 1},1,0,
40143,1,{'val': 1},1,0,
40144,1,{'val': 1},1,0,
40146,2,{'val': 2},2,0,
40147,1,{'val': 1},1,0,
40148,1,{'val': 1},1,0,
43931,34,{'val': 34},1,33,DUPLICATE_NEAR
43486,11,{'val': 11},1,10,DUPLICATE_NEAR
40153,2,{'val': 2},2,0,
40154,1,{'val': 1},1,0,
40155,1,{'val': 1},1,0,
40156,1,{'val': 1},1,0,
40157,1,{'val': 1},1,0,
40158,1,{'val': 1},1,0,
40162,1,{'val': 1},1,0,
40164,1,{'val': 1},1,0,
40166,1,{'val': 1},1,0,
40167,1,{'val': 1},1,0,
40168,1,{'val': 1},1,0,
40169,1,{'val': 1},1,0,
40171,1,{'val': 1},1,0,
40179,2,{'val': 2},2,0,
41410,77,{'val': 77},1,76,DUPLICATE_NEAR
43971,24,{'val': 24},1,23,DUPLICATE_NEAR
40180,1,{'val': 1},1,0,
41425,2,{'val': 2},2,0,
40182,1,{'val': 1},1,0,
40183,1,{'val': 1},1,0,
40184,1,{'val': 1},1,0,
40805,71,{'val': 71},1,70,DUPLICATE_NEAR
40436,89,{'val': 89},1,88,DUPLICATE_NEAR
40233,1,{'val': 1},1,0,
40235,1,{'val': 1},1,0,
40243,1,{'val': 1},1,0,
40245,1,{'val': 1},1,0,
40774,13,{'val': 13},1,12,DUPLICATE_NEAR
40263,1,{'val': 1},1,0,
41439,2,{'val': 2},2,0,
40266,1,{'val': 1},1,0,
40267,1,{'val': 1},1,0,
40269,1,{'val': 1},1,0,
40270,1,{'val': 1},1,0,
40271,1,{'val': 1},1,0,
40272,1,{'val': 1},1,0,
40273,1,{'val': 1},1,0,
40274,1,{'val': 1},1,0,
40275,1,{'val': 1},1,0,
40276,1,{'val': 1},1,0,
40277,1,{'val': 1},1,0,
40278,1,{'val': 1},1,0,
40282,3,{'val': 3},1,2,DUPLICATE_NEAR
40283,1,{'val': 1},1,0,
40289,4,{'val': 4},1,3,DUPLICATE_NEAR
40285,1,{'val': 1},1,0,
40288,1,{'val': 1},1,0,
40302,1,{'val': 1},1,0,
40304,1,{'val': 1},1,0,
40656,4,{'val': 4},1,3,DUPLICATE_NEAR
40336,3,{'val': 3},1,2,DUPLICATE_NEAR
40319,1,{'val': 1},1,0,
40320,1,{'val': 1},1,0,
40321,1,{'val': 1},1,0,
40322,1,{'val': 1},1,0,
40338,2,{'val': 2},2,0,
40334,1,{'val': 1},1,0,
40335,1,{'val': 1},1,0,
40341,1,{'val': 1},1,0,
40483,3,{'val': 3},1,2,DUPLICATE_NEAR
40354,1,{'val': 1},1,0,
40379,1,{'val': 1},1,0,
40851,5,{'val': 5},1,4,DUPLICATE_NEAR
40384,1,{'val': 1},1,0,
40397,1,{'val': 1},1,0,
40402,1,{'val': 1},1,0,
40416,1,{'val': 1},1,0,
40417,1,{'val': 1},1,0,
40418,1,{'val': 1},1,0,
40428,1,{'val': 1},1,0,
40432,1,{'val': 1},1,0,
40441,1,{'val': 1},1,0,
40447,1,{'val': 1},1,0,
40450,1,{'val': 1},1,0,
40460,1,{'val': 1},1,0,
40469,1,{'val': 1},1,0,
40480,1,{'val': 1},1,0,
40482,1,{'val': 1},1,0,
40490,1,{'val': 1},1,0,
40492,1,{'val': 1},1,0,
40493,1,{'val': 1},1,0,
40494,1,{'val': 1},1,0,
40503,2,{'val': 2},2,0,
40500,3,{'val': 3},1,2,DUPLICATE_NEAR
40497,1,{'val': 1},1,0,
40502,2,{'val': 2},2,0,
40501,1,{'val': 1},1,0,
40504,1,{'val': 1},1,0,
40509,2,{'val': 2},2,0,
40506,1,{'val': 1},1,0,
40508,2,{'val': 2},2,0,
40510,1,{'val': 1},1,0,
40517,1,{'val': 1},1,0,
40692,2,{'val': 2},2,0,
40560,1,{'val': 1},1,0,
40568,1,{'val': 1},1,0,
40571,1,{'val': 1},1,0,
40572,1,{'val': 1},1,0,
40586,1,{'val': 1},1,0,
40594,4,{'val': 4},1,3,DUPLICATE_NEAR
40589,1,{'val': 1},1,0,
40596,3,{'val': 3},1,2,DUPLICATE_NEAR
40592,1,{'val': 1},1,0,
40616,1,{'val': 1},1,0,
40619,1,{'val': 1},1,0,
40621,1,{'val': 1},1,0,
40639,1,{'val': 1},1,0,
40641,2,{'val': 2},2,0,
40673,1,{'val': 1},1,0,
40675,1,{'val': 1},1,0,
40679,1,{'val': 1},1,0,
40687,1,{'val': 1},1,0,
40750,1,{'val': 1},1,0,
40751,1,{'val': 1},1,0,
40753,1,{'val': 1},1,0,
40758,3,{'val': 3},1,2,DUPLICATE_NEAR
40756,1,{'val': 1},1,0,
40757,1,{'val': 1},1,0,
40759,1,{'val': 1},1,0,
40760,1,{'val': 1},1,0,
40761,1,{'val': 1},1,0,
40762,1,{'val': 1},1,0,
40770,1,{'val': 1},1,0,
40822,2,{'val': 2},2,0,
40780,1,{'val': 1},1,0,
40875,2,{'val': 2},2,0,
40792,1,{'val': 1},1,0,
40794,1,{'val': 1},1,0,
40809,1,{'val': 1},1,0,
40827,1,{'val': 1},1,0,
40833,1,{'val': 1},1,0,
40846,1,{'val': 1},1,0,
40853,1,{'val': 1},1,0,
40856,1,{'val': 1},1,0,
40859,1,{'val': 1},1,0,
40861,1,{'val': 1},1,0,
40863,1,{'val': 1},1,0,
40878,1,{'val': 1},1,0,
40879,1,{'val': 1},1,0,
40880,1,{'val': 1},1,0,
40881,1,{'val': 1},1,0,
40887,3,{'val': 3},1,2,DUPLICATE_NEAR
40890,6,{'val': 6},1,5,DUPLICATE_NEAR
40891,1,{'val': 1},1,0,
40892,1,{'val': 1},1,0,
40894,2,{'val': 2},2,0,
40896,2,{'val': 2},2,0,
40897,1,{'val': 1},1,0,
40898,1,{'val': 1},1,0,
40899,1,{'val': 1},1,0,
40914,1,{'val': 1},1,0,
40925,1,{'val': 1},1,0,
40926,1,{'val': 1},1,0,
40931,2,{'val': 2},2,0,
40929,1,{'val': 1},1,0,
40930,1,{'val': 1},1,0,
41007,3,{'val': 3},1,2,DUPLICATE_NEAR
40933,1,{'val': 1},1,0,
40934,1,{'val': 1},1,0,
40935,1,{'val': 1},1,0,
40936,1,{'val': 1},1,0,
43906,13,{'val': 13},1,12,DUPLICATE_NEAR
40974,8,{'val': 8},1,7,DUPLICATE_NEAR
41429,2,{'val': 2},2,0,
40947,1,{'val': 1},1,0,
40948,1,{'val': 1},1,0,
40957,5,{'val': 5},1,4,DUPLICATE_NEAR
40953,2,{'val': 2},2,0,
40955,2,{'val': 2},2,0,
40964,3,{'val': 3},1,2,DUPLICATE_NEAR
43614,9,{'val': 9},1,8,DUPLICATE_NEAR
43613,4,{'val': 4},1,3,DUPLICATE_NEAR
40968,1,{'val': 1},1,0,
40969,1,{'val': 1},1,0,
43914,4,{'val': 4},1,3,DUPLICATE_NEAR
43438,9,{'val': 9},1,8,DUPLICATE_NEAR
40977,1,{'val': 1},1,0,
40978,1,{'val': 1},1,0,
40979,1,{'val': 1},1,0,
40980,1,{'val': 1},1,0,
40984,1,{'val': 1},1,0,
40985,1,{'val': 1},1,0,
40986,1,{'val': 1},1,0,
43482,6,{'val': 6},1,5,DUPLICATE_NEAR
41128,2,{'val': 2},2,0,
40990,1,{'val': 1},1,0,
46347,2,"{'val': 1, 'test': 1}",1,1,CROSS_SPLIT_NEARDUP_LEAKAGE
40992,1,{'val': 1},1,0,
40993,1,{'val': 1},1,0,
40994,1,{'val': 1},1,0,
40995,1,{'val': 1},1,0,
40996,1,{'val': 1},1,0,
40997,1,{'val': 1},1,0,
40998,1,{'val': 1},1,0,
41004,3,{'val': 3},1,2,DUPLICATE_NEAR
41000,1,{'val': 1},1,0,
41001,1,{'val': 1},1,0,
41002,1,{'val': 1},1,0,
41005,1,{'val': 1},1,0,
41008,1,{'val': 1},1,0,
41013,4,{'val': 4},1,3,DUPLICATE_NEAR
41016,2,{'val': 2},2,0,
41012,1,{'val': 1},1,0,
41015,1,{'val': 1},1,0,
41018,1,{'val': 1},1,0,
41019,1,{'val': 1},1,0,
45378,2,"{'val': 1, 'test': 1}",1,1,CROSS_SPLIT_NEARDUP_LEAKAGE
41031,2,{'val': 2},2,0,
41022,1,{'val': 1},1,0,
41032,3,{'val': 3},1,2,DUPLICATE_NEAR
41029,2,{'val': 2},2,0,
41025,1,{'val': 1},1,0,
41026,1,{'val': 1},1,0,
41028,1,{'val': 1},1,0,
41030,1,{'val': 1},1,0,
41036,1,{'val': 1},1,0,
41037,1,{'val': 1},1,0,
41050,1,{'val': 1},1,0,
41059,1,{'val': 1},1,0,
41067,1,{'val': 1},1,0,
41068,1,{'val': 1},1,0,
41076,5,{'val': 5},1,4,DUPLICATE_NEAR
41072,1,{'val': 1},1,0,
41075,2,{'val': 2},2,0,
41074,1,{'val': 1},1,0,
41079,1,{'val': 1},1,0,
41081,1,{'val': 1},1,0,
41089,3,{'val': 3},1,2,DUPLICATE_NEAR
41090,5,{'val': 5},1,4,DUPLICATE_NEAR
41085,1,{'val': 1},1,0,
41094,1,{'val': 1},1,0,
41097,2,{'val': 2},2,0,
41099,1,{'val': 1},1,0,
41101,1,{'val': 1},1,0,
41106,3,{'val': 3},1,2,DUPLICATE_NEAR
41103,1,{'val': 1},1,0,
41104,1,{'val': 1},1,0,
41109,1,{'val': 1},1,0,
41110,1,{'val': 1},1,0,
41111,1,{'val': 1},1,0,
41112,1,{'val': 1},1,0,
41119,1,{'val': 1},1,0,
41120,1,{'val': 1},1,0,
43479,7,{'val': 7},1,6,DUPLICATE_NEAR
41124,1,{'val': 1},1,0,
41255,2,{'val': 2},2,0,
41131,5,{'val': 5},1,4,DUPLICATE_NEAR
41132,1,{'val': 1},1,0,
41134,1,{'val': 1},1,0,
41135,1,{'val': 1},1,0,
41136,1,{'val': 1},1,0,
41137,1,{'val': 1},1,0,
41138,1,{'val': 1},1,0,
41139,1,{'val': 1},1,0,
41140,1,{'val': 1},1,0,
41141,1,{'val': 1},1,0,
41142,1,{'val': 1},1,0,
41143,1,{'val': 1},1,0,
41144,1,{'val': 1},1,0,
41148,1,{'val': 1},1,0,
41149,1,{'val': 1},1,0,
41150,1,{'val': 1},1,0,
41157,1,{'val': 1},1,0,
41158,1,{'val': 1},1,0,
41161,1,{'val': 1},1,0,
41164,1,{'val': 1},1,0,
41332,4,{'val': 4},1,3,DUPLICATE_NEAR
41168,1,{'val': 1},1,0,
41169,1,{'val': 1},1,0,
41171,1,{'val': 1},1,0,
41181,1,{'val': 1},1,0,
41182,1,{'val': 1},1,0,
41184,1,{'val': 1},1,0,
41185,1,{'val': 1},1,0,
41186,1,{'val': 1},1,0,
41187,1,{'val': 1},1,0,
41189,1,{'val': 1},1,0,
41190,1,{'val': 1},1,0,
41191,1,{'val': 1},1,0,
45758,2,"{'val': 1, 'test': 1}",1,1,CROSS_SPLIT_NEARDUP_LEAKAGE
41193,1,{'val': 1},1,0,
41194,1,{'val': 1},1,0,
43917,3,{'val': 3},1,2,DUPLICATE_NEAR
41204,1,{'val': 1},1,0,
44070,27,{'val': 27},1,26,DUPLICATE_NEAR
41217,1,{'val': 1},1,0,
41232,1,{'val': 1},1,0,
41248,5,{'val': 5},1,4,DUPLICATE_NEAR
41246,1,{'val': 1},1,0,
41249,1,{'val': 1},1,0,
41254,1,{'val': 1},1,0,
41256,1,{'val': 1},1,0,
41257,1,{'val': 1},1,0,
41258,1,{'val': 1},1,0,
41442,2,{'val': 2},2,0,
41262,2,{'val': 2},2,0,
41263,1,{'val': 1},1,0,
41264,1,{'val': 1},1,0,
41265,1,{'val': 1},1,0,
41266,1,{'val': 1},1,0,
41268,1,{'val': 1},1,0,
41276,4,{'val': 4},1,3,DUPLICATE_NEAR
41273,1,{'val': 1},1,0,
41292,1,{'val': 1},1,0,
41293,1,{'val': 1},1,0,
41294,1,{'val': 1},1,0,
41295,1,{'val': 1},1,0,
41296,1,{'val': 1},1,0,
41297,1,{'val': 1},1,0,
41308,1,{'val': 1},1,0,
41511,2,{'val': 2},2,0,
41337,1,{'val': 1},1,0,
41343,1,{'val': 1},1,0,
41346,1,{'val': 1},1,0,
41349,1,{'val': 1},1,0,
41350,1,{'val': 1},1,0,
41359,1,{'val': 1},1,0,
41360,1,{'val': 1},1,0,
41361,1,{'val': 1},1,0,
41362,1,{'val': 1},1,0,
41363,1,{'val': 1},1,0,
41364,1,{'val': 1},1,0,
41365,1,{'val': 1},1,0,
41366,1,{'val': 1},1,0,
41367,1,{'val': 1},1,0,
41368,1,{'val': 1},1,0,
41369,1,{'val': 1},1,0,
41371,1,{'val': 1},1,0,
41392,1,{'val': 1},1,0,
41393,1,{'val': 1},1,0,
41394,1,{'val': 1},1,0,
41405,1,{'val': 1},1,0,
41420,1,{'val': 1},1,0,
41422,1,{'val': 1},1,0,
41423,1,{'val': 1},1,0,
41424,1,{'val': 1},1,0,
41426,1,{'val': 1},1,0,
41427,1,{'val': 1},1,0,
41428,1,{'val': 1},1,0,
41432,1,{'val': 1},1,0,
41438,2,{'val': 2},2,0,
41451,2,{'val': 2},2,0,
41441,1,{'val': 1},1,0,
41443,1,{'val': 1},1,0,
41444,1,{'val': 1},1,0,
41445,1,{'val': 1},1,0,
41446,1,{'val': 1},1,0,
41447,1,{'val': 1},1,0,
41448,1,{'val': 1},1,0,
41449,1,{'val': 1},1,0,
41450,1,{'val': 1},1,0,
41452,1,{'val': 1},1,0,
41453,1,{'val': 1},1,0,
41454,1,{'val': 1},1,0,
41455,1,{'val': 1},1,0,
41456,1,{'val': 1},1,0,
43991,35,{'val': 35},1,34,DUPLICATE_NEAR
41468,1,{'val': 1},1,0,
41475,1,{'val': 1},1,0,
41485,3,{'val': 3},1,2,DUPLICATE_NEAR
41478,1,{'val': 1},1,0,
41486,1,{'val': 1},1,0,
41489,1,{'val': 1},1,0,
41490,1,{'val': 1},1,0,
41492,2,{'val': 2},2,0,
41493,1,{'val': 1},1,0,
41494,1,{'val': 1},1,0,
41495,1,{'val': 1},1,0,
41496,1,{'val': 1},1,0,
41497,1,{'val': 1},1,0,
41498,1,{'val': 1},1,0,
41499,1,{'val': 1},1,0,
41500,1,{'val': 1},1,0,
41501,1,{'val': 1},1,0,
41502,1,{'val': 1},1,0,
41503,1,{'val': 1},1,0,
41505,1,{'val': 1},1,0,
41506,1,{'val': 1},1,0,
41509,1,{'val': 1},1,0,
41510,1,{'val': 1},1,0,
41521,1,{'val': 1},1,0,
41522,1,{'val': 1},1,0,
41523,1,{'val': 1},1,0,
41534,1,{'val': 1},1,0,
41535,1,{'val': 1},1,0,
41542,1,{'val': 1},1,0,
41543,1,{'val': 1},1,0,
41544,1,{'val': 1},1,0,
41545,1,{'val': 1},1,0,
41546,1,{'val': 1},1,0,
41547,1,{'val': 1},1,0,
41558,1,{'val': 1},1,0,
41559,1,{'val': 1},1,0,
41560,1,{'val': 1},1,0,
41561,1,{'val': 1},1,0,
41569,1,{'val': 1},1,0,
41579,1,{'val': 1},1,0,
41580,1,{'val': 1},1,0,
41583,1,{'val': 1},1,0,
41588,1,{'val': 1},1,0,
41598,1,{'val': 1},1,0,
41599,1,{'val': 1},1,0,
41600,1,{'val': 1},1,0,
41601,1,{'val': 1},1,0,
41603,1,{'val': 1},1,0,
41604,1,{'val': 1},1,0,
41605,1,{'val': 1},1,0,
41606,1,{'val': 1},1,0,
41607,1,{'val': 1},1,0,
41608,1,{'val': 1},1,0,
41609,1,{'val': 1},1,0,
41610,1,{'val': 1},1,0,
41611,1,{'val': 1},1,0,
41612,1,{'val': 1},1,0,
41613,1,{'val': 1},1,0,
41614,1,{'val': 1},1,0,
42628,1,{'val': 1},1,0,
42629,1,{'val': 1},1,0,
42630,1,{'val': 1},1,0,
42631,1,{'val': 1},1,0,
42632,1,{'val': 1},1,0,
42636,4,{'val': 4},1,3,DUPLICATE_NEAR
42635,1,{'val': 1},1,0,
42638,1,{'val': 1},1,0,
42639,1,{'val': 1},1,0,
42640,1,{'val': 1},1,0,
42645,6,{'val': 6},1,5,DUPLICATE_NEAR
42647,1,{'val': 1},1,0,
42648,1,{'val': 1},1,0,
42651,2,{'val': 2},2,0,
42652,2,{'val': 2},2,0,
42653,1,{'val': 1},1,0,
42654,1,{'val': 1},1,0,
42655,1,{'val': 1},1,0,
42656,1,{'val': 1},1,0,
42657,1,{'val': 1},1,0,
42658,1,{'val': 1},1,0,
42659,1,{'val': 1},1,0,
42660,1,{'val': 1},1,0,
42668,6,{'val': 6},1,5,DUPLICATE_NEAR
42664,1,{'val': 1},1,0,
42667,1,{'val': 1},1,0,
42670,1,{'val': 1},1,0,
42671,1,{'val': 1},1,0,
42672,1,{'val': 1},1,0,
42677,2,{'val': 2},2,0,
42674,1,{'val': 1},1,0,
42678,2,{'val': 2},2,0,
42676,1,{'val': 1},1,0,
42679,1,{'val': 1},1,0,
42680,1,{'val': 1},1,0,
42685,3,{'val': 3},1,2,DUPLICATE_NEAR
42689,2,{'val': 2},2,0,
42687,3,{'val': 3},1,2,DUPLICATE_NEAR
42688,1,{'val': 1},1,0,
42694,3,{'val': 3},1,2,DUPLICATE_NEAR
42692,1,{'val': 1},1,0,
42693,1,{'val': 1},1,0,
42695,1,{'val': 1},1,0,
42697,2,{'val': 2},2,0,
42698,1,{'val': 1},1,0,
42699,1,{'val': 1},1,0,
42700,1,{'val': 1},1,0,
42701,1,{'val': 1},1,0,
42702,1,{'val': 1},1,0,
42703,1,{'val': 1},1,0,
42704,1,{'val': 1},1,0,
42709,1,{'val': 1},1,0,
42710,1,{'val': 1},1,0,
42713,1,{'val': 1},1,0,
42714,1,{'val': 1},1,0,
42715,1,{'val': 1},1,0,
42716,1,{'val': 1},1,0,
42717,1,{'val': 1},1,0,
42720,1,{'val': 1},1,0,
42721,1,{'val': 1},1,0,
42723,1,{'val': 1},1,0,
42724,1,{'val': 1},1,0,
42728,4,{'val': 4},1,3,DUPLICATE_NEAR
42727,1,{'val': 1},1,0,
42730,1,{'val': 1},1,0,
42736,4,{'val': 4},1,3,DUPLICATE_NEAR
42738,2,{'val': 2},2,0,
42734,1,{'val': 1},1,0,
42737,1,{'val': 1},1,0,
42739,1,{'val': 1},1,0,
42740,1,{'val': 1},1,0,
42741,1,{'val': 1},1,0,
42743,1,{'val': 1},1,0,
42744,1,{'val': 1},1,0,
42745,1,{'val': 1},1,0,
42749,3,{'val': 3},1,2,DUPLICATE_NEAR
42748,1,{'val': 1},1,0,
42755,3,{'val': 3},1,2,DUPLICATE_NEAR
42754,3,{'val': 3},1,2,DUPLICATE_NEAR
42756,1,{'val': 1},1,0,
42760,3,{'val': 3},1,2,DUPLICATE_NEAR
42759,1,{'val': 1},1,0,
42761,1,{'val': 1},1,0,
42762,1,{'val': 1},1,0,
42763,1,{'val': 1},1,0,
42764,1,{'val': 1},1,0,
42765,1,{'val': 1},1,0,
42766,1,{'val': 1},1,0,
42770,5,{'val': 5},1,4,DUPLICATE_NEAR
42772,1,{'val': 1},1,0,
42773,1,{'val': 1},1,0,
42774,1,{'val': 1},1,0,
42777,3,{'val': 3},1,2,DUPLICATE_NEAR
42778,1,{'val': 1},1,0,
42779,1,{'val': 1},1,0,
42780,1,{'val': 1},1,0,
42781,1,{'val': 1},1,0,
42782,1,{'val': 1},1,0,
42783,1,{'val': 1},1,0,
42784,1,{'val': 1},1,0,
42785,1,{'val': 1},1,0,
42786,1,{'val': 1},1,0,
42787,1,{'val': 1},1,0,
42789,1,{'val': 1},1,0,
42792,2,{'val': 2},2,0,
42793,1,{'val': 1},1,0,
42797,1,{'val': 1},1,0,
42799,1,{'val': 1},1,0,
42804,3,{'val': 3},1,2,DUPLICATE_NEAR
42801,1,{'val': 1},1,0,
42803,1,{'val': 1},1,0,
42805,1,{'val': 1},1,0,
42806,1,{'val': 1},1,0,
42810,3,{'val': 3},1,2,DUPLICATE_NEAR
42808,1,{'val': 1},1,0,
42812,2,{'val': 2},2,0,
42814,1,{'val': 1},1,0,
42815,1,{'val': 1},1,0,
42816,1,{'val': 1},1,0,
42817,1,{'val': 1},1,0,
42819,2,{'val': 2},2,0,
42820,1,{'val': 1},1,0,
42821,1,{'val': 1},1,0,
42823,2,{'val': 2},2,0,
42825,2,{'val': 2},2,0,
42828,2,{'val': 2},2,0,
42827,1,{'val': 1},1,0,
42829,1,{'val': 1},1,0,
42830,1,{'val': 1},1,0,
42831,1,{'val': 1},1,0,
42832,1,{'val': 1},1,0,
42835,3,{'val': 3},1,2,DUPLICATE_NEAR
42836,1,{'val': 1},1,0,
42840,2,{'val': 2},2,0,
42838,1,{'val': 1},1,0,
42839,1,{'val': 1},1,0,
42841,1,{'val': 1},1,0,
42845,4,{'val': 4},1,3,DUPLICATE_NEAR
42846,1,{'val': 1},1,0,
42847,1,{'val': 1},1,0,
42848,1,{'val': 1},1,0,
42851,3,{'val': 3},1,2,DUPLICATE_NEAR
42852,1,{'val': 1},1,0,
42853,1,{'val': 1},1,0,
42856,2,{'val': 2},2,0,
42855,1,{'val': 1},1,0,
42857,1,{'val': 1},1,0,
42858,1,{'val': 1},1,0,
42859,1,{'val': 1},1,0,
42860,1,{'val': 1},1,0,
42861,1,{'val': 1},1,0,
42866,2,{'val': 2},2,0,
42865,2,{'val': 2},2,0,
42867,1,{'val': 1},1,0,
42871,3,{'val': 3},1,2,DUPLICATE_NEAR
42869,1,{'val': 1},1,0,
42872,1,{'val': 1},1,0,
42873,1,{'val': 1},1,0,
42877,2,{'val': 2},2,0,
42876,2,{'val': 2},2,0,
42878,1,{'val': 1},1,0,
42883,3,{'val': 3},1,2,DUPLICATE_NEAR
42880,1,{'val': 1},1,0,
42881,1,{'val': 1},1,0,
42884,1,{'val': 1},1,0,
42887,4,{'val': 4},1,3,DUPLICATE_NEAR
42889,1,{'val': 1},1,0,
42892,3,{'val': 3},1,2,DUPLICATE_NEAR
42893,1,{'val': 1},1,0,
42894,1,{'val': 1},1,0,
42897,2,{'val': 2},2,0,
42899,1,{'val': 1},1,0,
42903,2,{'val': 2},2,0,
42902,2,{'val': 2},2,0,
42904,1,{'val': 1},1,0,
42905,1,{'val': 1},1,0,
42906,1,{'val': 1},1,0,
42907,1,{'val': 1},1,0,
42911,3,{'val': 3},1,2,DUPLICATE_NEAR
42909,1,{'val': 1},1,0,
42912,1,{'val': 1},1,0,
42914,2,{'val': 2},2,0,
42920,4,{'val': 4},1,3,DUPLICATE_NEAR
42919,2,{'val': 2},2,0,
42922,1,{'val': 1},1,0,
42923,1,{'val': 1},1,0,
42924,1,{'val': 1},1,0,
42925,1,{'val': 1},1,0,
42926,1,{'val': 1},1,0,
42930,3,{'val': 3},1,2,DUPLICATE_NEAR
42929,1,{'val': 1},1,0,
42933,2,{'val': 2},2,0,
42934,2,{'val': 2},2,0,
42937,1,{'val': 1},1,0,
42938,1,{'val': 1},1,0,
42939,1,{'val': 1},1,0,
42940,1,{'val': 1},1,0,
42944,2,{'val': 2},2,0,
42942,1,{'val': 1},1,0,
42943,1,{'val': 1},1,0,
42945,1,{'val': 1},1,0,
42946,1,{'val': 1},1,0,
42947,1,{'val': 1},1,0,
42948,1,{'val': 1},1,0,
42952,3,{'val': 3},1,2,DUPLICATE_NEAR
42951,1,{'val': 1},1,0,
42953,1,{'val': 1},1,0,
42955,1,{'val': 1},1,0,
42956,1,{'val': 1},1,0,
42958,2,{'val': 2},2,0,
42960,3,{'val': 3},1,2,DUPLICATE_NEAR
42962,1,{'val': 1},1,0,
42963,1,{'val': 1},1,0,
42964,1,{'val': 1},1,0,
42967,2,{'val': 2},2,0,
42966,1,{'val': 1},1,0,
42968,1,{'val': 1},1,0,
42969,1,{'val': 1},1,0,
42971,2,{'val': 2},2,0,
42972,1,{'val': 1},1,0,
42976,4,{'val': 4},1,3,DUPLICATE_NEAR
42977,1,{'val': 1},1,0,
42978,1,{'val': 1},1,0,
42979,1,{'val': 1},1,0,
42980,1,{'val': 1},1,0,
42985,4,{'val': 4},1,3,DUPLICATE_NEAR
42984,1,{'val': 1},1,0,
42986,1,{'val': 1},1,0,
42987,1,{'val': 1},1,0,
42992,2,{'val': 2},2,0,
42991,2,{'val': 2},2,0,
42994,1,{'val': 1},1,0,
42995,1,{'val': 1},1,0,
42996,1,{'val': 1},1,0,
43000,2,{'val': 2},2,0,
42999,2,{'val': 2},2,0,
43004,3,{'val': 3},1,2,DUPLICATE_NEAR
43003,1,{'val': 1},1,0,
43005,1,{'val': 1},1,0,
43006,1,{'val': 1},1,0,
43007,1,{'val': 1},1,0,
43008,1,{'val': 1},1,0,
43009,1,{'val': 1},1,0,
43010,1,{'val': 1},1,0,
43013,2,{'val': 2},2,0,
43012,1,{'val': 1},1,0,
43015,2,{'val': 2},2,0,
43016,1,{'val': 1},1,0,
43017,1,{'val': 1},1,0,
43020,2,{'val': 2},2,0,
43023,1,{'val': 1},1,0,
43025,1,{'val': 1},1,0,
43027,2,{'val': 2},2,0,
43032,6,{'val': 6},1,5,DUPLICATE_NEAR
43034,1,{'val': 1},1,0,
43036,2,{'val': 2},2,0,
43037,1,{'val': 1},1,0,
43038,1,{'val': 1},1,0,
43039,1,{'val': 1},1,0,
43040,1,{'val': 1},1,0,
43041,1,{'val': 1},1,0,
43043,2,{'val': 2},2,0,
43044,1,{'val': 1},1,0,
43045,1,{'val': 1},1,0,
43046,1,{'val': 1},1,0,
43047,1,{'val': 1},1,0,
43048,1,{'val': 1},1,0,
43049,1,{'val': 1},1,0,
43050,1,{'val': 1},1,0,
43051,1,{'val': 1},1,0,
43055,3,{'val': 3},1,2,DUPLICATE_NEAR
43054,1,{'val': 1},1,0,
43057,2,{'val': 2},2,0,
43058,1,{'val': 1},1,0,
43059,1,{'val': 1},1,0,
43060,1,{'val': 1},1,0,
43061,1,{'val': 1},1,0,
43062,1,{'val': 1},1,0,
43063,1,{'val': 1},1,0,
43064,1,{'val': 1},1,0,
43065,1,{'val': 1},1,0,
43066,1,{'val': 1},1,0,
43067,1,{'val': 1},1,0,
43068,1,{'val': 1},1,0,
43069,1,{'val': 1},1,0,
43070,1,{'val': 1},1,0,
43071,1,{'val': 1},1,0,
43072,1,{'val': 1},1,0,
43073,1,{'val': 1},1,0,
43074,1,{'val': 1},1,0,
43075,1,{'val': 1},1,0,
43076,1,{'val': 1},1,0,
43077,1,{'val': 1},1,0,
43078,1,{'val': 1},1,0,
43079,1,{'val': 1},1,0,
43080,1,{'val': 1},1,0,
43084,2,{'val': 2},2,0,
43082,1,{'val': 1},1,0,
43083,1,{'val': 1},1,0,
43085,1,{'val': 1},1,0,
43086,1,{'val': 1},1,0,
43088,1,{'val': 1},1,0,
43089,1,{'val': 1},1,0,
43090,1,{'val': 1},1,0,
43091,1,{'val': 1},1,0,
43092,1,{'val': 1},1,0,
43098,2,{'val': 2},2,0,
43096,2,{'val': 2},2,0,
43095,1,{'val': 1},1,0,
43097,1,{'val': 1},1,0,
43101,1,{'val': 1},1,0,
43102,1,{'val': 1},1,0,
43103,1,{'val': 1},1,0,
48373,2,"{'val': 1, 'test': 1}",1,1,CROSS_SPLIT_NEARDUP_LEAKAGE
43105,1,{'val': 1},1,0,
43106,1,{'val': 1},1,0,
43107,1,{'val': 1},1,0,
43108,1,{'val': 1},1,0,
43109,1,{'val': 1},1,0,
43110,1,{'val': 1},1,0,
43111,1,{'val': 1},1,0,
43112,1,{'val': 1},1,0,
43113,1,{'val': 1},1,0,
43114,1,{'val': 1},1,0,
43115,1,{'val': 1},1,0,
43116,1,{'val': 1},1,0,
43117,1,{'val': 1},1,0,
43118,1,{'val': 1},1,0,
43120,2,{'val': 2},2,0,
43121,1,{'val': 1},1,0,
43122,1,{'val': 1},1,0,
43123,1,{'val': 1},1,0,
43124,1,{'val': 1},1,0,
43126,2,{'val': 2},2,0,
43127,1,{'val': 1},1,0,
43128,1,{'val': 1},1,0,
43129,1,{'val': 1},1,0,
43130,1,{'val': 1},1,0,
43131,1,{'val': 1},1,0,
43132,1,{'val': 1},1,0,
43133,1,{'val': 1},1,0,
43134,1,{'val': 1},1,0,
43135,1,{'val': 1},1,0,
43136,1,{'val': 1},1,0,
43137,1,{'val': 1},1,0,
43138,1,{'val': 1},1,0,
43139,1,{'val': 1},1,0,
43142,2,{'val': 2},2,0,
43144,2,{'val': 2},2,0,
43145,1,{'val': 1},1,0,
43148,1,{'val': 1},1,0,
43150,2,{'val': 2},2,0,
43151,1,{'val': 1},1,0,
43152,1,{'val': 1},1,0,
43153,1,{'val': 1},1,0,
43154,1,{'val': 1},1,0,
43156,2,{'val': 2},2,0,
43157,1,{'val': 1},1,0,
43166,5,{'val': 5},1,4,DUPLICATE_NEAR
43168,2,{'val': 2},2,0,
43163,2,{'val': 2},2,0,
43167,2,{'val': 2},2,0,
43169,1,{'val': 1},1,0,
43170,1,{'val': 1},1,0,
43171,1,{'val': 1},1,0,
43172,1,{'val': 1},1,0,
43183,6,{'val': 6},1,5,DUPLICATE_NEAR
43174,1,{'val': 1},1,0,
43175,1,{'val': 1},1,0,
43176,1,{'val': 1},1,0,
43178,1,{'val': 1},1,0,
43179,1,{'val': 1},1,0,
43184,1,{'val': 1},1,0,
43185,1,{'val': 1},1,0,
43189,3,{'val': 3},1,2,DUPLICATE_NEAR
43188,1,{'val': 1},1,0,
43190,1,{'val': 1},1,0,
43191,1,{'val': 1},1,0,
43192,1,{'val': 1},1,0,
43193,1,{'val': 1},1,0,
43195,1,{'val': 1},1,0,
43196,1,{'val': 1},1,0,
43197,1,{'val': 1},1,0,
43198,1,{'val': 1},1,0,
43199,1,{'val': 1},1,0,
43200,1,{'val': 1},1,0,
43201,1,{'val': 1},1,0,
43206,5,{'val': 5},1,4,DUPLICATE_NEAR
43208,2,{'val': 2},2,0,
43209,1,{'val': 1},1,0,
43210,1,{'val': 1},1,0,
43211,1,{'val': 1},1,0,
43212,1,{'val': 1},1,0,
43215,1,{'val': 1},1,0,
43217,2,{'val': 2},2,0,
43218,1,{'val': 1},1,0,
43219,1,{'val': 1},1,0,
43220,1,{'val': 1},1,0,
43221,1,{'val': 1},1,0,
43224,2,{'val': 2},2,0,
43223,1,{'val': 1},1,0,
43225,1,{'val': 1},1,0,
43226,1,{'val': 1},1,0,
43227,1,{'val': 1},1,0,
43228,1,{'val': 1},1,0,
43229,1,{'val': 1},1,0,
48606,2,"{'val': 1, 'test': 1}",1,1,CROSS_SPLIT_NEARDUP_LEAKAGE
43231,1,{'val': 1},1,0,
43239,5,{'val': 5},1,4,DUPLICATE_NEAR
43240,2,{'val': 2},2,0,
43238,1,{'val': 1},1,0,
43241,1,{'val': 1},1,0,
43242,1,{'val': 1},1,0,
43243,1,{'val': 1},1,0,
43244,1,{'val': 1},1,0,
43245,1,{'val': 1},1,0,
43246,1,{'val': 1},1,0,
43249,1,{'val': 1},1,0,
43258,4,{'val': 4},1,3,DUPLICATE_NEAR
43253,2,{'val': 2},2,0,
43255,1,{'val': 1},1,0,
43256,1,{'val': 1},1,0,
43259,1,{'val': 1},1,0,
43260,1,{'val': 1},1,0,
43261,1,{'val': 1},1,0,
43262,1,{'val': 1},1,0,
43264,2,{'val': 2},2,0,
43266,1,{'val': 1},1,0,
43267,1,{'val': 1},1,0,
43268,1,{'val': 1},1,0,
43269,1,{'val': 1},1,0,
43274,3,{'val': 3},1,2,DUPLICATE_NEAR
43273,2,{'val': 2},2,0,
43275,1,{'val': 1},1,0,
43277,2,{'val': 2},2,0,
43278,1,{'val': 1},1,0,
43285,4,{'val': 4},1,3,DUPLICATE_NEAR
43281,1,{'val': 1},1,0,
43286,2,{'val': 2},2,0,
43283,1,{'val': 1},1,0,
43287,1,{'val': 1},1,0,
43288,1,{'val': 1},1,0,
43289,1,{'val': 1},1,0,
43290,1,{'val': 1},1,0,
43291,1,{'val': 1},1,0,
43293,2,{'val': 2},2,0,
43294,1,{'val': 1},1,0,
43295,1,{'val': 1},1,0,
43296,1,{'val': 1},1,0,
43303,5,{'val': 5},1,4,DUPLICATE_NEAR
43299,1,{'val': 1},1,0,
43301,1,{'val': 1},1,0,
43304,1,{'val': 1},1,0,
43305,1,{'val': 1},1,0,
43306,1,{'val': 1},1,0,
43307,1,{'val': 1},1,0,
43308,1,{'val': 1},1,0,
43312,1,{'val': 1},1,0,
43313,1,{'val': 1},1,0,
43315,2,{'val': 2},2,0,
43316,1,{'val': 1},1,0,
43317,1,{'val': 1},1,0,
43320,1,{'val': 1},1,0,
43334,1,{'val': 1},1,0,
43358,2,{'val': 2},2,0,
43399,1,{'val': 1},1,0,
43400,1,{'val': 1},1,0,
43404,1,{'val': 1},1,0,
43406,1,{'val': 1},1,0,
43559,2,{'val': 2},2,0,
43766,2,{'val': 2},2,0,
43767,1,{'val': 1},1,0,
43772,4,{'val': 4},1,3,DUPLICATE_NEAR
43773,2,{'val': 2},2,0,
43775,2,{'val': 2},2,0,
43777,2,{'val': 2},2,0,
43778,1,{'val': 1},1,0,
43779,1,{'val': 1},1,0,
43780,1,{'val': 1},1,0,
43781,1,{'val': 1},1,0,
43785,3,{'val': 3},1,2,DUPLICATE_NEAR
43784,1,{'val': 1},1,0,
43787,2,{'val': 2},2,0,
43790,1,{'val': 1},1,0,
43806,3,{'val': 3},1,2,DUPLICATE_NEAR
43810,14,{'val': 14},1,13,DUPLICATE_NEAR
43799,1,{'val': 1},1,0,
43803,1,{'val': 1},1,0,
43809,2,{'val': 2},2,0,
43822,7,{'val': 7},1,6,DUPLICATE_NEAR
43813,1,{'val': 1},1,0,
43816,2,{'val': 2},2,0,
43820,2,{'val': 2},2,0,
44048,3,{'val': 3},1,2,DUPLICATE_NEAR
43825,1,{'val': 1},1,0,
44051,4,{'val': 4},1,3,DUPLICATE_NEAR
43828,1,{'val': 1},1,0,
44178,3,{'val': 3},1,2,DUPLICATE_NEAR
43832,2,{'val': 2},2,0,
43835,2,{'val': 2},2,0,
43834,2,{'val': 2},2,0,
43836,1,{'val': 1},1,0,
43845,4,{'val': 4},1,3,DUPLICATE_NEAR
43843,4,{'val': 4},1,3,DUPLICATE_NEAR
44436,44,{'val': 44},1,43,DUPLICATE_NEAR
44435,13,{'val': 13},1,12,DUPLICATE_NEAR
44421,11,{'val': 11},1,10,DUPLICATE_NEAR
43918,1,{'val': 1},1,0,
44476,39,{'val': 39},1,38,DUPLICATE_NEAR
44030,12,{'val': 12},1,11,DUPLICATE_NEAR
44031,17,{'val': 17},1,16,DUPLICATE_NEAR
43659,4,{'val': 4},1,3,DUPLICATE_NEAR
43660,5,{'val': 5},1,4,DUPLICATE_NEAR
43661,1,{'val': 1},1,0,
43662,3,{'val': 3},1,2,DUPLICATE_NEAR
41673,5,{'val': 5},1,4,DUPLICATE_NEAR
43665,1,{'val': 1},1,0,
43666,1,{'val': 1},1,0,
43667,4,{'val': 4},1,3,DUPLICATE_NEAR
43668,2,{'val': 2},2,0,
43669,6,{'val': 6},1,5,DUPLICATE_NEAR
41755,7,{'val': 7},1,6,DUPLICATE_NEAR
43674,3,{'val': 3},1,2,DUPLICATE_NEAR
43673,2,{'val': 2},2,0,
43675,4,{'val': 4},1,3,DUPLICATE_NEAR
43676,1,{'val': 1},1,0,
43678,4,{'val': 4},1,3,DUPLICATE_NEAR
43679,3,{'val': 3},1,2,DUPLICATE_NEAR
43681,3,{'val': 3},1,2,DUPLICATE_NEAR
41863,4,{'val': 4},1,3,DUPLICATE_NEAR
43684,3,{'val': 3},1,2,DUPLICATE_NEAR
43685,5,{'val': 5},1,4,DUPLICATE_NEAR
43687,3,{'val': 3},1,2,DUPLICATE_NEAR
43688,2,{'val': 2},2,0,
43689,4,{'val': 4},1,3,DUPLICATE_NEAR
43690,2,{'val': 2},2,0,
43691,1,{'val': 1},1,0,
41951,4,{'val': 4},1,3,DUPLICATE_NEAR
43693,2,{'val': 2},2,0,
43694,2,{'val': 2},2,0,
41991,4,{'val': 4},1,3,DUPLICATE_NEAR
43696,6,{'val': 6},1,5,DUPLICATE_NEAR
43698,2,{'val': 2},2,0,
43701,6,{'val': 6},1,5,DUPLICATE_NEAR
43700,2,{'val': 2},2,0,
43703,5,{'val': 5},1,4,DUPLICATE_NEAR
43704,3,{'val': 3},1,2,DUPLICATE_NEAR
43705,1,{'val': 1},1,0,
43706,2,{'val': 2},2,0,
43707,2,{'val': 2},2,0,
43708,5,{'val': 5},1,4,DUPLICATE_NEAR
43711,1,{'val': 1},1,0,
43712,1,{'val': 1},1,0,
43713,2,{'val': 2},2,0,
43717,5,{'val': 5},1,4,DUPLICATE_NEAR
43716,1,{'val': 1},1,0,
43718,2,{'val': 2},2,0,
43719,3,{'val': 3},1,2,DUPLICATE_NEAR
43720,1,{'val': 1},1,0,
43721,3,{'val': 3},1,2,DUPLICATE_NEAR
43722,2,{'val': 2},2,0,
43723,1,{'val': 1},1,0,
43724,2,{'val': 2},2,0,
43725,2,{'val': 2},2,0,
42288,3,{'val': 3},1,2,DUPLICATE_NEAR
43727,2,{'val': 2},2,0,
43728,1,{'val': 1},1,0,
43729,2,{'val': 2},2,0,
43730,3,{'val': 3},1,2,DUPLICATE_NEAR
43731,2,{'val': 2},2,0,
43733,4,{'val': 4},1,3,DUPLICATE_NEAR
43734,1,{'val': 1},1,0,
43735,4,{'val': 4},1,3,DUPLICATE_NEAR
43736,2,{'val': 2},2,0,
43737,3,{'val': 3},1,2,DUPLICATE_NEAR
43739,3,{'val': 3},1,2,DUPLICATE_NEAR
43741,3,{'val': 3},1,2,DUPLICATE_NEAR
43742,2,{'val': 2},2,0,
43743,1,{'val': 1},1,0,
43744,3,{'val': 3},1,2,DUPLICATE_NEAR
43746,3,{'val': 3},1,2,DUPLICATE_NEAR
43748,3,{'val': 3},1,2,DUPLICATE_NEAR
43749,3,{'val': 3},1,2,DUPLICATE_NEAR
43752,3,{'val': 3},1,2,DUPLICATE_NEAR
43753,2,{'val': 2},2,0,
43754,2,{'val': 2},2,0,
43755,2,{'val': 2},2,0,
43757,3,{'val': 3},1,2,DUPLICATE_NEAR
43758,1,{'val': 1},1,0,
42580,4,{'val': 4},1,3,DUPLICATE_NEAR
43760,1,{'val': 1},1,0,
43761,2,{'val': 2},2,0,
43763,2,{'val': 2},2,0,
43764,2,{'val': 2},2,0,
44032,1,{'val': 1},1,0,
44033,1,{'val': 1},1,0,
44034,1,{'val': 1},1,0,
44035,1,{'val': 1},1,0,
44036,1,{'val': 1},1,0,
44037,1,{'val': 1},1,0,
44075,1,{'val': 1},1,0,
44076,1,{'val': 1},1,0,
44077,1,{'val': 1},1,0,
44078,1,{'val': 1},1,0,
44079,1,{'val': 1},1,0,
44080,1,{'val': 1},1,0,
44081,1,{'val': 1},1,0,
44082,1,{'val': 1},1,0,
44083,1,{'val': 1},1,0,
44084,1,{'val': 1},1,0,
44085,1,{'val': 1},1,0,
44086,1,{'val': 1},1,0,
44087,1,{'val': 1},1,0,
44039,1,{'val': 1},1,0,
44040,1,{'val': 1},1,0,
44041,1,{'val': 1},1,0,
44042,1,{'val': 1},1,0,
44045,3,{'val': 3},1,2,DUPLICATE_NEAR
44047,1,{'val': 1},1,0,
44062,2,{'val': 2},2,0,
44063,2,{'val': 2},2,0,
44052,1,{'val': 1},1,0,
44067,1,{'val': 1},1,0,
44072,2,{'val': 2},2,0,
44073,1,{'val': 1},1,0,
44074,1,{'val': 1},1,0,
44090,1,{'val': 1},1,0,
44091,1,{'val': 1},1,0,
44092,1,{'val': 1},1,0,
44093,1,{'val': 1},1,0,
44094,1,{'val': 1},1,0,
44117,2,{'val': 2},2,0,
44144,7,{'val': 7},1,6,DUPLICATE_NEAR
44098,1,{'val': 1},1,0,
44100,2,{'val': 2},2,0,
44101,1,{'val': 1},1,0,
44942,41,{'val': 41},1,40,DUPLICATE_NEAR
44103,1,{'val': 1},1,0,
44105,1,{'val': 1},1,0,
44106,1,{'val': 1},1,0,
44107,1,{'val': 1},1,0,
44108,1,{'val': 1},1,0,
44110,2,{'val': 2},2,0,
44120,3,{'val': 3},1,2,DUPLICATE_NEAR
45048,21,{'val': 21},1,20,DUPLICATE_NEAR
44115,1,{'val': 1},1,0,
44116,1,{'val': 1},1,0,
44118,1,{'val': 1},1,0,
45026,9,{'val': 9},1,8,DUPLICATE_NEAR
44122,1,{'val': 1},1,0,
44926,3,{'val': 3},1,2,DUPLICATE_NEAR
44126,1,{'val': 1},1,0,
45061,10,{'val': 10},1,9,DUPLICATE_NEAR
44896,4,{'val': 4},1,3,DUPLICATE_NEAR
44131,1,{'val': 1},1,0,
44138,1,{'val': 1},1,0,
44142,1,{'val': 1},1,0,
44145,1,{'val': 1},1,0,
44146,1,{'val': 1},1,0,
44147,1,{'val': 1},1,0,
44148,1,{'val': 1},1,0,
44149,1,{'val': 1},1,0,
44150,1,{'val': 1},1,0,
44151,1,{'val': 1},1,0,
44154,1,{'val': 1},1,0,
44158,2,{'val': 2},2,0,
44157,1,{'val': 1},1,0,
44159,1,{'val': 1},1,0,
44161,1,{'val': 1},1,0,
45017,4,{'val': 4},1,3,DUPLICATE_NEAR
44166,1,{'val': 1},1,0,
44167,1,{'val': 1},1,0,
44168,1,{'val': 1},1,0,
44169,1,{'val': 1},1,0,
44170,1,{'val': 1},1,0,
44171,1,{'val': 1},1,0,
44172,1,{'val': 1},1,0,
44174,2,{'val': 2},2,0,
44175,1,{'val': 1},1,0,
44177,1,{'val': 1},1,0,
44181,3,{'val': 3},1,2,DUPLICATE_NEAR
44182,1,{'val': 1},1,0,
44183,1,{'val': 1},1,0,
44184,1,{'val': 1},1,0,
44187,2,{'val': 2},2,0,
44186,1,{'val': 1},1,0,
44190,2,{'val': 2},2,0,
44189,1,{'val': 1},1,0,
44192,2,{'val': 2},2,0,
44193,1,{'val': 1},1,0,
44194,1,{'val': 1},1,0,
44196,2,{'val': 2},2,0,
44197,1,{'val': 1},1,0,
44199,2,{'val': 2},2,0,
44200,1,{'val': 1},1,0,
44202,2,{'val': 2},2,0,
44205,2,{'val': 2},2,0,
44204,1,{'val': 1},1,0,
44206,1,{'val': 1},1,0,
44207,1,{'val': 1},1,0,
44208,1,{'val': 1},1,0,
44209,1,{'val': 1},1,0,
44210,1,{'val': 1},1,0,
44211,1,{'val': 1},1,0,
44214,2,{'val': 2},2,0,
44213,1,{'val': 1},1,0,
44215,1,{'val': 1},1,0,
44216,1,{'val': 1},1,0,
44217,1,{'val': 1},1,0,
44218,1,{'val': 1},1,0,
44220,2,{'val': 2},2,0,
44222,2,{'val': 2},2,0,
44223,1,{'val': 1},1,0,
44224,1,{'val': 1},1,0,
44226,2,{'val': 2},2,0,
44229,2,{'val': 2},2,0,
44228,1,{'val': 1},1,0,
44232,2,{'val': 2},2,0,
44231,1,{'val': 1},1,0,
44234,2,{'val': 2},2,0,
44235,1,{'val': 1},1,0,
44237,2,{'val': 2},2,0,
44238,1,{'val': 1},1,0,
44240,2,{'val': 2},2,0,
44241,1,{'val': 1},1,0,
44242,1,{'val': 1},1,0,
44243,1,{'val': 1},1,0,
44244,1,{'val': 1},1,0,
44245,1,{'val': 1},1,0,
44246,1,{'val': 1},1,0,
44247,1,{'val': 1},1,0,
44250,2,{'val': 2},2,0,
44249,1,{'val': 1},1,0,
44251,1,{'val': 1},1,0,
44252,1,{'val': 1},1,0,
44253,1,{'val': 1},1,0,
44254,1,{'val': 1},1,0,
44255,1,{'val': 1},1,0,
44256,1,{'val': 1},1,0,
44259,2,{'val': 2},2,0,
44258,1,{'val': 1},1,0,
44260,1,{'val': 1},1,0,
44261,1,{'val': 1},1,0,
44262,1,{'val': 1},1,0,
44263,1,{'val': 1},1,0,
44265,2,{'val': 2},2,0,
44266,1,{'val': 1},1,0,
44267,1,{'val': 1},1,0,
44269,2,{'val': 2},2,0,
44270,1,{'val': 1},1,0,
44271,1,{'val': 1},1,0,
44272,1,{'val': 1},1,0,
44274,2,{'val': 2},2,0,
44275,1,{'val': 1},1,0,
44276,1,{'val': 1},1,0,
44277,1,{'val': 1},1,0,
44278,1,{'val': 1},1,0,
44279,1,{'val': 1},1,0,
44280,1,{'val': 1},1,0,
44281,1,{'val': 1},1,0,
44282,1,{'val': 1},1,0,
44283,1,{'val': 1},1,0,
44284,1,{'val': 1},1,0,
44285,1,{'val': 1},1,0,
44286,1,{'val': 1},1,0,
44287,1,{'val': 1},1,0,
44288,1,{'val': 1},1,0,
44289,1,{'val': 1},1,0,
44290,1,{'val': 1},1,0,
44293,2,{'val': 2},2,0,
44294,2,{'val': 2},2,0,
44295,1,{'val': 1},1,0,
44298,3,{'val': 3},1,2,DUPLICATE_NEAR
44300,2,{'val': 2},2,0,
44299,1,{'val': 1},1,0,
44301,1,{'val': 1},1,0,
44305,3,{'val': 3},1,2,DUPLICATE_NEAR
44303,1,{'val': 1},1,0,
44307,2,{'val': 2},2,0,
44306,1,{'val': 1},1,0,
44309,1,{'val': 1},1,0,
44310,1,{'val': 1},1,0,
44311,1,{'val': 1},1,0,
44312,1,{'val': 1},1,0,
44316,2,{'val': 2},2,0,
44314,1,{'val': 1},1,0,
44315,1,{'val': 1},1,0,
44317,1,{'val': 1},1,0,
44319,2,{'val': 2},2,0,
44322,2,{'val': 2},2,0,
44321,1,{'val': 1},1,0,
44323,1,{'val': 1},1,0,
44324,1,{'val': 1},1,0,
44325,1,{'val': 1},1,0,
44326,1,{'val': 1},1,0,
44327,1,{'val': 1},1,0,
44328,1,{'val': 1},1,0,
44329,1,{'val': 1},1,0,
44330,1,{'val': 1},1,0,
44334,2,{'val': 2},2,0,
44335,2,{'val': 2},2,0,
44333,1,{'val': 1},1,0,
44336,1,{'val': 1},1,0,
44337,1,{'val': 1},1,0,
44338,1,{'val': 1},1,0,
44339,1,{'val': 1},1,0,
44340,1,{'val': 1},1,0,
44341,1,{'val': 1},1,0,
44342,1,{'val': 1},1,0,
44343,1,{'val': 1},1,0,
44344,1,{'val': 1},1,0,
44345,1,{'val': 1},1,0,
44346,1,{'val': 1},1,0,
44347,1,{'val': 1},1,0,
44348,1,{'val': 1},1,0,
44349,1,{'val': 1},1,0,
44350,1,{'val': 1},1,0,
44351,1,{'val': 1},1,0,
44352,1,{'val': 1},1,0,
44353,1,{'val': 1},1,0,
44354,1,{'val': 1},1,0,
44355,1,{'val': 1},1,0,
44356,1,{'val': 1},1,0,
44357,1,{'val': 1},1,0,
44358,1,{'val': 1},1,0,
44364,5,{'val': 5},1,4,DUPLICATE_NEAR
44360,1,{'val': 1},1,0,
44361,1,{'val': 1},1,0,
44363,1,{'val': 1},1,0,
44367,1,{'val': 1},1,0,
44396,2,{'val': 2},2,0,
44370,1,{'val': 1},1,0,
44371,1,{'val': 1},1,0,
44373,2,{'val': 2},2,0,
44377,2,{'val': 2},2,0,
44379,2,{'val': 2},2,0,
44376,1,{'val': 1},1,0,
44378,1,{'val': 1},1,0,
44380,1,{'val': 1},1,0,
44381,1,{'val': 1},1,0,
44384,3,{'val': 3},1,2,DUPLICATE_NEAR
44385,1,{'val': 1},1,0,
44393,4,{'val': 4},1,3,DUPLICATE_NEAR
44387,1,{'val': 1},1,0,
44388,1,{'val': 1},1,0,
44389,1,{'val': 1},1,0,
44391,1,{'val': 1},1,0,
44394,1,{'val': 1},1,0,
44395,1,{'val': 1},1,0,
44397,1,{'val': 1},1,0,
44398,1,{'val': 1},1,0,
44399,1,{'val': 1},1,0,
44400,1,{'val': 1},1,0,
44401,1,{'val': 1},1,0,
44402,1,{'val': 1},1,0,
44403,1,{'val': 1},1,0,
44404,1,{'val': 1},1,0,
44405,1,{'val': 1},1,0,
44406,1,{'val': 1},1,0,
44439,1,{'val': 1},1,0,
44449,1,{'val': 1},1,0,
44453,1,{'val': 1},1,0,
44463,1,{'val': 1},1,0,
44464,1,{'val': 1},1,0,
44465,1,{'val': 1},1,0,
44472,1,{'val': 1},1,0,
44473,1,{'val': 1},1,0,
44477,1,{'val': 1},1,0,
44479,2,{'val': 2},2,0,
44480,1,{'val': 1},1,0,
44481,1,{'val': 1},1,0,
44482,1,{'val': 1},1,0,
44483,1,{'val': 1},1,0,
44484,1,{'val': 1},1,0,
44485,1,{'val': 1},1,0,
44486,1,{'val': 1},1,0,
44487,1,{'val': 1},1,0,
44488,1,{'val': 1},1,0,
44489,1,{'val': 1},1,0,
44491,2,{'val': 2},2,0,
44493,2,{'val': 2},2,0,
44495,2,{'val': 2},2,0,
44496,1,{'val': 1},1,0,
44497,1,{'val': 1},1,0,
44498,1,{'val': 1},1,0,
44499,1,{'val': 1},1,0,
44500,1,{'val': 1},1,0,
44502,2,{'val': 2},2,0,
44504,2,{'val': 2},2,0,
44506,2,{'val': 2},2,0,
44508,2,{'val': 2},2,0,
44509,1,{'val': 1},1,0,
44511,2,{'val': 2},2,0,
44512,1,{'val': 1},1,0,
44513,1,{'val': 1},1,0,
44515,2,{'val': 2},2,0,
44516,1,{'val': 1},1,0,
44517,1,{'val': 1},1,0,
44518,1,{'val': 1},1,0,
44519,1,{'val': 1},1,0,
44521,2,{'val': 2},2,0,
44523,2,{'val': 2},2,0,
44524,1,{'val': 1},1,0,
44525,1,{'val': 1},1,0,
44526,1,{'val': 1},1,0,
44527,1,{'val': 1},1,0,
44528,1,{'val': 1},1,0,
44529,1,{'val': 1},1,0,
44530,1,{'val': 1},1,0,
44531,1,{'val': 1},1,0,
44533,2,{'val': 2},2,0,
44534,1,{'val': 1},1,0,
44535,1,{'val': 1},1,0,
44536,1,{'val': 1},1,0,
44538,2,{'val': 2},2,0,
44539,1,{'val': 1},1,0,
44541,2,{'val': 2},2,0,
44542,1,{'val': 1},1,0,
44543,1,{'val': 1},1,0,
44544,1,{'val': 1},1,0,
44545,1,{'val': 1},1,0,
44546,1,{'val': 1},1,0,
44547,1,{'val': 1},1,0,
44548,1,{'val': 1},1,0,
44551,1,{'val': 1},1,0,
44552,1,{'val': 1},1,0,
44554,2,{'val': 2},2,0,
44555,1,{'val': 1},1,0,
44556,1,{'val': 1},1,0,
44557,1,{'val': 1},1,0,
44559,2,{'val': 2},2,0,
44563,3,{'val': 3},1,2,DUPLICATE_NEAR
44562,1,{'val': 1},1,0,
44565,2,{'val': 2},2,0,
44566,1,{'val': 1},1,0,
44567,1,{'val': 1},1,0,
44569,2,{'val': 2},2,0,
44571,2,{'val': 2},2,0,
44572,1,{'val': 1},1,0,
44573,1,{'val': 1},1,0,
44574,1,{'val': 1},1,0,
44575,1,{'val': 1},1,0,
44576,1,{'val': 1},1,0,
44577,1,{'val': 1},1,0,
44579,2,{'val': 2},2,0,
44580,1,{'val': 1},1,0,
44581,1,{'val': 1},1,0,
44582,1,{'val': 1},1,0,
44583,1,{'val': 1},1,0,
44584,1,{'val': 1},1,0,
44585,1,{'val': 1},1,0,
44587,2,{'val': 2},2,0,
44588,1,{'val': 1},1,0,
44589,1,{'val': 1},1,0,
44590,1,{'val': 1},1,0,
44591,1,{'val': 1},1,0,
44592,1,{'val': 1},1,0,
44593,1,{'val': 1},1,0,
44594,1,{'val': 1},1,0,
44595,1,{'val': 1},1,0,
44596,1,{'val': 1},1,0,
44597,1,{'val': 1},1,0,
44598,1,{'val': 1},1,0,
44599,1,{'val': 1},1,0,
44601,2,{'val': 2},2,0,
44602,1,{'val': 1},1,0,
44604,2,{'val': 2},2,0,
44605,1,{'val': 1},1,0,
44606,1,{'val': 1},1,0,
44607,1,{'val': 1},1,0,
44609,2,{'val': 2},2,0,
44611,2,{'val': 2},2,0,
44612,1,{'val': 1},1,0,
44613,1,{'val': 1},1,0,
44614,1,{'val': 1},1,0,
44615,1,{'val': 1},1,0,
44616,1,{'val': 1},1,0,
44617,1,{'val': 1},1,0,
50325,2,"{'val': 1, 'test': 1}",1,1,CROSS_SPLIT_NEARDUP_LEAKAGE
44620,2,{'val': 2},2,0,
44622,2,{'val': 2},2,0,
44623,1,{'val': 1},1,0,
44625,2,{'val': 2},2,0,
44627,2,{'val': 2},2,0,
44628,1,{'val': 1},1,0,
44629,1,{'val': 1},1,0,
44631,2,{'val': 2},2,0,
44632,1,{'val': 1},1,0,
44634,2,{'val': 2},2,0,
44635,1,{'val': 1},1,0,
44636,1,{'val': 1},1,0,
44637,1,{'val': 1},1,0,
44638,1,{'val': 1},1,0,
44640,2,{'val': 2},2,0,
44641,1,{'val': 1},1,0,
44643,2,{'val': 2},2,0,
44645,2,{'val': 2},2,0,
44646,1,{'val': 1},1,0,
44647,1,{'val': 1},1,0,
44648,1,{'val': 1},1,0,
44649,1,{'val': 1},1,0,
44650,1,{'val': 1},1,0,
44651,1,{'val': 1},1,0,
44652,1,{'val': 1},1,0,
44653,1,{'val': 1},1,0,
44775,2,{'val': 2},2,0,
44655,1,{'val': 1},1,0,
44657,2,{'val': 2},2,0,
44658,1,{'val': 1},1,0,
44659,1,{'val': 1},1,0,
44661,2,{'val': 2},2,0,
44662,1,{'val': 1},1,0,
44663,1,{'val': 1},1,0,
44664,1,{'val': 1},1,0,
44665,1,{'val': 1},1,0,
44666,1,{'val': 1},1,0,
44667,1,{'val': 1},1,0,
44668,1,{'val': 1},1,0,
44669,1,{'val': 1},1,0,
44670,1,{'val': 1},1,0,
44672,2,{'val': 2},2,0,
44673,1,{'val': 1},1,0,
44674,1,{'val': 1},1,0,
44675,1,{'val': 1},1,0,
44676,1,{'val': 1},1,0,
44677,1,{'val': 1},1,0,
44678,1,{'val': 1},1,0,
44679,1,{'val': 1},1,0,
44680,1,{'val': 1},1,0,
44681,1,{'val': 1},1,0,
44683,2,{'val': 2},2,0,
44684,1,{'val': 1},1,0,
44685,1,{'val': 1},1,0,
44686,1,{'val': 1},1,0,
44687,1,{'val': 1},1,0,
44688,1,{'val': 1},1,0,
44689,1,{'val': 1},1,0,
44690,1,{'val': 1},1,0,
44692,2,{'val': 2},2,0,
44693,1,{'val': 1},1,0,
44695,2,{'val': 2},2,0,
44697,2,{'val': 2},2,0,
44698,1,{'val': 1},1,0,
44699,1,{'val': 1},1,0,
44700,1,{'val': 1},1,0,
44702,2,{'val': 2},2,0,
44703,1,{'val': 1},1,0,
44704,1,{'val': 1},1,0,
44705,1,{'val': 1},1,0,
44706,1,{'val': 1},1,0,
44707,1,{'val': 1},1,0,
44708,1,{'val': 1},1,0,
44710,2,{'val': 2},2,0,
44711,1,{'val': 1},1,0,
44712,1,{'val': 1},1,0,
44713,1,{'val': 1},1,0,
44715,2,{'val': 2},2,0,
44717,2,{'val': 2},2,0,
44718,1,{'val': 1},1,0,
44719,1,{'val': 1},1,0,
44720,1,{'val': 1},1,0,
44721,1,{'val': 1},1,0,
44722,1,{'val': 1},1,0,
44724,2,{'val': 2},2,0,
44725,1,{'val': 1},1,0,
44726,1,{'val': 1},1,0,
44728,2,{'val': 2},2,0,
44729,1,{'val': 1},1,0,
44730,1,{'val': 1},1,0,
44731,1,{'val': 1},1,0,
44732,1,{'val': 1},1,0,
44733,1,{'val': 1},1,0,
44734,1,{'val': 1},1,0,
44735,1,{'val': 1},1,0,
44736,1,{'val': 1},1,0,
44738,2,{'val': 2},2,0,
44739,1,{'val': 1},1,0,
44741,2,{'val': 2},2,0,
44742,1,{'val': 1},1,0,
44743,1,{'val': 1},1,0,
44745,2,{'val': 2},2,0,
44746,1,{'val': 1},1,0,
44747,1,{'val': 1},1,0,
44748,1,{'val': 1},1,0,
44749,1,{'val': 1},1,0,
44750,1,{'val': 1},1,0,
44752,2,{'val': 2},2,0,
44753,1,{'val': 1},1,0,
44754,1,{'val': 1},1,0,
44755,1,{'val': 1},1,0,
44756,1,{'val': 1},1,0,
44757,1,{'val': 1},1,0,
44758,1,{'val': 1},1,0,
44759,1,{'val': 1},1,0,
44760,1,{'val': 1},1,0,
44761,1,{'val': 1},1,0,
44762,1,{'val': 1},1,0,
44763,1,{'val': 1},1,0,
44764,1,{'val': 1},1,0,
44766,2,{'val': 2},2,0,
44846,2,{'val': 2},2,0,
44845,2,{'val': 2},2,0,
44769,1,{'val': 1},1,0,
44770,1,{'val': 1},1,0,
44772,2,{'val': 2},2,0,
44774,2,{'val': 2},2,0,
44777,2,{'val': 2},2,0,
44778,1,{'val': 1},1,0,
44779,1,{'val': 1},1,0,
44780,1,{'val': 1},1,0,
44781,1,{'val': 1},1,0,
44783,2,{'val': 2},2,0,
44784,1,{'val': 1},1,0,
44785,1,{'val': 1},1,0,
44787,2,{'val': 2},2,0,
44788,1,{'val': 1},1,0,
44790,2,{'val': 2},2,0,
44791,1,{'val': 1},1,0,
44792,1,{'val': 1},1,0,
44793,1,{'val': 1},1,0,
44794,1,{'val': 1},1,0,
44795,1,{'val': 1},1,0,
44797,2,{'val': 2},2,0,
44799,2,{'val': 2},2,0,
44800,1,{'val': 1},1,0,
44801,1,{'val': 1},1,0,
44802,1,{'val': 1},1,0,
44803,1,{'val': 1},1,0,
44804,1,{'val': 1},1,0,
44805,1,{'val': 1},1,0,
44806,1,{'val': 1},1,0,
44807,1,{'val': 1},1,0,
44809,2,{'val': 2},2,0,
44810,1,{'val': 1},1,0,
44811,1,{'val': 1},1,0,
44812,1,{'val': 1},1,0,
44813,1,{'val': 1},1,0,
44815,2,{'val': 2},2,0,
44817,2,{'val': 2},2,0,
44818,1,{'val': 1},1,0,
44819,1,{'val': 1},1,0,
44820,1,{'val': 1},1,0,
44821,1,{'val': 1},1,0,
44822,1,{'val': 1},1,0,
44823,1,{'val': 1},1,0,
44825,2,{'val': 2},2,0,
44826,1,{'val': 1},1,0,
44827,1,{'val': 1},1,0,
44828,1,{'val': 1},1,0,
44830,2,{'val': 2},2,0,
44831,1,{'val': 1},1,0,
44832,1,{'val': 1},1,0,
44833,1,{'val': 1},1,0,
44834,1,{'val': 1},1,0,
44835,1,{'val': 1},1,0,
44836,1,{'val': 1},1,0,
44838,2,{'val': 2},2,0,
44839,1,{'val': 1},1,0,
44841,2,{'val': 2},2,0,
44842,1,{'val': 1},1,0,
44844,2,{'val': 2},2,0,
44847,1,{'val': 1},1,0,
44848,1,{'val': 1},1,0,
44849,1,{'val': 1},1,0,
44850,1,{'val': 1},1,0,
44851,1,{'val': 1},1,0,
44852,1,{'val': 1},1,0,
44854,2,{'val': 2},2,0,
44855,1,{'val': 1},1,0,
44856,1,{'val': 1},1,0,
44857,1,{'val': 1},1,0,
44858,1,{'val': 1},1,0,
44860,2,{'val': 2},2,0,
44861,1,{'val': 1},1,0,
44862,1,{'val': 1},1,0,
44863,1,{'val': 1},1,0,
44864,1,{'val': 1},1,0,
44865,1,{'val': 1},1,0,
44866,1,{'val': 1},1,0,
44867,1,{'val': 1},1,0,
44868,1,{'val': 1},1,0,
44870,2,{'val': 2},2,0,
44871,1,{'val': 1},1,0,
44873,2,{'val': 2},2,0,
44874,1,{'val': 1},1,0,
44876,2,{'val': 2},2,0,
44877,1,{'val': 1},1,0,
44878,1,{'val': 1},1,0,
44879,1,{'val': 1},1,0,
44880,1,{'val': 1},1,0,
44881,1,{'val': 1},1,0,
44882,1,{'val': 1},1,0,
44886,1,{'val': 1},1,0,
44890,1,{'val': 1},1,0,
44894,1,{'val': 1},1,0,
44895,1,{'val': 1},1,0,
44898,1,{'val': 1},1,0,
44903,1,{'val': 1},1,0,
44909,2,{'val': 2},2,0,
44913,2,{'val': 2},2,0,
44908,1,{'val': 1},1,0,
44915,1,{'val': 1},1,0,
44921,2,{'val': 2},2,0,
44919,1,{'val': 1},1,0,
44925,1,{'val': 1},1,0,
44930,1,{'val': 1},1,0,
44937,3,{'val': 3},1,2,DUPLICATE_NEAR
44940,1,{'val': 1},1,0,
44944,1,{'val': 1},1,0,
44968,15,{'val': 15},1,14,DUPLICATE_NEAR
44946,1,{'val': 1},1,0,
44947,1,{'val': 1},1,0,
44973,4,{'val': 4},1,3,DUPLICATE_NEAR
44949,1,{'val': 1},1,0,
44952,1,{'val': 1},1,0,
44954,1,{'val': 1},1,0,
44955,1,{'val': 1},1,0,
44962,1,{'val': 1},1,0,
44965,1,{'val': 1},1,0,
44969,1,{'val': 1},1,0,
44971,1,{'val': 1},1,0,
44972,1,{'val': 1},1,0,
44980,3,{'val': 3},1,2,DUPLICATE_NEAR
44977,1,{'val': 1},1,0,
45000,4,{'val': 4},1,3,DUPLICATE_NEAR
44981,1,{'val': 1},1,0,
44992,1,{'val': 1},1,0,
44996,1,{'val': 1},1,0,
45002,1,{'val': 1},1,0,
45019,1,{'val': 1},1,0,
45027,1,{'val': 1},1,0,
45030,1,{'val': 1},1,0,
45032,1,{'val': 1},1,0,
45037,1,{'val': 1},1,0,
45049,3,{'val': 3},1,2,DUPLICATE_NEAR
45041,1,{'val': 1},1,0,
45050,1,{'val': 1},1,0,
45054,1,{'val': 1},1,0,
45056,1,{'val': 1},1,0,
45057,1,{'val': 1},1,0,
45062,1,{'val': 1},1,0,
41615,1,{'val': 1},1,0,
41616,1,{'val': 1},1,0,
41618,1,{'val': 1},1,0,
41619,1,{'val': 1},1,0,
41622,1,{'val': 1},1,0,
41623,1,{'val': 1},1,0,
41628,1,{'val': 1},1,0,
41629,1,{'val': 1},1,0,
41633,4,{'val': 4},1,3,DUPLICATE_NEAR
41634,1,{'val': 1},1,0,
41635,1,{'val': 1},1,0,
41637,2,{'val': 2},2,0,
41639,2,{'val': 2},2,0,
41640,1,{'val': 1},1,0,
41642,2,{'val': 2},2,0,
41643,1,{'val': 1},1,0,
41644,1,{'val': 1},1,0,
41645,1,{'val': 1},1,0,
41647,2,{'val': 2},2,0,
41652,2,{'val': 2},2,0,
41654,3,{'val': 3},1,2,DUPLICATE_NEAR
41650,1,{'val': 1},1,0,
41656,1,{'val': 1},1,0,
41657,1,{'val': 1},1,0,
41658,1,{'val': 1},1,0,
41660,1,{'val': 1},1,0,
41661,1,{'val': 1},1,0,
41662,1,{'val': 1},1,0,
41665,2,{'val': 2},2,0,
41664,1,{'val': 1},1,0,
41666,1,{'val': 1},1,0,
41667,1,{'val': 1},1,0,
41672,2,{'val': 2},2,0,
41675,2,{'val': 2},2,0,
41676,1,{'val': 1},1,0,
41677,1,{'val': 1},1,0,
41678,1,{'val': 1},1,0,
41679,1,{'val': 1},1,0,
41682,3,{'val': 3},1,2,DUPLICATE_NEAR
41683,1,{'val': 1},1,0,
41684,1,{'val': 1},1,0,
41685,1,{'val': 1},1,0,
41689,3,{'val': 3},1,2,DUPLICATE_NEAR
41687,1,{'val': 1},1,0,
41690,1,{'val': 1},1,0,
41697,2,{'val': 2},2,0,
41692,1,{'val': 1},1,0,
41693,1,{'val': 1},1,0,
41701,3,{'val': 3},1,2,DUPLICATE_NEAR
41695,1,{'val': 1},1,0,
41696,1,{'val': 1},1,0,
41698,1,{'val': 1},1,0,
41699,1,{'val': 1},1,0,
41702,1,{'val': 1},1,0,
41703,1,{'val': 1},1,0,
41704,1,{'val': 1},1,0,
41705,1,{'val': 1},1,0,
41707,2,{'val': 2},2,0,
41708,1,{'val': 1},1,0,
41715,3,{'val': 3},1,2,DUPLICATE_NEAR
41714,1,{'val': 1},1,0,
41720,3,{'val': 3},1,2,DUPLICATE_NEAR
41721,3,{'val': 3},1,2,DUPLICATE_NEAR
41722,1,{'val': 1},1,0,
41724,2,{'val': 2},2,0,
41725,1,{'val': 1},1,0,
41726,1,{'val': 1},1,0,
41728,2,{'val': 2},2,0,
41730,2,{'val': 2},2,0,
41731,1,{'val': 1},1,0,
41732,1,{'val': 1},1,0,
41737,3,{'val': 3},1,2,DUPLICATE_NEAR
41736,1,{'val': 1},1,0,
41738,1,{'val': 1},1,0,
41741,1,{'val': 1},1,0,
41742,1,{'val': 1},1,0,
41744,1,{'val': 1},1,0,
41747,1,{'val': 1},1,0,
41748,1,{'val': 1},1,0,
41749,1,{'val': 1},1,0,
41751,1,{'val': 1},1,0,
41756,1,{'val': 1},1,0,
41765,3,{'val': 3},1,2,DUPLICATE_NEAR
41764,1,{'val': 1},1,0,
41766,1,{'val': 1},1,0,
41767,1,{'val': 1},1,0,
41768,1,{'val': 1},1,0,
41769,1,{'val': 1},1,0,
41770,1,{'val': 1},1,0,
41771,1,{'val': 1},1,0,
41773,2,{'val': 2},2,0,
41774,1,{'val': 1},1,0,
41775,1,{'val': 1},1,0,
41776,1,{'val': 1},1,0,
41777,1,{'val': 1},1,0,
41778,1,{'val': 1},1,0,
41780,2,{'val': 2},2,0,
41781,1,{'val': 1},1,0,
41785,2,{'val': 2},2,0,
41784,1,{'val': 1},1,0,
41788,2,{'val': 2},2,0,
41789,1,{'val': 1},1,0,
41790,1,{'val': 1},1,0,
41791,1,{'val': 1},1,0,
41794,2,{'val': 2},2,0,
41793,1,{'val': 1},1,0,
41799,2,{'val': 2},2,0,
41797,3,{'val': 3},1,2,DUPLICATE_NEAR
41800,1,{'val': 1},1,0,
41801,1,{'val': 1},1,0,
41802,1,{'val': 1},1,0,
41803,1,{'val': 1},1,0,
41804,1,{'val': 1},1,0,
41805,1,{'val': 1},1,0,
41810,2,{'val': 2},2,0,
41809,2,{'val': 2},2,0,
41812,1,{'val': 1},1,0,
41815,2,{'val': 2},2,0,
41814,1,{'val': 1},1,0,
41816,1,{'val': 1},1,0,
41817,1,{'val': 1},1,0,
41818,1,{'val': 1},1,0,
41819,1,{'val': 1},1,0,
41821,1,{'val': 1},1,0,
41824,2,{'val': 2},2,0,
41826,1,{'val': 1},1,0,
41829,1,{'val': 1},1,0,
41834,1,{'val': 1},1,0,
41837,2,{'val': 2},2,0,
41836,1,{'val': 1},1,0,
41838,1,{'val': 1},1,0,
41839,1,{'val': 1},1,0,
41841,1,{'val': 1},1,0,
41842,1,{'val': 1},1,0,
41843,1,{'val': 1},1,0,
41853,3,{'val': 3},1,2,DUPLICATE_NEAR
41845,1,{'val': 1},1,0,
41846,1,{'val': 1},1,0,
41847,1,{'val': 1},1,0,
41854,2,{'val': 2},2,0,
41855,2,{'val': 2},2,0,
41856,1,{'val': 1},1,0,
41857,1,{'val': 1},1,0,
41859,2,{'val': 2},2,0,
41861,1,{'val': 1},1,0,
41864,1,{'val': 1},1,0,
41865,1,{'val': 1},1,0,
41866,1,{'val': 1},1,0,
41867,1,{'val': 1},1,0,
41868,1,{'val': 1},1,0,
41869,1,{'val': 1},1,0,
41870,1,{'val': 1},1,0,
41875,4,{'val': 4},1,3,DUPLICATE_NEAR
41874,1,{'val': 1},1,0,
41876,1,{'val': 1},1,0,
41877,1,{'val': 1},1,0,
41878,1,{'val': 1},1,0,
41879,1,{'val': 1},1,0,
41880,1,{'val': 1},1,0,
41881,1,{'val': 1},1,0,
41882,1,{'val': 1},1,0,
41883,1,{'val': 1},1,0,
41884,1,{'val': 1},1,0,
41889,2,{'val': 2},2,0,
41886,1,{'val': 1},1,0,
41888,1,{'val': 1},1,0,
41890,1,{'val': 1},1,0,
41892,1,{'val': 1},1,0,
41893,1,{'val': 1},1,0,
41894,1,{'val': 1},1,0,
41895,1,{'val': 1},1,0,
41896,1,{'val': 1},1,0,
41897,1,{'val': 1},1,0,
41902,3,{'val': 3},1,2,DUPLICATE_NEAR
41899,1,{'val': 1},1,0,
41901,1,{'val': 1},1,0,
41903,1,{'val': 1},1,0,
41906,1,{'val': 1},1,0,
41907,1,{'val': 1},1,0,
41910,1,{'val': 1},1,0,
41912,1,{'val': 1},1,0,
41916,2,{'val': 2},2,0,
41915,1,{'val': 1},1,0,
41920,1,{'val': 1},1,0,
41922,1,{'val': 1},1,0,
41923,1,{'val': 1},1,0,
41924,1,{'val': 1},1,0,
41926,3,{'val': 3},1,2,DUPLICATE_NEAR
41930,3,{'val': 3},1,2,DUPLICATE_NEAR
41932,2,{'val': 2},2,0,
41933,1,{'val': 1},1,0,
41934,1,{'val': 1},1,0,
41938,4,{'val': 4},1,3,DUPLICATE_NEAR
41940,2,{'val': 2},2,0,
41941,1,{'val': 1},1,0,
41943,2,{'val': 2},2,0,
41944,1,{'val': 1},1,0,
41945,1,{'val': 1},1,0,
41946,1,{'val': 1},1,0,
41947,1,{'val': 1},1,0,
41952,2,{'val': 2},2,0,
41953,1,{'val': 1},1,0,
41956,3,{'val': 3},1,2,DUPLICATE_NEAR
41957,1,{'val': 1},1,0,
41958,1,{'val': 1},1,0,
41960,1,{'val': 1},1,0,
41961,1,{'val': 1},1,0,
41962,1,{'val': 1},1,0,
41964,2,{'val': 2},2,0,
41965,1,{'val': 1},1,0,
41966,1,{'val': 1},1,0,
41967,1,{'val': 1},1,0,
41968,1,{'val': 1},1,0,
41970,1,{'val': 1},1,0,
41971,1,{'val': 1},1,0,
41972,1,{'val': 1},1,0,
41973,1,{'val': 1},1,0,
41974,1,{'val': 1},1,0,
41975,1,{'val': 1},1,0,
41982,3,{'val': 3},1,2,DUPLICATE_NEAR
41981,2,{'val': 2},2,0,
41979,1,{'val': 1},1,0,
41980,1,{'val': 1},1,0,
41983,1,{'val': 1},1,0,
41986,2,{'val': 2},2,0,
41985,1,{'val': 1},1,0,
41987,1,{'val': 1},1,0,
41992,2,{'val': 2},2,0,
41995,1,{'val': 1},1,0,
41999,1,{'val': 1},1,0,
42001,1,{'val': 1},1,0,
42002,1,{'val': 1},1,0,
42005,3,{'val': 3},1,2,DUPLICATE_NEAR
42006,1,{'val': 1},1,0,
42007,1,{'val': 1},1,0,
42008,1,{'val': 1},1,0,
42010,4,{'val': 4},1,3,DUPLICATE_NEAR
42011,1,{'val': 1},1,0,
42013,2,{'val': 2},2,0,
42015,2,{'val': 2},2,0,
42019,2,{'val': 2},2,0,
42021,2,{'val': 2},2,0,
42023,2,{'val': 2},2,0,
42024,1,{'val': 1},1,0,
42026,2,{'val': 2},2,0,
42030,2,{'val': 2},2,0,
42029,2,{'val': 2},2,0,
42031,1,{'val': 1},1,0,
42032,1,{'val': 1},1,0,
42033,1,{'val': 1},1,0,
42035,2,{'val': 2},2,0,
42036,1,{'val': 1},1,0,
42037,1,{'val': 1},1,0,
42038,1,{'val': 1},1,0,
42039,1,{'val': 1},1,0,
42041,1,{'val': 1},1,0,
42042,1,{'val': 1},1,0,
42044,2,{'val': 2},2,0,
42045,1,{'val': 1},1,0,
42047,2,{'val': 2},2,0,
42048,1,{'val': 1},1,0,
42049,1,{'val': 1},1,0,
42050,1,{'val': 1},1,0,
42056,1,{'val': 1},1,0,
42057,1,{'val': 1},1,0,
42058,1,{'val': 1},1,0,
42059,1,{'val': 1},1,0,
42060,1,{'val': 1},1,0,
42061,1,{'val': 1},1,0,
42062,1,{'val': 1},1,0,
42063,1,{'val': 1},1,0,
42064,1,{'val': 1},1,0,
42067,2,{'val': 2},2,0,
42069,2,{'val': 2},2,0,
42070,2,{'val': 2},2,0,
42071,1,{'val': 1},1,0,
42074,2,{'val': 2},2,0,
42073,1,{'val': 1},1,0,
42075,1,{'val': 1},1,0,
42081,3,{'val': 3},1,2,DUPLICATE_NEAR
42077,1,{'val': 1},1,0,
42079,2,{'val': 2},2,0,
42082,1,{'val': 1},1,0,
42083,1,{'val': 1},1,0,
47272,3,"{'val': 1, 'test': 2}",2,1,CROSS_SPLIT_NEARDUP_LEAKAGE
42089,1,{'val': 1},1,0,
42091,1,{'val': 1},1,0,
42092,1,{'val': 1},1,0,
42093,1,{'val': 1},1,0,
42094,1,{'val': 1},1,0,
42096,1,{'val': 1},1,0,
42097,1,{'val': 1},1,0,
42098,1,{'val': 1},1,0,
42099,1,{'val': 1},1,0,
42100,1,{'val': 1},1,0,
42101,1,{'val': 1},1,0,
42102,1,{'val': 1},1,0,
42103,1,{'val': 1},1,0,
42104,1,{'val': 1},1,0,
42105,1,{'val': 1},1,0,
42110,3,{'val': 3},1,2,DUPLICATE_NEAR
42112,1,{'val': 1},1,0,
42113,1,{'val': 1},1,0,
42114,1,{'val': 1},1,0,
42115,1,{'val': 1},1,0,
42116,1,{'val': 1},1,0,
42117,1,{'val': 1},1,0,
42118,1,{'val': 1},1,0,
42119,1,{'val': 1},1,0,
42120,1,{'val': 1},1,0,
42121,1,{'val': 1},1,0,
42122,1,{'val': 1},1,0,
42123,1,{'val': 1},1,0,
42124,1,{'val': 1},1,0,
42125,1,{'val': 1},1,0,
42126,1,{'val': 1},1,0,
42127,1,{'val': 1},1,0,
42129,2,{'val': 2},2,0,
42131,1,{'val': 1},1,0,
42132,1,{'val': 1},1,0,
42137,2,{'val': 2},2,0,
42136,1,{'val': 1},1,0,
42139,1,{'val': 1},1,0,
42140,1,{'val': 1},1,0,
42141,1,{'val': 1},1,0,
42142,1,{'val': 1},1,0,
42143,1,{'val': 1},1,0,
42144,1,{'val': 1},1,0,
42146,2,{'val': 2},2,0,
42147,1,{'val': 1},1,0,
42148,1,{'val': 1},1,0,
42149,1,{'val': 1},1,0,
42150,1,{'val': 1},1,0,
42151,1,{'val': 1},1,0,
42154,1,{'val': 1},1,0,
42155,1,{'val': 1},1,0,
42156,1,{'val': 1},1,0,
42157,1,{'val': 1},1,0,
42159,1,{'val': 1},1,0,
42160,1,{'val': 1},1,0,
42161,1,{'val': 1},1,0,
42162,1,{'val': 1},1,0,
42166,3,{'val': 3},1,2,DUPLICATE_NEAR
42165,1,{'val': 1},1,0,
42167,1,{'val': 1},1,0,
42168,1,{'val': 1},1,0,
42170,1,{'val': 1},1,0,
42174,2,{'val': 2},2,0,
42173,1,{'val': 1},1,0,
42175,1,{'val': 1},1,0,
42177,2,{'val': 2},2,0,
42179,1,{'val': 1},1,0,
42182,1,{'val': 1},1,0,
42185,1,{'val': 1},1,0,
42186,1,{'val': 1},1,0,
42187,1,{'val': 1},1,0,
42188,1,{'val': 1},1,0,
42189,1,{'val': 1},1,0,
42190,1,{'val': 1},1,0,
42192,3,{'val': 3},1,2,DUPLICATE_NEAR
42194,1,{'val': 1},1,0,
42196,1,{'val': 1},1,0,
42197,1,{'val': 1},1,0,
42198,1,{'val': 1},1,0,
42199,1,{'val': 1},1,0,
42200,1,{'val': 1},1,0,
42202,1,{'val': 1},1,0,
42204,1,{'val': 1},1,0,
42214,4,{'val': 4},1,3,DUPLICATE_NEAR
42210,1,{'val': 1},1,0,
42211,1,{'val': 1},1,0,
42213,1,{'val': 1},1,0,
42215,1,{'val': 1},1,0,
42216,1,{'val': 1},1,0,
42217,1,{'val': 1},1,0,
42218,1,{'val': 1},1,0,
42219,1,{'val': 1},1,0,
42220,1,{'val': 1},1,0,
42226,2,{'val': 2},2,0,
42225,4,{'val': 4},1,3,DUPLICATE_NEAR
42227,1,{'val': 1},1,0,
42230,2,{'val': 2},2,0,
42233,2,{'val': 2},2,0,
42232,1,{'val': 1},1,0,
42234,1,{'val': 1},1,0,
42235,1,{'val': 1},1,0,
42236,1,{'val': 1},1,0,
42237,1,{'val': 1},1,0,
42238,1,{'val': 1},1,0,
42241,2,{'val': 2},2,0,
42240,1,{'val': 1},1,0,
42242,1,{'val': 1},1,0,
42243,1,{'val': 1},1,0,
42244,1,{'val': 1},1,0,
42245,1,{'val': 1},1,0,
42246,1,{'val': 1},1,0,
42247,1,{'val': 1},1,0,
42248,1,{'val': 1},1,0,
42249,1,{'val': 1},1,0,
42252,1,{'val': 1},1,0,
42254,1,{'val': 1},1,0,
42255,1,{'val': 1},1,0,
42257,1,{'val': 1},1,0,
42258,1,{'val': 1},1,0,
42261,2,{'val': 2},2,0,
42260,1,{'val': 1},1,0,
42262,1,{'val': 1},1,0,
42266,4,{'val': 4},1,3,DUPLICATE_NEAR
42267,1,{'val': 1},1,0,
42268,1,{'val': 1},1,0,
42270,1,{'val': 1},1,0,
42271,1,{'val': 1},1,0,
42274,3,{'val': 3},1,2,DUPLICATE_NEAR
42276,2,{'val': 2},2,0,
42277,1,{'val': 1},1,0,
42278,1,{'val': 1},1,0,
42279,1,{'val': 1},1,0,
42281,2,{'val': 2},2,0,
42282,1,{'val': 1},1,0,
42283,1,{'val': 1},1,0,
42284,1,{'val': 1},1,0,
42285,1,{'val': 1},1,0,
42286,1,{'val': 1},1,0,
42290,1,{'val': 1},1,0,
42292,1,{'val': 1},1,0,
42298,2,{'val': 2},2,0,
42297,4,{'val': 4},1,3,DUPLICATE_NEAR
42301,1,{'val': 1},1,0,
42303,1,{'val': 1},1,0,
42309,2,{'val': 2},2,0,
42308,1,{'val': 1},1,0,
42315,2,{'val': 2},2,0,
42311,1,{'val': 1},1,0,
42312,1,{'val': 1},1,0,
42313,1,{'val': 1},1,0,
42314,1,{'val': 1},1,0,
42316,1,{'val': 1},1,0,
42321,3,{'val': 3},1,2,DUPLICATE_NEAR
42322,2,{'val': 2},2,0,
42319,1,{'val': 1},1,0,
42323,1,{'val': 1},1,0,
42329,5,{'val': 5},1,4,DUPLICATE_NEAR
42328,1,{'val': 1},1,0,
42330,1,{'val': 1},1,0,
42331,1,{'val': 1},1,0,
42332,1,{'val': 1},1,0,
42333,1,{'val': 1},1,0,
42337,3,{'val': 3},1,2,DUPLICATE_NEAR
42336,1,{'val': 1},1,0,
42338,1,{'val': 1},1,0,
42339,1,{'val': 1},1,0,
42340,1,{'val': 1},1,0,
42341,1,{'val': 1},1,0,
42342,1,{'val': 1},1,0,
42343,1,{'val': 1},1,0,
42344,1,{'val': 1},1,0,
42345,1,{'val': 1},1,0,
42346,1,{'val': 1},1,0,
42347,1,{'val': 1},1,0,
42350,2,{'val': 2},2,0,
42349,1,{'val': 1},1,0,
42351,1,{'val': 1},1,0,
42352,1,{'val': 1},1,0,
42353,1,{'val': 1},1,0,
42354,1,{'val': 1},1,0,
42356,3,{'val': 3},1,2,DUPLICATE_NEAR
42358,1,{'val': 1},1,0,
42360,1,{'val': 1},1,0,
42361,1,{'val': 1},1,0,
42364,1,{'val': 1},1,0,
42367,1,{'val': 1},1,0,
42368,1,{'val': 1},1,0,
42369,1,{'val': 1},1,0,
42370,1,{'val': 1},1,0,
42371,1,{'val': 1},1,0,
42372,1,{'val': 1},1,0,
42373,1,{'val': 1},1,0,
42374,1,{'val': 1},1,0,
42380,3,{'val': 3},1,2,DUPLICATE_NEAR
42376,1,{'val': 1},1,0,
42378,2,{'val': 2},2,0,
42381,1,{'val': 1},1,0,
42382,1,{'val': 1},1,0,
42383,1,{'val': 1},1,0,
42384,1,{'val': 1},1,0,
42385,1,{'val': 1},1,0,
42386,1,{'val': 1},1,0,
42387,1,{'val': 1},1,0,
42388,1,{'val': 1},1,0,
42389,1,{'val': 1},1,0,
42390,1,{'val': 1},1,0,
42395,2,{'val': 2},2,0,
42396,1,{'val': 1},1,0,
42399,2,{'val': 2},2,0,
42400,1,{'val': 1},1,0,
42403,1,{'val': 1},1,0,
42405,1,{'val': 1},1,0,
42406,1,{'val': 1},1,0,
42407,1,{'val': 1},1,0,
42408,1,{'val': 1},1,0,
42419,5,{'val': 5},1,4,DUPLICATE_NEAR
42420,3,{'val': 3},1,2,DUPLICATE_NEAR
42416,1,{'val': 1},1,0,
42418,1,{'val': 1},1,0,
42421,1,{'val': 1},1,0,
42423,2,{'val': 2},2,0,
42426,2,{'val': 2},2,0,
42427,1,{'val': 1},1,0,
42429,1,{'val': 1},1,0,
42431,1,{'val': 1},1,0,
42432,1,{'val': 1},1,0,
42433,1,{'val': 1},1,0,
42434,1,{'val': 1},1,0,
42435,1,{'val': 1},1,0,
42436,1,{'val': 1},1,0,
42437,1,{'val': 1},1,0,
42438,1,{'val': 1},1,0,
42439,1,{'val': 1},1,0,
42440,1,{'val': 1},1,0,
42442,1,{'val': 1},1,0,
42444,1,{'val': 1},1,0,
42445,1,{'val': 1},1,0,
42448,2,{'val': 2},2,0,
42453,2,{'val': 2},2,0,
42450,1,{'val': 1},1,0,
42455,1,{'val': 1},1,0,
42456,1,{'val': 1},1,0,
42457,1,{'val': 1},1,0,
42458,1,{'val': 1},1,0,
42460,2,{'val': 2},2,0,
42461,1,{'val': 1},1,0,
42462,1,{'val': 1},1,0,
42467,3,{'val': 3},1,2,DUPLICATE_NEAR
42464,1,{'val': 1},1,0,
42468,2,{'val': 2},2,0,
42469,1,{'val': 1},1,0,
42471,2,{'val': 2},2,0,
42472,1,{'val': 1},1,0,
42473,1,{'val': 1},1,0,
42474,1,{'val': 1},1,0,
42475,1,{'val': 1},1,0,
42476,1,{'val': 1},1,0,
42477,1,{'val': 1},1,0,
42478,1,{'val': 1},1,0,
42480,2,{'val': 2},2,0,
42491,3,{'val': 3},1,2,DUPLICATE_NEAR
42485,1,{'val': 1},1,0,
42486,1,{'val': 1},1,0,
47991,5,"{'val': 4, 'test': 1}",1,4,CROSS_SPLIT_NEARDUP_LEAKAGE;DUPLICATE_NEAR
42488,1,{'val': 1},1,0,
42494,1,{'val': 1},1,0,
42495,1,{'val': 1},1,0,
42498,2,{'val': 2},2,0,
42501,2,{'val': 2},2,0,
42502,2,{'val': 2},2,0,
42503,1,{'val': 1},1,0,
42504,1,{'val': 1},1,0,
42505,1,{'val': 1},1,0,
42506,1,{'val': 1},1,0,
42507,1,{'val': 1},1,0,
42508,1,{'val': 1},1,0,
42513,4,{'val': 4},1,3,DUPLICATE_NEAR
42510,1,{'val': 1},1,0,
42512,1,{'val': 1},1,0,
42515,1,{'val': 1},1,0,
42516,1,{'val': 1},1,0,
42517,1,{'val': 1},1,0,
42518,1,{'val': 1},1,0,
42520,1,{'val': 1},1,0,
42522,1,{'val': 1},1,0,
42534,2,{'val': 2},2,0,
42535,1,{'val': 1},1,0,
42536,1,{'val': 1},1,0,
42538,1,{'val': 1},1,0,
42539,1,{'val': 1},1,0,
42540,1,{'val': 1},1,0,
42541,1,{'val': 1},1,0,
42542,1,{'val': 1},1,0,
42543,1,{'val': 1},1,0,
42544,1,{'val': 1},1,0,
42545,1,{'val': 1},1,0,
42546,1,{'val': 1},1,0,
42547,1,{'val': 1},1,0,
42548,1,{'val': 1},1,0,
42550,2,{'val': 2},2,0,
42557,2,{'val': 2},2,0,
42554,1,{'val': 1},1,0,
42556,1,{'val': 1},1,0,
42558,1,{'val': 1},1,0,
42563,2,{'val': 2},2,0,
42564,1,{'val': 1},1,0,
42565,1,{'val': 1},1,0,
42566,1,{'val': 1},1,0,
42569,3,{'val': 3},1,2,DUPLICATE_NEAR
42570,1,{'val': 1},1,0,
42576,2,{'val': 2},2,0,
42572,1,{'val': 1},1,0,
42575,2,{'val': 2},2,0,
42574,1,{'val': 1},1,0,
42579,1,{'val': 1},1,0,
42581,1,{'val': 1},1,0,
42582,1,{'val': 1},1,0,
42584,2,{'val': 2},2,0,
42585,1,{'val': 1},1,0,
42586,1,{'val': 1},1,0,
42589,1,{'val': 1},1,0,
42590,1,{'val': 1},1,0,
42591,1,{'val': 1},1,0,
42595,2,{'val': 2},2,0,
42593,1,{'val': 1},1,0,
42594,1,{'val': 1},1,0,
42596,1,{'val': 1},1,0,
42597,1,{'val': 1},1,0,
42598,1,{'val': 1},1,0,
42599,1,{'val': 1},1,0,
42600,1,{'val': 1},1,0,
42606,3,{'val': 3},1,2,DUPLICATE_NEAR
42605,2,{'val': 2},2,0,
42604,1,{'val': 1},1,0,
42608,1,{'val': 1},1,0,
42609,1,{'val': 1},1,0,
42610,1,{'val': 1},1,0,
42612,1,{'val': 1},1,0,
42617,3,{'val': 3},1,2,DUPLICATE_NEAR
42615,2,{'val': 2},2,0,
42618,1,{'val': 1},1,0,
42619,1,{'val': 1},1,0,
42620,1,{'val': 1},1,0,
42625,2,{'val': 2},2,0,
42624,1,{'val': 1},1,0,
42627,1,{'val': 1},1,0,
48678,2,{'test': 2},2,0,
48679,2,{'test': 2},2,0,
45067,1,{'test': 1},1,0,
45068,1,{'test': 1},1,0,
45070,2,{'test': 2},2,0,
45071,1,{'test': 1},1,0,
45072,1,{'test': 1},1,0,
45073,1,{'test': 1},1,0,
45074,1,{'test': 1},1,0,
45076,1,{'test': 1},1,0,
45077,1,{'test': 1},1,0,
45078,1,{'test': 1},1,0,
45079,1,{'test': 1},1,0,
45080,1,{'test': 1},1,0,
45081,1,{'test': 1},1,0,
45082,1,{'test': 1},1,0,
45083,1,{'test': 1},1,0,
45084,1,{'test': 1},1,0,
45085,1,{'test': 1},1,0,
45086,1,{'test': 1},1,0,
45087,1,{'test': 1},1,0,
45088,1,{'test': 1},1,0,
45089,1,{'test': 1},1,0,
45090,1,{'test': 1},1,0,
45091,1,{'test': 1},1,0,
45092,1,{'test': 1},1,0,
45093,1,{'test': 1},1,0,
45094,1,{'test': 1},1,0,
45095,1,{'test': 1},1,0,
45096,1,{'test': 1},1,0,
45097,1,{'test': 1},1,0,
45098,1,{'test': 1},1,0,
45099,1,{'test': 1},1,0,
45100,1,{'test': 1},1,0,
45101,1,{'test': 1},1,0,
45102,1,{'test': 1},1,0,
45103,1,{'test': 1},1,0,
45104,1,{'test': 1},1,0,
45105,1,{'test': 1},1,0,
45106,1,{'test': 1},1,0,
45107,1,{'test': 1},1,0,
45108,1,{'test': 1},1,0,
45109,1,{'test': 1},1,0,
45110,1,{'test': 1},1,0,
45111,1,{'test': 1},1,0,
45112,1,{'test': 1},1,0,
45113,1,{'test': 1},1,0,
45114,1,{'test': 1},1,0,
45115,1,{'test': 1},1,0,
45116,1,{'test': 1},1,0,
45117,1,{'test': 1},1,0,
45118,1,{'test': 1},1,0,
45119,1,{'test': 1},1,0,
45120,1,{'test': 1},1,0,
45121,1,{'test': 1},1,0,
45122,1,{'test': 1},1,0,
45123,1,{'test': 1},1,0,
45124,1,{'test': 1},1,0,
45125,1,{'test': 1},1,0,
45128,2,{'test': 2},2,0,
45127,1,{'test': 1},1,0,
45129,1,{'test': 1},1,0,
49821,43,{'test': 43},1,42,DUPLICATE_NEAR
49549,23,{'test': 23},1,22,DUPLICATE_NEAR
49832,20,{'test': 20},1,19,DUPLICATE_NEAR
45133,1,{'test': 1},1,0,
45135,2,{'test': 2},2,0,
45137,1,{'test': 1},1,0,
45138,1,{'test': 1},1,0,
45139,1,{'test': 1},1,0,
45140,1,{'test': 1},1,0,
45145,1,{'test': 1},1,0,
45146,1,{'test': 1},1,0,
45147,1,{'test': 1},1,0,
45150,3,{'test': 3},1,2,DUPLICATE_NEAR
48688,3,{'test': 3},1,2,DUPLICATE_NEAR
45153,1,{'test': 1},1,0,
45154,1,{'test': 1},1,0,
45157,2,{'test': 2},2,0,
45158,1,{'test': 1},1,0,
45159,1,{'test': 1},1,0,
45160,1,{'test': 1},1,0,
45164,2,{'test': 2},2,0,
45162,1,{'test': 1},1,0,
45163,1,{'test': 1},1,0,
45165,1,{'test': 1},1,0,
45166,1,{'test': 1},1,0,
45168,2,{'test': 2},2,0,
45170,1,{'test': 1},1,0,
45171,1,{'test': 1},1,0,
45172,1,{'test': 1},1,0,
45174,2,{'test': 2},2,0,
45175,1,{'test': 1},1,0,
45574,3,{'test': 3},1,2,DUPLICATE_NEAR
45177,1,{'test': 1},1,0,
45179,2,{'test': 2},2,0,
45180,1,{'test': 1},1,0,
45182,1,{'test': 1},1,0,
45183,1,{'test': 1},1,0,
45184,1,{'test': 1},1,0,
45185,1,{'test': 1},1,0,
45186,1,{'test': 1},1,0,
46039,3,{'test': 3},1,2,DUPLICATE_NEAR
45627,11,{'test': 11},1,10,DUPLICATE_NEAR
45623,2,{'test': 2},2,0,
45194,2,{'test': 2},2,0,
45193,1,{'test': 1},1,0,
45196,1,{'test': 1},1,0,
45197,1,{'test': 1},1,0,
45198,1,{'test': 1},1,0,
45622,2,{'test': 2},2,0,
45202,1,{'test': 1},1,0,
45204,1,{'test': 1},1,0,
49838,41,{'test': 41},1,40,DUPLICATE_NEAR
46789,10,{'test': 10},1,9,DUPLICATE_NEAR
45208,1,{'test': 1},1,0,
45209,1,{'test': 1},1,0,
45210,1,{'test': 1},1,0,
45212,2,{'test': 2},2,0,
45214,1,{'test': 1},1,0,
45718,2,{'test': 2},2,0,
45219,1,{'test': 1},1,0,
45220,1,{'test': 1},1,0,
45223,3,{'test': 3},1,2,DUPLICATE_NEAR
45224,1,{'test': 1},1,0,
45232,1,{'test': 1},1,0,
45233,1,{'test': 1},1,0,
45234,1,{'test': 1},1,0,
48776,36,{'test': 36},1,35,DUPLICATE_NEAR
45737,8,{'test': 8},1,7,DUPLICATE_NEAR
49530,41,{'test': 41},1,40,DUPLICATE_NEAR
49515,20,{'test': 20},1,19,DUPLICATE_NEAR
45242,1,{'test': 1},1,0,
46201,2,{'test': 2},2,0,
45248,1,{'test': 1},1,0,
49771,14,{'test': 14},1,13,DUPLICATE_NEAR
45256,1,{'test': 1},1,0,
48741,34,{'test': 34},1,33,DUPLICATE_NEAR
45263,1,{'test': 1},1,0,
45264,1,{'test': 1},1,0,
49783,9,{'test': 9},1,8,DUPLICATE_NEAR
45270,1,{'test': 1},1,0,
49788,14,{'test': 14},1,13,DUPLICATE_NEAR
45276,1,{'test': 1},1,0,
45277,1,{'test': 1},1,0,
45280,2,{'test': 2},2,0,
45279,1,{'test': 1},1,0,
45281,1,{'test': 1},1,0,
45282,1,{'test': 1},1,0,
45284,2,{'test': 2},2,0,
45286,2,{'test': 2},2,0,
49531,22,{'test': 22},1,21,DUPLICATE_NEAR
45291,1,{'test': 1},1,0,
45294,1,{'test': 1},1,0,
46461,2,{'test': 2},2,0,
45300,1,{'test': 1},1,0,
48745,12,{'test': 12},1,11,DUPLICATE_NEAR
45306,1,{'test': 1},1,0,
45307,1,{'test': 1},1,0,
45308,1,{'test': 1},1,0,
48747,2,{'test': 2},2,0,
49314,45,{'test': 45},1,44,DUPLICATE_NEAR
46586,2,{'test': 2},2,0,
45313,1,{'test': 1},1,0,
49804,13,{'test': 13},1,12,DUPLICATE_NEAR
45318,1,{'test': 1},1,0,
45319,1,{'test': 1},1,0,
45320,1,{'test': 1},1,0,
45321,1,{'test': 1},1,0,
45322,1,{'test': 1},1,0,
45323,1,{'test': 1},1,0,
45332,5,{'test': 5},1,4,DUPLICATE_NEAR
45330,2,{'test': 2},2,0,
45328,1,{'test': 1},1,0,
45329,1,{'test': 1},1,0,
45333,1,{'test': 1},1,0,
45334,1,{'test': 1},1,0,
45335,1,{'test': 1},1,0,
45336,1,{'test': 1},1,0,
45337,1,{'test': 1},1,0,
45339,1,{'test': 1},1,0,
45340,1,{'test': 1},1,0,
49936,29,{'test': 29},1,28,DUPLICATE_NEAR
45344,1,{'test': 1},1,0,
45345,1,{'test': 1},1,0,
50634,46,{'test': 46},1,45,DUPLICATE_NEAR
48769,32,{'test': 32},1,31,DUPLICATE_NEAR
50644,32,{'test': 32},1,31,DUPLICATE_NEAR
49942,9,{'test': 9},1,8,DUPLICATE_NEAR
45356,1,{'test': 1},1,0,
45357,1,{'test': 1},1,0,
45360,1,{'test': 1},1,0,
45844,6,{'test': 6},1,5,DUPLICATE_NEAR
45363,1,{'test': 1},1,0,
45543,2,{'test': 2},2,0,
45367,1,{'test': 1},1,0,
45368,1,{'test': 1},1,0,
45370,1,{'test': 1},1,0,
45372,1,{'test': 1},1,0,
45374,1,{'test': 1},1,0,
45376,2,{'test': 2},2,0,
45377,1,{'test': 1},1,0,
45379,1,{'test': 1},1,0,
45380,1,{'test': 1},1,0,
45381,1,{'test': 1},1,0,
45382,1,{'test': 1},1,0,
48836,18,{'test': 18},1,17,DUPLICATE_NEAR
45384,1,{'test': 1},1,0,
45385,1,{'test': 1},1,0,
45386,1,{'test': 1},1,0,
45387,1,{'test': 1},1,0,
45388,1,{'test': 1},1,0,
45389,1,{'test': 1},1,0,
45392,2,{'test': 2},2,0,
45391,1,{'test': 1},1,0,
45393,1,{'test': 1},1,0,
45395,1,{'test': 1},1,0,
45396,1,{'test': 1},1,0,
45397,1,{'test': 1},1,0,
45398,1,{'test': 1},1,0,
45399,1,{'test': 1},1,0,
45402,2,{'test': 2},2,0,
45405,3,{'test': 3},1,2,DUPLICATE_NEAR
45403,1,{'test': 1},1,0,
45406,1,{'test': 1},1,0,
48781,64,{'test': 64},1,63,DUPLICATE_NEAR
46273,16,{'test': 16},1,15,DUPLICATE_NEAR
45412,1,{'test': 1},1,0,
46271,17,{'test': 17},1,16,DUPLICATE_NEAR
46653,2,{'test': 2},2,0,
45439,2,{'test': 2},2,0,
45436,1,{'test': 1},1,0,
45438,1,{'test': 1},1,0,
45442,2,{'test': 2},2,0,
48789,6,{'test': 6},1,5,DUPLICATE_NEAR
45446,1,{'test': 1},1,0,
45449,2,{'test': 2},2,0,
45448,1,{'test': 1},1,0,
45451,1,{'test': 1},1,0,
45776,3,{'test': 3},1,2,DUPLICATE_NEAR
48790,3,{'test': 3},1,2,DUPLICATE_NEAR
45455,1,{'test': 1},1,0,
45640,2,{'test': 2},2,0,
45458,1,{'test': 1},1,0,
45459,1,{'test': 1},1,0,
45748,3,{'test': 3},1,2,DUPLICATE_NEAR
45463,1,{'test': 1},1,0,
45464,1,{'test': 1},1,0,
45465,1,{'test': 1},1,0,
45468,3,{'test': 3},1,2,DUPLICATE_NEAR
45471,2,{'test': 2},2,0,
45472,1,{'test': 1},1,0,
45475,2,{'test': 2},2,0,
45474,1,{'test': 1},1,0,
45476,1,{'test': 1},1,0,
45478,2,{'test': 2},2,0,
45479,1,{'test': 1},1,0,
45480,1,{'test': 1},1,0,
45486,1,{'test': 1},1,0,
45487,1,{'test': 1},1,0,
45489,2,{'test': 2},2,0,
45490,1,{'test': 1},1,0,
45491,1,{'test': 1},1,0,
45492,1,{'test': 1},1,0,
45495,1,{'test': 1},1,0,
45496,1,{'test': 1},1,0,
45497,1,{'test': 1},1,0,
45498,1,{'test': 1},1,0,
45499,1,{'test': 1},1,0,
45500,1,{'test': 1},1,0,
45501,1,{'test': 1},1,0,
45502,1,{'test': 1},1,0,
45504,2,{'test': 2},2,0,
45507,1,{'test': 1},1,0,
45512,1,{'test': 1},1,0,
45515,1,{'test': 1},1,0,
45517,2,{'test': 2},2,0,
45518,1,{'test': 1},1,0,
45522,1,{'test': 1},1,0,
45527,1,{'test': 1},1,0,
45528,1,{'test': 1},1,0,
45529,1,{'test': 1},1,0,
45530,1,{'test': 1},1,0,
45531,1,{'test': 1},1,0,
45533,1,{'test': 1},1,0,
45534,1,{'test': 1},1,0,
45535,1,{'test': 1},1,0,
45536,1,{'test': 1},1,0,
45537,1,{'test': 1},1,0,
49810,6,{'test': 6},1,5,DUPLICATE_NEAR
45540,1,{'test': 1},1,0,
45544,1,{'test': 1},1,0,
48800,38,{'test': 38},1,37,DUPLICATE_NEAR
46471,14,{'test': 14},1,13,DUPLICATE_NEAR
46387,9,{'test': 9},1,8,DUPLICATE_NEAR
45554,1,{'test': 1},1,0,
45555,1,{'test': 1},1,0,
45566,2,{'test': 2},2,0,
49353,23,{'test': 23},1,22,DUPLICATE_NEAR
46502,4,{'test': 4},1,3,DUPLICATE_NEAR
45582,1,{'test': 1},1,0,
49133,3,{'test': 3},1,2,DUPLICATE_NEAR
49134,6,{'test': 6},1,5,DUPLICATE_NEAR
48807,10,{'test': 10},1,9,DUPLICATE_NEAR
45589,1,{'test': 1},1,0,
45591,1,{'test': 1},1,0,
45596,5,{'test': 5},1,4,DUPLICATE_NEAR
45597,3,{'test': 3},1,2,DUPLICATE_NEAR
45602,3,{'test': 3},1,2,DUPLICATE_NEAR
46337,2,{'test': 2},2,0,
45605,1,{'test': 1},1,0,
45606,1,{'test': 1},1,0,
45613,2,{'test': 2},2,0,
45610,2,{'test': 2},2,0,
45611,1,{'test': 1},1,0,
48811,4,{'test': 4},1,3,DUPLICATE_NEAR
45614,1,{'test': 1},1,0,
45616,1,{'test': 1},1,0,
45621,1,{'test': 1},1,0,
45624,1,{'test': 1},1,0,
45628,1,{'test': 1},1,0,
45629,1,{'test': 1},1,0,
46642,56,{'test': 56},1,55,DUPLICATE_NEAR
45632,1,{'test': 1},1,0,
45634,2,{'test': 2},2,0,
45635,1,{'test': 1},1,0,
45636,1,{'test': 1},1,0,
45637,1,{'test': 1},1,0,
45638,1,{'test': 1},1,0,
45639,1,{'test': 1},1,0,
45643,1,{'test': 1},1,0,
48813,2,{'test': 2},2,0,
45652,1,{'test': 1},1,0,
45653,1,{'test': 1},1,0,
49433,53,{'test': 53},1,52,DUPLICATE_NEAR
46321,2,{'test': 2},2,0,
45657,1,{'test': 1},1,0,
49361,45,{'test': 45},1,44,DUPLICATE_NEAR
45662,2,{'test': 2},2,0,
48833,8,{'test': 8},1,7,DUPLICATE_NEAR
45673,3,{'test': 3},1,2,DUPLICATE_NEAR
48832,3,{'test': 3},1,2,DUPLICATE_NEAR
45683,1,{'test': 1},1,0,
45684,1,{'test': 1},1,0,
45686,2,{'test': 2},2,0,
45687,1,{'test': 1},1,0,
48851,4,{'test': 4},1,3,DUPLICATE_NEAR
45689,1,{'test': 1},1,0,
45695,1,{'test': 1},1,0,
45697,2,{'test': 2},2,0,
45698,1,{'test': 1},1,0,
48855,3,{'test': 3},1,2,DUPLICATE_NEAR
45701,1,{'test': 1},1,0,
45703,2,{'test': 2},2,0,
45704,1,{'test': 1},1,0,
45707,3,{'test': 3},1,2,DUPLICATE_NEAR
48861,3,{'test': 3},1,2,DUPLICATE_NEAR
45711,1,{'test': 1},1,0,
48863,4,{'test': 4},1,3,DUPLICATE_NEAR
45716,1,{'test': 1},1,0,
45720,1,{'test': 1},1,0,
45724,1,{'test': 1},1,0,
45725,1,{'test': 1},1,0,
45727,1,{'test': 1},1,0,
45729,2,{'test': 2},2,0,
48774,10,{'test': 10},1,9,DUPLICATE_NEAR
45747,5,{'test': 5},1,4,DUPLICATE_NEAR
45744,2,{'test': 2},2,0,
45741,1,{'test': 1},1,0,
45742,1,{'test': 1},1,0,
45749,1,{'test': 1},1,0,
45750,1,{'test': 1},1,0,
46601,2,{'test': 2},2,0,
49414,13,{'test': 13},1,12,DUPLICATE_NEAR
45757,3,{'test': 3},1,2,DUPLICATE_NEAR
45759,1,{'test': 1},1,0,
45761,1,{'test': 1},1,0,
45762,1,{'test': 1},1,0,
49387,7,{'test': 7},1,6,DUPLICATE_NEAR
49386,43,{'test': 43},1,42,DUPLICATE_NEAR
45765,1,{'test': 1},1,0,
49919,2,{'test': 2},2,0,
45771,1,{'test': 1},1,0,
45772,1,{'test': 1},1,0,
45773,1,{'test': 1},1,0,
45774,1,{'test': 1},1,0,
45775,1,{'test': 1},1,0,
46003,134,{'test': 134},1,133,DUPLICATE_NEAR
49193,379,{'test': 379},1,378,DUPLICATE_NEAR
46146,143,{'test': 143},1,142,DUPLICATE_NEAR
45780,1,{'test': 1},1,0,
45781,1,{'test': 1},1,0,
45782,1,{'test': 1},1,0,
46778,2,{'test': 2},2,0,
45784,1,{'test': 1},1,0,
45793,2,{'test': 2},2,0,
45786,1,{'test': 1},1,0,
45791,4,{'test': 4},1,3,DUPLICATE_NEAR
45789,1,{'test': 1},1,0,
45792,1,{'test': 1},1,0,
45794,1,{'test': 1},1,0,
45796,1,{'test': 1},1,0,
45797,1,{'test': 1},1,0,
45798,1,{'test': 1},1,0,
45799,1,{'test': 1},1,0,
45800,1,{'test': 1},1,0,
45801,1,{'test': 1},1,0,
45802,1,{'test': 1},1,0,
45803,1,{'test': 1},1,0,
45808,3,{'test': 3},1,2,DUPLICATE_NEAR
45806,1,{'test': 1},1,0,
45807,1,{'test': 1},1,0,
45809,1,{'test': 1},1,0,
45810,1,{'test': 1},1,0,
45811,1,{'test': 1},1,0,
45812,1,{'test': 1},1,0,
45843,1,{'test': 1},1,0,
45877,1,{'test': 1},1,0,
45891,1,{'test': 1},1,0,
45916,1,{'test': 1},1,0,
45996,1,{'test': 1},1,0,
50151,7,{'test': 7},1,6,DUPLICATE_NEAR
46026,2,{'test': 2},2,0,
46027,2,{'test': 2},2,0,
46025,1,{'test': 1},1,0,
46031,1,{'test': 1},1,0,
46032,1,{'test': 1},1,0,
46033,1,{'test': 1},1,0,
46035,1,{'test': 1},1,0,
46036,1,{'test': 1},1,0,
46037,1,{'test': 1},1,0,
46038,1,{'test': 1},1,0,
46040,1,{'test': 1},1,0,
46043,2,{'test': 2},2,0,
46044,1,{'test': 1},1,0,
46045,1,{'test': 1},1,0,
46048,1,{'test': 1},1,0,
46050,1,{'test': 1},1,0,
46052,1,{'test': 1},1,0,
46054,1,{'test': 1},1,0,
46055,1,{'test': 1},1,0,
46056,1,{'test': 1},1,0,
46057,1,{'test': 1},1,0,
46058,1,{'test': 1},1,0,
46071,1,{'test': 1},1,0,
46152,1,{'test': 1},1,0,
46154,1,{'test': 1},1,0,
46173,2,{'test': 2},2,0,
46180,5,{'test': 5},1,4,DUPLICATE_NEAR
46179,2,{'test': 2},2,0,
46181,1,{'test': 1},1,0,
46182,1,{'test': 1},1,0,
46183,1,{'test': 1},1,0,
46191,1,{'test': 1},1,0,
46195,1,{'test': 1},1,0,
46199,1,{'test': 1},1,0,
46200,1,{'test': 1},1,0,
46212,7,{'test': 7},1,6,DUPLICATE_NEAR
46205,2,{'test': 2},2,0,
46280,4,{'test': 4},1,3,DUPLICATE_NEAR
46281,2,{'test': 2},2,0,
46214,1,{'test': 1},1,0,
46215,1,{'test': 1},1,0,
46216,1,{'test': 1},1,0,
46217,1,{'test': 1},1,0,
46218,1,{'test': 1},1,0,
46219,1,{'test': 1},1,0,
46221,3,{'test': 3},1,2,DUPLICATE_NEAR
46222,1,{'test': 1},1,0,
46224,2,{'test': 2},2,0,
46226,2,{'test': 2},2,0,
46227,1,{'test': 1},1,0,
46229,1,{'test': 1},1,0,
46230,1,{'test': 1},1,0,
46231,1,{'test': 1},1,0,
46232,1,{'test': 1},1,0,
46233,1,{'test': 1},1,0,
46234,1,{'test': 1},1,0,
46239,5,{'test': 5},1,4,DUPLICATE_NEAR
46238,1,{'test': 1},1,0,
46243,3,{'test': 3},1,2,DUPLICATE_NEAR
46244,1,{'test': 1},1,0,
46390,2,{'test': 2},2,0,
46246,1,{'test': 1},1,0,
46247,1,{'test': 1},1,0,
46248,1,{'test': 1},1,0,
46249,1,{'test': 1},1,0,
49860,2,{'test': 2},2,0,
46265,1,{'test': 1},1,0,
46274,1,{'test': 1},1,0,
46277,2,{'test': 2},2,0,
46276,1,{'test': 1},1,0,
46278,1,{'test': 1},1,0,
46282,1,{'test': 1},1,0,
46283,1,{'test': 1},1,0,
46284,1,{'test': 1},1,0,
46285,1,{'test': 1},1,0,
46292,3,{'test': 3},1,2,DUPLICATE_NEAR
46287,1,{'test': 1},1,0,
46289,1,{'test': 1},1,0,
46290,1,{'test': 1},1,0,
46291,1,{'test': 1},1,0,
46293,1,{'test': 1},1,0,
46294,1,{'test': 1},1,0,
46295,1,{'test': 1},1,0,
46296,1,{'test': 1},1,0,
46297,1,{'test': 1},1,0,
46306,7,{'test': 7},1,6,DUPLICATE_NEAR
46300,1,{'test': 1},1,0,
46305,1,{'test': 1},1,0,
46308,1,{'test': 1},1,0,
46309,1,{'test': 1},1,0,
46310,1,{'test': 1},1,0,
46311,1,{'test': 1},1,0,
46312,1,{'test': 1},1,0,
46313,1,{'test': 1},1,0,
46322,6,{'test': 6},1,5,DUPLICATE_NEAR
46318,3,{'test': 3},1,2,DUPLICATE_NEAR
46324,1,{'test': 1},1,0,
46325,1,{'test': 1},1,0,
46326,1,{'test': 1},1,0,
46332,4,{'test': 4},1,3,DUPLICATE_NEAR
46328,1,{'test': 1},1,0,
46330,1,{'test': 1},1,0,
46333,1,{'test': 1},1,0,
46334,1,{'test': 1},1,0,
46336,1,{'test': 1},1,0,
46338,1,{'test': 1},1,0,
49300,36,{'test': 36},1,35,DUPLICATE_NEAR
46346,2,{'test': 2},2,0,
49294,8,{'test': 8},1,7,DUPLICATE_NEAR
46351,2,{'test': 2},2,0,
46345,1,{'test': 1},1,0,
46348,1,{'test': 1},1,0,
46349,1,{'test': 1},1,0,
46354,2,{'test': 2},2,0,
46355,1,{'test': 1},1,0,
46360,1,{'test': 1},1,0,
46363,1,{'test': 1},1,0,
46364,1,{'test': 1},1,0,
46369,11,{'test': 11},1,10,DUPLICATE_NEAR
46370,1,{'test': 1},1,0,
46373,1,{'test': 1},1,0,
46374,1,{'test': 1},1,0,
46378,1,{'test': 1},1,0,
46380,1,{'test': 1},1,0,
46384,1,{'test': 1},1,0,
46385,1,{'test': 1},1,0,
46386,1,{'test': 1},1,0,
46391,1,{'test': 1},1,0,
49858,6,{'test': 6},1,5,DUPLICATE_NEAR
49357,5,{'test': 5},1,4,DUPLICATE_NEAR
46402,1,{'test': 1},1,0,
46403,1,{'test': 1},1,0,
46404,1,{'test': 1},1,0,
46405,1,{'test': 1},1,0,
46406,1,{'test': 1},1,0,
46408,1,{'test': 1},1,0,
49320,10,{'test': 10},1,9,DUPLICATE_NEAR
46571,6,{'test': 6},1,5,DUPLICATE_NEAR
46414,1,{'test': 1},1,0,
46585,8,{'test': 8},1,7,DUPLICATE_NEAR
46416,1,{'test': 1},1,0,
46417,1,{'test': 1},1,0,
46420,3,{'test': 3},1,2,DUPLICATE_NEAR
46419,1,{'test': 1},1,0,
46422,1,{'test': 1},1,0,
46423,1,{'test': 1},1,0,
46424,1,{'test': 1},1,0,
46425,1,{'test': 1},1,0,
46426,1,{'test': 1},1,0,
46427,1,{'test': 1},1,0,
46428,1,{'test': 1},1,0,
46429,1,{'test': 1},1,0,
46430,1,{'test': 1},1,0,
46432,1,{'test': 1},1,0,
46433,1,{'test': 1},1,0,
46434,1,{'test': 1},1,0,
46435,1,{'test': 1},1,0,
46436,1,{'test': 1},1,0,
46437,1,{'test': 1},1,0,
46438,1,{'test': 1},1,0,
46439,1,{'test': 1},1,0,
46440,1,{'test': 1},1,0,
46441,1,{'test': 1},1,0,
46442,1,{'test': 1},1,0,
46443,1,{'test': 1},1,0,
46444,1,{'test': 1},1,0,
46445,1,{'test': 1},1,0,
46446,1,{'test': 1},1,0,
46448,1,{'test': 1},1,0,
49326,5,{'test': 5},1,4,DUPLICATE_NEAR
46455,1,{'test': 1},1,0,
46456,1,{'test': 1},1,0,
49329,4,{'test': 4},1,3,DUPLICATE_NEAR
49894,2,{'test': 2},2,0,
46460,1,{'test': 1},1,0,
49406,9,{'test': 9},1,8,DUPLICATE_NEAR
46466,1,{'test': 1},1,0,
49350,28,{'test': 28},1,27,DUPLICATE_NEAR
46473,1,{'test': 1},1,0,
46476,1,{'test': 1},1,0,
46477,1,{'test': 1},1,0,
49418,16,{'test': 16},1,15,DUPLICATE_NEAR
46493,1,{'test': 1},1,0,
46496,1,{'test': 1},1,0,
46499,1,{'test': 1},1,0,
46504,1,{'test': 1},1,0,
46505,1,{'test': 1},1,0,
46507,1,{'test': 1},1,0,
46511,2,{'test': 2},2,0,
49450,15,{'test': 15},1,14,DUPLICATE_NEAR
49451,13,{'test': 13},1,12,DUPLICATE_NEAR
46513,1,{'test': 1},1,0,
49394,9,{'test': 9},1,8,DUPLICATE_NEAR
46568,4,{'test': 4},1,3,DUPLICATE_NEAR
49313,9,{'test': 9},1,8,DUPLICATE_NEAR
49868,11,{'test': 11},1,10,DUPLICATE_NEAR
46527,1,{'test': 1},1,0,
46549,3,{'test': 3},1,2,DUPLICATE_NEAR
49469,7,{'test': 7},1,6,DUPLICATE_NEAR
49470,4,{'test': 4},1,3,DUPLICATE_NEAR
49456,7,{'test': 7},1,6,DUPLICATE_NEAR
46725,3,{'test': 3},1,2,DUPLICATE_NEAR
49316,3,{'test': 3},1,2,DUPLICATE_NEAR
49317,2,{'test': 2},2,0,
46569,1,{'test': 1},1,0,
49884,2,{'test': 2},2,0,
49397,6,{'test': 6},1,5,DUPLICATE_NEAR
46587,1,{'test': 1},1,0,
46588,1,{'test': 1},1,0,
46589,1,{'test': 1},1,0,
46590,1,{'test': 1},1,0,
46591,1,{'test': 1},1,0,
46592,1,{'test': 1},1,0,
46593,1,{'test': 1},1,0,
46594,1,{'test': 1},1,0,
46595,1,{'test': 1},1,0,
46596,1,{'test': 1},1,0,
46812,2,{'test': 2},2,0,
46599,1,{'test': 1},1,0,
46897,3,{'test': 3},1,2,DUPLICATE_NEAR
46603,1,{'test': 1},1,0,
46604,1,{'test': 1},1,0,
46605,1,{'test': 1},1,0,
46608,1,{'test': 1},1,0,
46609,1,{'test': 1},1,0,
46610,1,{'test': 1},1,0,
46611,1,{'test': 1},1,0,
46612,1,{'test': 1},1,0,
46613,1,{'test': 1},1,0,
46614,1,{'test': 1},1,0,
46615,1,{'test': 1},1,0,
46616,1,{'test': 1},1,0,
46617,1,{'test': 1},1,0,
46619,1,{'test': 1},1,0,
49890,5,{'test': 5},1,4,DUPLICATE_NEAR
46638,1,{'test': 1},1,0,
46646,1,{'test': 1},1,0,
46650,2,{'test': 2},2,0,
46649,1,{'test': 1},1,0,
46652,1,{'test': 1},1,0,
46691,1,{'test': 1},1,0,
46694,1,{'test': 1},1,0,
46695,1,{'test': 1},1,0,
46696,1,{'test': 1},1,0,
46703,2,{'test': 2},2,0,
49384,4,{'test': 4},1,3,DUPLICATE_NEAR
49815,23,{'test': 23},1,22,DUPLICATE_NEAR
46756,1,{'test': 1},1,0,
49474,4,{'test': 4},1,3,DUPLICATE_NEAR
49475,4,{'test': 4},1,3,DUPLICATE_NEAR
49478,8,{'test': 8},1,7,DUPLICATE_NEAR
49924,5,{'test': 5},1,4,DUPLICATE_NEAR
49479,5,{'test': 5},1,4,DUPLICATE_NEAR
46775,1,{'test': 1},1,0,
46776,1,{'test': 1},1,0,
46777,1,{'test': 1},1,0,
46782,1,{'test': 1},1,0,
46783,1,{'test': 1},1,0,
46784,1,{'test': 1},1,0,
46785,1,{'test': 1},1,0,
46791,1,{'test': 1},1,0,
46796,1,{'test': 1},1,0,
46803,1,{'test': 1},1,0,
46811,1,{'test': 1},1,0,
46825,1,{'test': 1},1,0,
46829,1,{'test': 1},1,0,
46833,1,{'test': 1},1,0,
46849,1,{'test': 1},1,0,
46853,1,{'test': 1},1,0,
46854,1,{'test': 1},1,0,
46890,2,{'test': 2},2,0,
46860,1,{'test': 1},1,0,
46861,1,{'test': 1},1,0,
46862,1,{'test': 1},1,0,
46864,1,{'test': 1},1,0,
46869,2,{'test': 2},2,0,
46868,1,{'test': 1},1,0,
46878,1,{'test': 1},1,0,
46889,2,{'test': 2},2,0,
46887,1,{'test': 1},1,0,
46891,1,{'test': 1},1,0,
46892,1,{'test': 1},1,0,
46893,1,{'test': 1},1,0,
46894,1,{'test': 1},1,0,
46895,1,{'test': 1},1,0,
46896,1,{'test': 1},1,0,
46898,1,{'test': 1},1,0,
46903,3,{'test': 3},1,2,DUPLICATE_NEAR
46900,1,{'test': 1},1,0,
46902,1,{'test': 1},1,0,
46907,1,{'test': 1},1,0,
46908,1,{'test': 1},1,0,
46909,1,{'test': 1},1,0,
46910,1,{'test': 1},1,0,
46911,1,{'test': 1},1,0,
46913,2,{'test': 2},2,0,
46914,1,{'test': 1},1,0,
46915,1,{'test': 1},1,0,
46916,1,{'test': 1},1,0,
46917,1,{'test': 1},1,0,
46918,1,{'test': 1},1,0,
46919,1,{'test': 1},1,0,
46960,2,{'test': 2},2,0,
46921,1,{'test': 1},1,0,
46922,1,{'test': 1},1,0,
46924,1,{'test': 1},1,0,
46925,1,{'test': 1},1,0,
46926,1,{'test': 1},1,0,
46930,1,{'test': 1},1,0,
46931,1,{'test': 1},1,0,
46932,1,{'test': 1},1,0,
46933,1,{'test': 1},1,0,
46934,1,{'test': 1},1,0,
46935,1,{'test': 1},1,0,
46936,1,{'test': 1},1,0,
46937,1,{'test': 1},1,0,
46938,1,{'test': 1},1,0,
46940,2,{'test': 2},2,0,
46941,1,{'test': 1},1,0,
46942,1,{'test': 1},1,0,
46943,1,{'test': 1},1,0,
46944,1,{'test': 1},1,0,
46945,1,{'test': 1},1,0,
46946,1,{'test': 1},1,0,
46950,1,{'test': 1},1,0,
46951,1,{'test': 1},1,0,
46952,1,{'test': 1},1,0,
46954,1,{'test': 1},1,0,
46955,1,{'test': 1},1,0,
46959,1,{'test': 1},1,0,
46964,1,{'test': 1},1,0,
46965,1,{'test': 1},1,0,
46966,1,{'test': 1},1,0,
46967,1,{'test': 1},1,0,
46968,1,{'test': 1},1,0,
47996,1,{'test': 1},1,0,
48002,4,{'test': 4},1,3,DUPLICATE_NEAR
47998,1,{'test': 1},1,0,
48001,2,{'test': 2},2,0,
48010,4,{'test': 4},1,3,DUPLICATE_NEAR
48005,1,{'test': 1},1,0,
48009,2,{'test': 2},2,0,
48011,1,{'test': 1},1,0,
48012,1,{'test': 1},1,0,
48013,1,{'test': 1},1,0,
48014,1,{'test': 1},1,0,
48015,1,{'test': 1},1,0,
48016,1,{'test': 1},1,0,
48017,1,{'test': 1},1,0,
48018,1,{'test': 1},1,0,
48021,3,{'test': 3},1,2,DUPLICATE_NEAR
48023,2,{'test': 2},2,0,
48024,1,{'test': 1},1,0,
48025,1,{'test': 1},1,0,
48026,1,{'test': 1},1,0,
48027,1,{'test': 1},1,0,
48028,1,{'test': 1},1,0,
48035,5,{'test': 5},1,4,DUPLICATE_NEAR
48034,2,{'test': 2},2,0,
48036,1,{'test': 1},1,0,
48037,1,{'test': 1},1,0,
48038,1,{'test': 1},1,0,
48039,1,{'test': 1},1,0,
48040,1,{'test': 1},1,0,
48041,1,{'test': 1},1,0,
48042,1,{'test': 1},1,0,
48046,2,{'test': 2},2,0,
48048,2,{'test': 2},2,0,
48049,3,{'test': 3},1,2,DUPLICATE_NEAR
48050,1,{'test': 1},1,0,
48051,1,{'test': 1},1,0,
48052,1,{'test': 1},1,0,
48053,1,{'test': 1},1,0,
48054,1,{'test': 1},1,0,
48055,1,{'test': 1},1,0,
48056,1,{'test': 1},1,0,
48057,1,{'test': 1},1,0,
48058,1,{'test': 1},1,0,
48059,1,{'test': 1},1,0,
48063,3,{'test': 3},1,2,DUPLICATE_NEAR
48062,1,{'test': 1},1,0,
48065,1,{'test': 1},1,0,
48070,4,{'test': 4},1,3,DUPLICATE_NEAR
48069,1,{'test': 1},1,0,
48071,1,{'test': 1},1,0,
48073,1,{'test': 1},1,0,
48074,1,{'test': 1},1,0,
48075,1,{'test': 1},1,0,
48076,1,{'test': 1},1,0,
48077,1,{'test': 1},1,0,
48078,1,{'test': 1},1,0,
48079,1,{'test': 1},1,0,
48083,4,{'test': 4},1,3,DUPLICATE_NEAR
48084,1,{'test': 1},1,0,
48089,1,{'test': 1},1,0,
48091,2,{'test': 2},2,0,
48093,1,{'test': 1},1,0,
48094,1,{'test': 1},1,0,
48095,1,{'test': 1},1,0,
48096,1,{'test': 1},1,0,
48099,3,{'test': 3},1,2,DUPLICATE_NEAR
48100,1,{'test': 1},1,0,
48103,2,{'test': 2},2,0,
48102,1,{'test': 1},1,0,
48105,2,{'test': 2},2,0,
48106,1,{'test': 1},1,0,
48108,2,{'test': 2},2,0,
48109,1,{'test': 1},1,0,
48110,1,{'test': 1},1,0,
48111,1,{'test': 1},1,0,
48112,1,{'test': 1},1,0,
48113,1,{'test': 1},1,0,
48114,1,{'test': 1},1,0,
48115,1,{'test': 1},1,0,
48116,1,{'test': 1},1,0,
48117,1,{'test': 1},1,0,
48119,2,{'test': 2},2,0,
48120,1,{'test': 1},1,0,
48121,1,{'test': 1},1,0,
48126,3,{'test': 3},1,2,DUPLICATE_NEAR
48128,3,{'test': 3},1,2,DUPLICATE_NEAR
48124,1,{'test': 1},1,0,
48129,1,{'test': 1},1,0,
48130,1,{'test': 1},1,0,
48131,1,{'test': 1},1,0,
48132,1,{'test': 1},1,0,
48139,5,{'test': 5},1,4,DUPLICATE_NEAR
48136,1,{'test': 1},1,0,
48138,1,{'test': 1},1,0,
48140,1,{'test': 1},1,0,
48141,1,{'test': 1},1,0,
48146,5,{'test': 5},1,4,DUPLICATE_NEAR
48148,2,{'test': 2},2,0,
48150,2,{'test': 2},2,0,
48151,1,{'test': 1},1,0,
48152,1,{'test': 1},1,0,
48153,1,{'test': 1},1,0,
48154,1,{'test': 1},1,0,
48157,2,{'test': 2},2,0,
48156,1,{'test': 1},1,0,
48158,1,{'test': 1},1,0,
48159,1,{'test': 1},1,0,
48161,2,{'test': 2},2,0,
48162,1,{'test': 1},1,0,
48163,1,{'test': 1},1,0,
48164,1,{'test': 1},1,0,
48165,1,{'test': 1},1,0,
48166,1,{'test': 1},1,0,
48168,2,{'test': 2},2,0,
48170,2,{'test': 2},2,0,
48172,2,{'test': 2},2,0,
48174,2,{'test': 2},2,0,
48175,1,{'test': 1},1,0,
48176,1,{'test': 1},1,0,
48177,1,{'test': 1},1,0,
48180,3,{'test': 3},1,2,DUPLICATE_NEAR
48181,1,{'test': 1},1,0,
48182,1,{'test': 1},1,0,
48185,3,{'test': 3},1,2,DUPLICATE_NEAR
48186,1,{'test': 1},1,0,
48187,1,{'test': 1},1,0,
48189,2,{'test': 2},2,0,
48191,2,{'test': 2},2,0,
48192,1,{'test': 1},1,0,
48193,1,{'test': 1},1,0,
48197,3,{'test': 3},1,2,DUPLICATE_NEAR
48195,1,{'test': 1},1,0,
48198,1,{'test': 1},1,0,
48199,1,{'test': 1},1,0,
48201,1,{'test': 1},1,0,
48204,3,{'test': 3},1,2,DUPLICATE_NEAR
48205,1,{'test': 1},1,0,
48206,1,{'test': 1},1,0,
48210,2,{'test': 2},2,0,
48209,2,{'test': 2},2,0,
48211,1,{'test': 1},1,0,
48214,4,{'test': 4},1,3,DUPLICATE_NEAR
48217,1,{'test': 1},1,0,
48221,2,{'test': 2},2,0,
48219,1,{'test': 1},1,0,
48220,1,{'test': 1},1,0,
48222,1,{'test': 1},1,0,
48223,1,{'test': 1},1,0,
48227,2,{'test': 2},2,0,
48228,1,{'test': 1},1,0,
48231,3,{'test': 3},1,2,DUPLICATE_NEAR
48230,1,{'test': 1},1,0,
48233,1,{'test': 1},1,0,
48237,2,{'test': 2},2,0,
48236,2,{'test': 2},2,0,
48238,1,{'test': 1},1,0,
48239,1,{'test': 1},1,0,
48241,2,{'test': 2},2,0,
48243,2,{'test': 2},2,0,
48244,1,{'test': 1},1,0,
48248,2,{'test': 2},2,0,
48247,2,{'test': 2},2,0,
48249,1,{'test': 1},1,0,
48250,1,{'test': 1},1,0,
48253,3,{'test': 3},1,2,DUPLICATE_NEAR
48254,1,{'test': 1},1,0,
48255,1,{'test': 1},1,0,
48256,1,{'test': 1},1,0,
48258,1,{'test': 1},1,0,
48263,4,{'test': 4},1,3,DUPLICATE_NEAR
48265,2,{'test': 2},2,0,
48267,2,{'test': 2},2,0,
48268,1,{'test': 1},1,0,
48273,3,{'test': 3},1,2,DUPLICATE_NEAR
48271,1,{'test': 1},1,0,
48274,1,{'test': 1},1,0,
48275,1,{'test': 1},1,0,
48276,1,{'test': 1},1,0,
48277,1,{'test': 1},1,0,
48281,3,{'test': 3},1,2,DUPLICATE_NEAR
48280,1,{'test': 1},1,0,
48282,1,{'test': 1},1,0,
48283,1,{'test': 1},1,0,
48284,1,{'test': 1},1,0,
48287,3,{'test': 3},1,2,DUPLICATE_NEAR
48288,1,{'test': 1},1,0,
48289,1,{'test': 1},1,0,
48290,1,{'test': 1},1,0,
48291,1,{'test': 1},1,0,
48294,3,{'test': 3},1,2,DUPLICATE_NEAR
48295,1,{'test': 1},1,0,
48296,1,{'test': 1},1,0,
48300,1,{'test': 1},1,0,
48302,1,{'test': 1},1,0,
48303,1,{'test': 1},1,0,
48304,1,{'test': 1},1,0,
48305,1,{'test': 1},1,0,
48307,2,{'test': 2},2,0,
48309,2,{'test': 2},2,0,
48315,4,{'test': 4},1,3,DUPLICATE_NEAR
48311,1,{'test': 1},1,0,
48312,1,{'test': 1},1,0,
48316,1,{'test': 1},1,0,
48317,1,{'test': 1},1,0,
48318,1,{'test': 1},1,0,
48319,1,{'test': 1},1,0,
48321,2,{'test': 2},2,0,
48322,1,{'test': 1},1,0,
48323,1,{'test': 1},1,0,
48324,1,{'test': 1},1,0,
48325,1,{'test': 1},1,0,
48327,3,{'test': 3},1,2,DUPLICATE_NEAR
48329,1,{'test': 1},1,0,
48331,1,{'test': 1},1,0,
48332,1,{'test': 1},1,0,
48335,2,{'test': 2},2,0,
48337,2,{'test': 2},2,0,
48338,1,{'test': 1},1,0,
48339,1,{'test': 1},1,0,
48340,1,{'test': 1},1,0,
48341,1,{'test': 1},1,0,
48342,1,{'test': 1},1,0,
48346,4,{'test': 4},1,3,DUPLICATE_NEAR
48347,1,{'test': 1},1,0,
48348,1,{'test': 1},1,0,
48351,2,{'test': 2},2,0,
48352,2,{'test': 2},2,0,
48353,1,{'test': 1},1,0,
48354,1,{'test': 1},1,0,
48355,1,{'test': 1},1,0,
48360,3,{'test': 3},1,2,DUPLICATE_NEAR
48361,1,{'test': 1},1,0,
48362,1,{'test': 1},1,0,
48363,1,{'test': 1},1,0,
48364,1,{'test': 1},1,0,
48365,1,{'test': 1},1,0,
48366,1,{'test': 1},1,0,
48369,3,{'test': 3},1,2,DUPLICATE_NEAR
48370,1,{'test': 1},1,0,
48371,1,{'test': 1},1,0,
48372,1,{'test': 1},1,0,
48376,1,{'test': 1},1,0,
48379,2,{'test': 2},2,0,
48378,1,{'test': 1},1,0,
48380,1,{'test': 1},1,0,
48381,1,{'test': 1},1,0,
48382,1,{'test': 1},1,0,
48383,1,{'test': 1},1,0,
48384,1,{'test': 1},1,0,
48386,2,{'test': 2},2,0,
48387,1,{'test': 1},1,0,
48392,4,{'test': 4},1,3,DUPLICATE_NEAR
48389,1,{'test': 1},1,0,
48393,1,{'test': 1},1,0,
48394,1,{'test': 1},1,0,
48395,1,{'test': 1},1,0,
48399,2,{'test': 2},2,0,
48397,1,{'test': 1},1,0,
48401,4,{'test': 4},1,3,DUPLICATE_NEAR
48402,1,{'test': 1},1,0,
48404,1,{'test': 1},1,0,
48405,1,{'test': 1},1,0,
48406,1,{'test': 1},1,0,
48408,2,{'test': 2},2,0,
48409,1,{'test': 1},1,0,
48410,1,{'test': 1},1,0,
48412,2,{'test': 2},2,0,
48413,1,{'test': 1},1,0,
48414,1,{'test': 1},1,0,
48415,1,{'test': 1},1,0,
48416,1,{'test': 1},1,0,
48417,1,{'test': 1},1,0,
48418,1,{'test': 1},1,0,
48419,1,{'test': 1},1,0,
48423,3,{'test': 3},1,2,DUPLICATE_NEAR
48422,1,{'test': 1},1,0,
48424,1,{'test': 1},1,0,
48425,1,{'test': 1},1,0,
48426,1,{'test': 1},1,0,
48427,1,{'test': 1},1,0,
48430,3,{'test': 3},1,2,DUPLICATE_NEAR
48431,1,{'test': 1},1,0,
48435,3,{'test': 3},1,2,DUPLICATE_NEAR
48433,1,{'test': 1},1,0,
48436,1,{'test': 1},1,0,
48437,1,{'test': 1},1,0,
48438,1,{'test': 1},1,0,
48439,1,{'test': 1},1,0,
48441,2,{'test': 2},2,0,
48442,1,{'test': 1},1,0,
48443,1,{'test': 1},1,0,
48444,1,{'test': 1},1,0,
48447,3,{'test': 3},1,2,DUPLICATE_NEAR
48448,1,{'test': 1},1,0,
48450,2,{'test': 2},2,0,
48451,1,{'test': 1},1,0,
48452,1,{'test': 1},1,0,
48454,2,{'test': 2},2,0,
48455,1,{'test': 1},1,0,
48457,1,{'test': 1},1,0,
48458,1,{'test': 1},1,0,
48459,1,{'test': 1},1,0,
48460,1,{'test': 1},1,0,
48461,1,{'test': 1},1,0,
48463,2,{'test': 2},2,0,
48464,1,{'test': 1},1,0,
48465,1,{'test': 1},1,0,
48466,1,{'test': 1},1,0,
48467,1,{'test': 1},1,0,
48468,1,{'test': 1},1,0,
48469,1,{'test': 1},1,0,
48470,1,{'test': 1},1,0,
48473,2,{'test': 2},2,0,
48472,1,{'test': 1},1,0,
48474,1,{'test': 1},1,0,
48479,2,{'test': 2},2,0,
48477,2,{'test': 2},2,0,
48478,1,{'test': 1},1,0,
48480,1,{'test': 1},1,0,
48481,1,{'test': 1},1,0,
48485,2,{'test': 2},2,0,
48484,2,{'test': 2},2,0,
48486,1,{'test': 1},1,0,
48487,1,{'test': 1},1,0,
48488,1,{'test': 1},1,0,
48490,1,{'test': 1},1,0,
48493,3,{'test': 3},1,2,DUPLICATE_NEAR
48495,1,{'test': 1},1,0,
48496,1,{'test': 1},1,0,
48502,3,{'test': 3},1,2,DUPLICATE_NEAR
48500,2,{'test': 2},2,0,
48499,1,{'test': 1},1,0,
48503,1,{'test': 1},1,0,
48504,1,{'test': 1},1,0,
48505,1,{'test': 1},1,0,
48509,4,{'test': 4},1,3,DUPLICATE_NEAR
48510,1,{'test': 1},1,0,
48511,1,{'test': 1},1,0,
48514,3,{'test': 3},1,2,DUPLICATE_NEAR
48515,1,{'test': 1},1,0,
48516,1,{'test': 1},1,0,
48517,1,{'test': 1},1,0,
48518,1,{'test': 1},1,0,
48519,1,{'test': 1},1,0,
48520,1,{'test': 1},1,0,
48521,1,{'test': 1},1,0,
48522,1,{'test': 1},1,0,
48525,3,{'test': 3},1,2,DUPLICATE_NEAR
48527,1,{'test': 1},1,0,
48528,1,{'test': 1},1,0,
48529,1,{'test': 1},1,0,
48533,2,{'test': 2},2,0,
48532,2,{'test': 2},2,0,
48541,6,{'test': 6},1,5,DUPLICATE_NEAR
48535,1,{'test': 1},1,0,
48540,2,{'test': 2},2,0,
48543,1,{'test': 1},1,0,
48544,1,{'test': 1},1,0,
48545,1,{'test': 1},1,0,
48546,1,{'test': 1},1,0,
48547,1,{'test': 1},1,0,
48551,3,{'test': 3},1,2,DUPLICATE_NEAR
48549,1,{'test': 1},1,0,
48552,1,{'test': 1},1,0,
48553,1,{'test': 1},1,0,
48554,1,{'test': 1},1,0,
48555,1,{'test': 1},1,0,
48557,2,{'test': 2},2,0,
48558,1,{'test': 1},1,0,
48559,1,{'test': 1},1,0,
48560,1,{'test': 1},1,0,
48561,1,{'test': 1},1,0,
48567,5,{'test': 5},1,4,DUPLICATE_NEAR
48563,1,{'test': 1},1,0,
48569,2,{'test': 2},2,0,
48570,1,{'test': 1},1,0,
48571,1,{'test': 1},1,0,
48576,4,{'test': 4},1,3,DUPLICATE_NEAR
48574,1,{'test': 1},1,0,
48577,1,{'test': 1},1,0,
48578,1,{'test': 1},1,0,
48579,1,{'test': 1},1,0,
48580,1,{'test': 1},1,0,
48581,1,{'test': 1},1,0,
48584,2,{'test': 2},2,0,
48583,1,{'test': 1},1,0,
48585,1,{'test': 1},1,0,
48586,1,{'test': 1},1,0,
48587,1,{'test': 1},1,0,
48588,1,{'test': 1},1,0,
48589,1,{'test': 1},1,0,
48590,1,{'test': 1},1,0,
48591,1,{'test': 1},1,0,
48592,1,{'test': 1},1,0,
48593,1,{'test': 1},1,0,
48594,1,{'test': 1},1,0,
48595,1,{'test': 1},1,0,
48596,1,{'test': 1},1,0,
48597,1,{'test': 1},1,0,
48598,1,{'test': 1},1,0,
48601,3,{'test': 3},1,2,DUPLICATE_NEAR
48602,1,{'test': 1},1,0,
48603,1,{'test': 1},1,0,
48604,1,{'test': 1},1,0,
48608,1,{'test': 1},1,0,
48609,1,{'test': 1},1,0,
48613,1,{'test': 1},1,0,
48614,1,{'test': 1},1,0,
48615,1,{'test': 1},1,0,
48618,2,{'test': 2},2,0,
48617,1,{'test': 1},1,0,
48619,1,{'test': 1},1,0,
48620,1,{'test': 1},1,0,
48621,1,{'test': 1},1,0,
48627,3,{'test': 3},1,2,DUPLICATE_NEAR
48628,2,{'test': 2},2,0,
48626,2,{'test': 2},2,0,
48631,1,{'test': 1},1,0,
48632,1,{'test': 1},1,0,
48633,1,{'test': 1},1,0,
48635,2,{'test': 2},2,0,
48637,2,{'test': 2},2,0,
48638,1,{'test': 1},1,0,
48639,1,{'test': 1},1,0,
48640,1,{'test': 1},1,0,
48641,1,{'test': 1},1,0,
48643,1,{'test': 1},1,0,
48644,1,{'test': 1},1,0,
48646,1,{'test': 1},1,0,
48652,1,{'test': 1},1,0,
48654,1,{'test': 1},1,0,
48657,2,{'test': 2},2,0,
48656,1,{'test': 1},1,0,
48658,1,{'test': 1},1,0,
48659,1,{'test': 1},1,0,
48662,2,{'test': 2},2,0,
48664,1,{'test': 1},1,0,
48665,1,{'test': 1},1,0,
48666,1,{'test': 1},1,0,
48667,1,{'test': 1},1,0,
48668,1,{'test': 1},1,0,
48669,1,{'test': 1},1,0,
48673,2,{'test': 2},2,0,
48675,3,{'test': 3},1,2,DUPLICATE_NEAR
48672,1,{'test': 1},1,0,
48676,1,{'test': 1},1,0,
48677,1,{'test': 1},1,0,
48683,1,{'test': 1},1,0,
48687,1,{'test': 1},1,0,
48689,1,{'test': 1},1,0,
49840,8,{'test': 8},1,7,DUPLICATE_NEAR
48787,1,{'test': 1},1,0,
48791,1,{'test': 1},1,0,
49809,2,{'test': 2},2,0,
48848,1,{'test': 1},1,0,
48850,1,{'test': 1},1,0,
48856,1,{'test': 1},1,0,
48862,1,{'test': 1},1,0,
49886,2,{'test': 2},2,0,
49658,3,{'test': 3},1,2,DUPLICATE_NEAR
49679,3,{'test': 3},1,2,DUPLICATE_NEAR
49678,11,{'test': 11},1,10,DUPLICATE_NEAR
49694,12,{'test': 12},1,11,DUPLICATE_NEAR
49661,1,{'test': 1},1,0,
49662,1,{'test': 1},1,0,
49672,3,{'test': 3},1,2,DUPLICATE_NEAR
49664,1,{'test': 1},1,0,
49673,2,{'test': 2},2,0,
49666,1,{'test': 1},1,0,
49685,1,{'test': 1},1,0,
49688,3,{'test': 3},1,2,DUPLICATE_NEAR
49690,1,{'test': 1},1,0,
49692,1,{'test': 1},1,0,
49693,1,{'test': 1},1,0,
49697,2,{'test': 2},2,0,
49698,1,{'test': 1},1,0,
49706,6,{'test': 6},1,5,DUPLICATE_NEAR
49701,1,{'test': 1},1,0,
49702,1,{'test': 1},1,0,
49707,1,{'test': 1},1,0,
49713,3,{'test': 3},1,2,DUPLICATE_NEAR
49712,2,{'test': 2},2,0,
49710,1,{'test': 1},1,0,
49714,1,{'test': 1},1,0,
49716,2,{'test': 2},2,0,
49718,2,{'test': 2},2,0,
49719,1,{'test': 1},1,0,
49720,1,{'test': 1},1,0,
49726,3,{'test': 3},1,2,DUPLICATE_NEAR
49725,3,{'test': 3},1,2,DUPLICATE_NEAR
49727,1,{'test': 1},1,0,
49728,1,{'test': 1},1,0,
49729,1,{'test': 1},1,0,
49730,1,{'test': 1},1,0,
49731,1,{'test': 1},1,0,
49732,1,{'test': 1},1,0,
49736,3,{'test': 3},1,2,DUPLICATE_NEAR
49737,2,{'test': 2},2,0,
49741,4,{'test': 4},1,3,DUPLICATE_NEAR
49743,2,{'test': 2},2,0,
49744,1,{'test': 1},1,0,
49964,3,{'test': 3},1,2,DUPLICATE_NEAR
49963,2,{'test': 2},2,0,
49982,4,{'test': 4},1,3,DUPLICATE_NEAR
50051,3,{'test': 3},1,2,DUPLICATE_NEAR
49749,1,{'test': 1},1,0,
49752,3,{'test': 3},1,2,DUPLICATE_NEAR
49756,4,{'test': 4},1,3,DUPLICATE_NEAR
49757,1,{'test': 1},1,0,
49759,2,{'test': 2},2,0,
49763,5,{'test': 5},1,4,DUPLICATE_NEAR
50181,5,{'test': 5},1,4,DUPLICATE_NEAR
49556,2,{'test': 2},2,0,
49557,4,{'test': 4},1,3,DUPLICATE_NEAR
49558,1,{'test': 1},1,0,
49559,6,{'test': 6},1,5,DUPLICATE_NEAR
49560,3,{'test': 3},1,2,DUPLICATE_NEAR
47080,5,{'test': 5},1,4,DUPLICATE_NEAR
49562,2,{'test': 2},2,0,
49563,3,{'test': 3},1,2,DUPLICATE_NEAR
49564,4,{'test': 4},1,3,DUPLICATE_NEAR
49565,3,{'test': 3},1,2,DUPLICATE_NEAR
49566,1,{'test': 1},1,0,
49567,2,{'test': 2},2,0,
47192,4,{'test': 4},1,3,DUPLICATE_NEAR
49569,3,{'test': 3},1,2,DUPLICATE_NEAR
49570,4,{'test': 4},1,3,DUPLICATE_NEAR
49571,3,{'test': 3},1,2,DUPLICATE_NEAR
49572,2,{'test': 2},2,0,
47256,3,{'test': 3},1,2,DUPLICATE_NEAR
47311,3,{'test': 3},1,2,DUPLICATE_NEAR
49575,1,{'test': 1},1,0,
49576,2,{'test': 2},2,0,
49577,6,{'test': 6},1,5,DUPLICATE_NEAR
49579,3,{'test': 3},1,2,DUPLICATE_NEAR
49580,5,{'test': 5},1,4,DUPLICATE_NEAR
49582,3,{'test': 3},1,2,DUPLICATE_NEAR
49583,3,{'test': 3},1,2,DUPLICATE_NEAR
47399,8,{'test': 8},1,7,DUPLICATE_NEAR
49587,2,{'test': 2},2,0,
49589,6,{'test': 6},1,5,DUPLICATE_NEAR
47444,5,{'test': 5},1,4,DUPLICATE_NEAR
49591,2,{'test': 2},2,0,
49592,3,{'test': 3},1,2,DUPLICATE_NEAR
49593,4,{'test': 4},1,3,DUPLICATE_NEAR
47474,4,{'test': 4},1,3,DUPLICATE_NEAR
49595,1,{'test': 1},1,0,
49596,3,{'test': 3},1,2,DUPLICATE_NEAR
49597,2,{'test': 2},2,0,
49598,1,{'test': 1},1,0,
49599,2,{'test': 2},2,0,
49601,4,{'test': 4},1,3,DUPLICATE_NEAR
49602,2,{'test': 2},2,0,
49603,1,{'test': 1},1,0,
49605,3,{'test': 3},1,2,DUPLICATE_NEAR
49606,3,{'test': 3},1,2,DUPLICATE_NEAR
49607,1,{'test': 1},1,0,
49608,3,{'test': 3},1,2,DUPLICATE_NEAR
49609,1,{'test': 1},1,0,
49610,2,{'test': 2},2,0,
49611,3,{'test': 3},1,2,DUPLICATE_NEAR
49612,2,{'test': 2},2,0,
49613,2,{'test': 2},2,0,
49614,2,{'test': 2},2,0,
49615,2,{'test': 2},2,0,
47724,3,{'test': 3},1,2,DUPLICATE_NEAR
49619,3,{'test': 3},1,2,DUPLICATE_NEAR
49618,2,{'test': 2},2,0,
49620,2,{'test': 2},2,0,
49621,2,{'test': 2},2,0,
49622,1,{'test': 1},1,0,
49625,4,{'test': 4},1,3,DUPLICATE_NEAR
49624,1,{'test': 1},1,0,
49626,2,{'test': 2},2,0,
49627,2,{'test': 2},2,0,
49628,1,{'test': 1},1,0,
49629,1,{'test': 1},1,0,
49632,4,{'test': 4},1,3,DUPLICATE_NEAR
49635,5,{'test': 5},1,4,DUPLICATE_NEAR
49637,3,{'test': 3},1,2,DUPLICATE_NEAR
49638,2,{'test': 2},2,0,
49639,1,{'test': 1},1,0,
49640,4,{'test': 4},1,3,DUPLICATE_NEAR
49641,4,{'test': 4},1,3,DUPLICATE_NEAR
49644,3,{'test': 3},1,2,DUPLICATE_NEAR
49645,3,{'test': 3},1,2,DUPLICATE_NEAR
49648,4,{'test': 4},1,3,DUPLICATE_NEAR
49649,2,{'test': 2},2,0,
47995,3,{'test': 3},1,2,DUPLICATE_NEAR
49944,1,{'test': 1},1,0,
49945,1,{'test': 1},1,0,
49995,4,{'test': 4},1,3,DUPLICATE_NEAR
49947,1,{'test': 1},1,0,
49949,1,{'test': 1},1,0,
49950,1,{'test': 1},1,0,
49951,1,{'test': 1},1,0,
49952,1,{'test': 1},1,0,
49953,1,{'test': 1},1,0,
49954,1,{'test': 1},1,0,
49956,2,{'test': 2},2,0,
49985,1,{'test': 1},1,0,
49986,1,{'test': 1},1,0,
49987,1,{'test': 1},1,0,
49988,1,{'test': 1},1,0,
49989,1,{'test': 1},1,0,
49990,1,{'test': 1},1,0,
49991,1,{'test': 1},1,0,
49992,1,{'test': 1},1,0,
49993,1,{'test': 1},1,0,
49996,1,{'test': 1},1,0,
49997,1,{'test': 1},1,0,
49998,1,{'test': 1},1,0,
49999,1,{'test': 1},1,0,
50000,1,{'test': 1},1,0,
50001,1,{'test': 1},1,0,
50002,1,{'test': 1},1,0,
49959,3,{'test': 3},1,2,DUPLICATE_NEAR
49960,1,{'test': 1},1,0,
49961,1,{'test': 1},1,0,
49965,1,{'test': 1},1,0,
49969,2,{'test': 2},2,0,
49970,1,{'test': 1},1,0,
49971,1,{'test': 1},1,0,
49972,1,{'test': 1},1,0,
49973,1,{'test': 1},1,0,
49974,1,{'test': 1},1,0,
49975,1,{'test': 1},1,0,
49976,1,{'test': 1},1,0,
49977,1,{'test': 1},1,0,
49979,2,{'test': 2},2,0,
49981,1,{'test': 1},1,0,
49984,1,{'test': 1},1,0,
50031,3,{'test': 3},1,2,DUPLICATE_NEAR
50005,1,{'test': 1},1,0,
50006,1,{'test': 1},1,0,
50048,2,{'test': 2},2,0,
50595,4,{'test': 4},1,3,DUPLICATE_NEAR
50615,22,{'test': 22},1,21,DUPLICATE_NEAR
50015,1,{'test': 1},1,0,
50019,2,{'test': 2},2,0,
50018,1,{'test': 1},1,0,
50020,1,{'test': 1},1,0,
50021,1,{'test': 1},1,0,
50022,1,{'test': 1},1,0,
50027,1,{'test': 1},1,0,
50029,1,{'test': 1},1,0,
50034,2,{'test': 2},2,0,
50033,1,{'test': 1},1,0,
50653,6,{'test': 6},1,5,DUPLICATE_NEAR
50036,1,{'test': 1},1,0,
50039,1,{'test': 1},1,0,
50041,1,{'test': 1},1,0,
50045,3,{'test': 3},1,2,DUPLICATE_NEAR
50046,1,{'test': 1},1,0,
50047,1,{'test': 1},1,0,
50049,1,{'test': 1},1,0,
50053,2,{'test': 2},2,0,
50055,2,{'test': 2},2,0,
50058,2,{'test': 2},2,0,
50057,1,{'test': 1},1,0,
50059,1,{'test': 1},1,0,
50064,2,{'test': 2},2,0,
50065,4,{'test': 4},1,3,DUPLICATE_NEAR
50066,1,{'test': 1},1,0,
50067,1,{'test': 1},1,0,
50069,2,{'test': 2},2,0,
50071,2,{'test': 2},2,0,
50072,1,{'test': 1},1,0,
50073,1,{'test': 1},1,0,
50075,2,{'test': 2},2,0,
50076,1,{'test': 1},1,0,
50078,2,{'test': 2},2,0,
50081,2,{'test': 2},2,0,
50080,1,{'test': 1},1,0,
50084,3,{'test': 3},1,2,DUPLICATE_NEAR
50085,1,{'test': 1},1,0,
50087,2,{'test': 2},2,0,
50088,1,{'test': 1},1,0,
50090,2,{'test': 2},2,0,
50091,1,{'test': 1},1,0,
50093,2,{'test': 2},2,0,
50094,1,{'test': 1},1,0,
50096,2,{'test': 2},2,0,
50099,3,{'test': 3},1,2,DUPLICATE_NEAR
50100,1,{'test': 1},1,0,
50101,1,{'test': 1},1,0,
50102,1,{'test': 1},1,0,
50104,2,{'test': 2},2,0,
50105,1,{'test': 1},1,0,
50108,3,{'test': 3},1,2,DUPLICATE_NEAR
50110,2,{'test': 2},2,0,
50111,1,{'test': 1},1,0,
50113,2,{'test': 2},2,0,
50114,1,{'test': 1},1,0,
50115,1,{'test': 1},1,0,
50116,1,{'test': 1},1,0,
50117,1,{'test': 1},1,0,
50119,2,{'test': 2},2,0,
50120,1,{'test': 1},1,0,
50121,1,{'test': 1},1,0,
50122,1,{'test': 1},1,0,
50123,1,{'test': 1},1,0,
50125,2,{'test': 2},2,0,
50126,1,{'test': 1},1,0,
50128,2,{'test': 2},2,0,
50129,1,{'test': 1},1,0,
50130,1,{'test': 1},1,0,
50132,2,{'test': 2},2,0,
50133,1,{'test': 1},1,0,
50134,1,{'test': 1},1,0,
50135,1,{'test': 1},1,0,
50136,1,{'test': 1},1,0,
50138,2,{'test': 2},2,0,
50139,1,{'test': 1},1,0,
50142,2,{'test': 2},2,0,
50141,1,{'test': 1},1,0,
50143,1,{'test': 1},1,0,
50144,1,{'test': 1},1,0,
50145,1,{'test': 1},1,0,
50146,1,{'test': 1},1,0,
50147,1,{'test': 1},1,0,
50148,1,{'test': 1},1,0,
50154,2,{'test': 2},2,0,
50153,1,{'test': 1},1,0,
50155,1,{'test': 1},1,0,
50157,2,{'test': 2},2,0,
50158,1,{'test': 1},1,0,
50159,1,{'test': 1},1,0,
50160,1,{'test': 1},1,0,
50163,3,{'test': 3},1,2,DUPLICATE_NEAR
50166,2,{'test': 2},2,0,
50165,1,{'test': 1},1,0,
50167,1,{'test': 1},1,0,
50168,1,{'test': 1},1,0,
50169,1,{'test': 1},1,0,
50170,1,{'test': 1},1,0,
50171,1,{'test': 1},1,0,
50172,1,{'test': 1},1,0,
50173,1,{'test': 1},1,0,
50174,1,{'test': 1},1,0,
50175,1,{'test': 1},1,0,
50179,2,{'test': 2},2,0,
50183,2,{'test': 2},2,0,
50184,1,{'test': 1},1,0,
50185,1,{'test': 1},1,0,
50186,1,{'test': 1},1,0,
50187,1,{'test': 1},1,0,
50188,1,{'test': 1},1,0,
50189,1,{'test': 1},1,0,
50190,1,{'test': 1},1,0,
50191,1,{'test': 1},1,0,
50192,1,{'test': 1},1,0,
50193,1,{'test': 1},1,0,
50194,1,{'test': 1},1,0,
50195,1,{'test': 1},1,0,
50196,1,{'test': 1},1,0,
50197,1,{'test': 1},1,0,
50198,1,{'test': 1},1,0,
50199,1,{'test': 1},1,0,
50200,1,{'test': 1},1,0,
50201,1,{'test': 1},1,0,
50202,1,{'test': 1},1,0,
50203,1,{'test': 1},1,0,
50205,2,{'test': 2},2,0,
50207,2,{'test': 2},2,0,
50208,1,{'test': 1},1,0,
50209,1,{'test': 1},1,0,
50210,1,{'test': 1},1,0,
50212,1,{'test': 1},1,0,
50213,1,{'test': 1},1,0,
50215,2,{'test': 2},2,0,
50216,1,{'test': 1},1,0,
50217,1,{'test': 1},1,0,
50218,1,{'test': 1},1,0,
50219,1,{'test': 1},1,0,
50220,1,{'test': 1},1,0,
50222,2,{'test': 2},2,0,
50224,2,{'test': 2},2,0,
50226,2,{'test': 2},2,0,
50227,1,{'test': 1},1,0,
50229,2,{'test': 2},2,0,
50231,2,{'test': 2},2,0,
50232,1,{'test': 1},1,0,
50233,1,{'test': 1},1,0,
50237,2,{'test': 2},2,0,
50238,1,{'test': 1},1,0,
50241,2,{'test': 2},2,0,
50243,2,{'test': 2},2,0,
50244,1,{'test': 1},1,0,
50245,1,{'test': 1},1,0,
50246,1,{'test': 1},1,0,
50248,2,{'test': 2},2,0,
50249,1,{'test': 1},1,0,
50250,1,{'test': 1},1,0,
50251,1,{'test': 1},1,0,
50253,2,{'test': 2},2,0,
50254,1,{'test': 1},1,0,
50256,2,{'test': 2},2,0,
50257,1,{'test': 1},1,0,
50258,1,{'test': 1},1,0,
50259,1,{'test': 1},1,0,
50260,1,{'test': 1},1,0,
50261,1,{'test': 1},1,0,
50262,1,{'test': 1},1,0,
50263,1,{'test': 1},1,0,
50264,1,{'test': 1},1,0,
50265,1,{'test': 1},1,0,
50266,1,{'test': 1},1,0,
50267,1,{'test': 1},1,0,
50269,2,{'test': 2},2,0,
50271,2,{'test': 2},2,0,
50273,2,{'test': 2},2,0,
50274,1,{'test': 1},1,0,
50275,1,{'test': 1},1,0,
50277,2,{'test': 2},2,0,
50278,1,{'test': 1},1,0,
50279,1,{'test': 1},1,0,
50280,1,{'test': 1},1,0,
50281,1,{'test': 1},1,0,
50283,2,{'test': 2},2,0,
50284,1,{'test': 1},1,0,
50285,1,{'test': 1},1,0,
50286,1,{'test': 1},1,0,
50287,1,{'test': 1},1,0,
50288,1,{'test': 1},1,0,
50289,1,{'test': 1},1,0,
50291,2,{'test': 2},2,0,
50293,2,{'test': 2},2,0,
50294,1,{'test': 1},1,0,
50295,1,{'test': 1},1,0,
50296,1,{'test': 1},1,0,
50297,1,{'test': 1},1,0,
50298,1,{'test': 1},1,0,
50300,2,{'test': 2},2,0,
50302,2,{'test': 2},2,0,
50303,1,{'test': 1},1,0,
50304,1,{'test': 1},1,0,
50305,1,{'test': 1},1,0,
50306,1,{'test': 1},1,0,
50308,2,{'test': 2},2,0,
50310,2,{'test': 2},2,0,
50311,1,{'test': 1},1,0,
50312,1,{'test': 1},1,0,
50314,2,{'test': 2},2,0,
50315,1,{'test': 1},1,0,
50316,1,{'test': 1},1,0,
50317,1,{'test': 1},1,0,
50318,1,{'test': 1},1,0,
50319,1,{'test': 1},1,0,
50320,1,{'test': 1},1,0,
50321,1,{'test': 1},1,0,
50323,2,{'test': 2},2,0,
50324,1,{'test': 1},1,0,
50327,2,{'test': 2},2,0,
50328,1,{'test': 1},1,0,
50329,1,{'test': 1},1,0,
50330,1,{'test': 1},1,0,
50332,2,{'test': 2},2,0,
50333,1,{'test': 1},1,0,
50334,1,{'test': 1},1,0,
50335,1,{'test': 1},1,0,
50336,1,{'test': 1},1,0,
50337,1,{'test': 1},1,0,
50338,1,{'test': 1},1,0,
50339,1,{'test': 1},1,0,
50340,1,{'test': 1},1,0,
50341,1,{'test': 1},1,0,
50342,1,{'test': 1},1,0,
50343,1,{'test': 1},1,0,
50345,2,{'test': 2},2,0,
50347,2,{'test': 2},2,0,
50348,1,{'test': 1},1,0,
50350,2,{'test': 2},2,0,
50352,2,{'test': 2},2,0,
50353,1,{'test': 1},1,0,
50354,1,{'test': 1},1,0,
50355,1,{'test': 1},1,0,
50356,1,{'test': 1},1,0,
50357,1,{'test': 1},1,0,
50358,1,{'test': 1},1,0,
50359,1,{'test': 1},1,0,
50360,1,{'test': 1},1,0,
50361,1,{'test': 1},1,0,
50362,1,{'test': 1},1,0,
50363,1,{'test': 1},1,0,
50364,1,{'test': 1},1,0,
50365,1,{'test': 1},1,0,
50366,1,{'test': 1},1,0,
50367,1,{'test': 1},1,0,
50368,1,{'test': 1},1,0,
50369,1,{'test': 1},1,0,
50371,2,{'test': 2},2,0,
50373,2,{'test': 2},2,0,
50374,1,{'test': 1},1,0,
50375,1,{'test': 1},1,0,
50376,1,{'test': 1},1,0,
50377,1,{'test': 1},1,0,
50378,1,{'test': 1},1,0,
50379,1,{'test': 1},1,0,
50380,1,{'test': 1},1,0,
50381,1,{'test': 1},1,0,
50382,1,{'test': 1},1,0,
50383,1,{'test': 1},1,0,
50384,1,{'test': 1},1,0,
50386,1,{'test': 1},1,0,
50387,1,{'test': 1},1,0,
50389,2,{'test': 2},2,0,
50391,2,{'test': 2},2,0,
50392,1,{'test': 1},1,0,
50393,1,{'test': 1},1,0,
50394,1,{'test': 1},1,0,
50395,1,{'test': 1},1,0,
50397,2,{'test': 2},2,0,
50399,2,{'test': 2},2,0,
50400,1,{'test': 1},1,0,
50401,1,{'test': 1},1,0,
50402,1,{'test': 1},1,0,
50403,1,{'test': 1},1,0,
50404,1,{'test': 1},1,0,
50405,1,{'test': 1},1,0,
50406,1,{'test': 1},1,0,
50407,1,{'test': 1},1,0,
50408,1,{'test': 1},1,0,
50410,2,{'test': 2},2,0,
50411,1,{'test': 1},1,0,
50412,1,{'test': 1},1,0,
50413,1,{'test': 1},1,0,
50414,1,{'test': 1},1,0,
50416,2,{'test': 2},2,0,
50417,1,{'test': 1},1,0,
50418,1,{'test': 1},1,0,
50419,1,{'test': 1},1,0,
50420,1,{'test': 1},1,0,
50422,2,{'test': 2},2,0,
50424,2,{'test': 2},2,0,
50425,1,{'test': 1},1,0,
50426,1,{'test': 1},1,0,
50427,1,{'test': 1},1,0,
50428,1,{'test': 1},1,0,
50429,1,{'test': 1},1,0,
50430,1,{'test': 1},1,0,
50431,1,{'test': 1},1,0,
50432,1,{'test': 1},1,0,
50434,2,{'test': 2},2,0,
50435,1,{'test': 1},1,0,
50436,1,{'test': 1},1,0,
50437,1,{'test': 1},1,0,
50438,1,{'test': 1},1,0,
50439,1,{'test': 1},1,0,
50441,1,{'test': 1},1,0,
50442,1,{'test': 1},1,0,
50443,1,{'test': 1},1,0,
50444,1,{'test': 1},1,0,
50445,1,{'test': 1},1,0,
50446,1,{'test': 1},1,0,
50447,1,{'test': 1},1,0,
50448,1,{'test': 1},1,0,
50449,1,{'test': 1},1,0,
50450,1,{'test': 1},1,0,
50451,1,{'test': 1},1,0,
50452,1,{'test': 1},1,0,
50453,1,{'test': 1},1,0,
50454,1,{'test': 1},1,0,
50455,1,{'test': 1},1,0,
50456,1,{'test': 1},1,0,
50457,1,{'test': 1},1,0,
50459,2,{'test': 2},2,0,
50461,2,{'test': 2},2,0,
50463,2,{'test': 2},2,0,
50465,2,{'test': 2},2,0,
50466,1,{'test': 1},1,0,
50467,1,{'test': 1},1,0,
50468,1,{'test': 1},1,0,
50470,2,{'test': 2},2,0,
50471,1,{'test': 1},1,0,
50473,2,{'test': 2},2,0,
50474,1,{'test': 1},1,0,
50476,2,{'test': 2},2,0,
50477,1,{'test': 1},1,0,
50478,1,{'test': 1},1,0,
50479,1,{'test': 1},1,0,
50481,2,{'test': 2},2,0,
50483,2,{'test': 2},2,0,
50484,1,{'test': 1},1,0,
50486,2,{'test': 2},2,0,
50488,2,{'test': 2},2,0,
50490,2,{'test': 2},2,0,
50491,1,{'test': 1},1,0,
50492,1,{'test': 1},1,0,
50493,1,{'test': 1},1,0,
50494,1,{'test': 1},1,0,
50496,2,{'test': 2},2,0,
50497,1,{'test': 1},1,0,
50498,1,{'test': 1},1,0,
50499,1,{'test': 1},1,0,
50500,1,{'test': 1},1,0,
50501,1,{'test': 1},1,0,
50502,1,{'test': 1},1,0,
50503,1,{'test': 1},1,0,
50504,1,{'test': 1},1,0,
50505,1,{'test': 1},1,0,
50506,1,{'test': 1},1,0,
50507,1,{'test': 1},1,0,
50508,1,{'test': 1},1,0,
50509,1,{'test': 1},1,0,
50510,1,{'test': 1},1,0,
50511,1,{'test': 1},1,0,
50513,2,{'test': 2},2,0,
50515,2,{'test': 2},2,0,
50516,1,{'test': 1},1,0,
50518,2,{'test': 2},2,0,
50519,1,{'test': 1},1,0,
50520,1,{'test': 1},1,0,
50521,1,{'test': 1},1,0,
50522,1,{'test': 1},1,0,
50523,1,{'test': 1},1,0,
50524,1,{'test': 1},1,0,
50525,1,{'test': 1},1,0,
50526,1,{'test': 1},1,0,
50528,2,{'test': 2},2,0,
50530,2,{'test': 2},2,0,
50532,2,{'test': 2},2,0,
50533,1,{'test': 1},1,0,
50534,1,{'test': 1},1,0,
50536,2,{'test': 2},2,0,
50538,2,{'test': 2},2,0,
50539,1,{'test': 1},1,0,
50541,2,{'test': 2},2,0,
50542,1,{'test': 1},1,0,
50543,1,{'test': 1},1,0,
50544,1,{'test': 1},1,0,
50545,1,{'test': 1},1,0,
50546,1,{'test': 1},1,0,
50547,1,{'test': 1},1,0,
50548,1,{'test': 1},1,0,
50550,2,{'test': 2},2,0,
50552,2,{'test': 2},2,0,
50553,1,{'test': 1},1,0,
50555,2,{'test': 2},2,0,
50556,1,{'test': 1},1,0,
50557,1,{'test': 1},1,0,
50558,1,{'test': 1},1,0,
50559,1,{'test': 1},1,0,
50561,2,{'test': 2},2,0,
50563,2,{'test': 2},2,0,
50564,1,{'test': 1},1,0,
50566,2,{'test': 2},2,0,
50567,1,{'test': 1},1,0,
50568,1,{'test': 1},1,0,
50570,2,{'test': 2},2,0,
50571,1,{'test': 1},1,0,
50572,1,{'test': 1},1,0,
50573,1,{'test': 1},1,0,
50574,1,{'test': 1},1,0,
50575,1,{'test': 1},1,0,
50576,1,{'test': 1},1,0,
50577,1,{'test': 1},1,0,
50578,1,{'test': 1},1,0,
50580,2,{'test': 2},2,0,
50581,1,{'test': 1},1,0,
50582,1,{'test': 1},1,0,
50583,1,{'test': 1},1,0,
50585,2,{'test': 2},2,0,
50586,1,{'test': 1},1,0,
50587,1,{'test': 1},1,0,
50589,1,{'test': 1},1,0,
50590,1,{'test': 1},1,0,
50591,1,{'test': 1},1,0,
50592,1,{'test': 1},1,0,
50616,3,{'test': 3},1,2,DUPLICATE_NEAR
50604,1,{'test': 1},1,0,
50613,1,{'test': 1},1,0,
50648,1,{'test': 1},1,0,
50649,1,{'test': 1},1,0,
50651,1,{'test': 1},1,0,
46970,1,{'test': 1},1,0,
46975,2,{'test': 2},2,0,
46978,1,{'test': 1},1,0,
46981,3,{'test': 3},1,2,DUPLICATE_NEAR
46982,1,{'test': 1},1,0,
46983,1,{'test': 1},1,0,
46985,1,{'test': 1},1,0,
46988,2,{'test': 2},2,0,
46987,1,{'test': 1},1,0,
46989,1,{'test': 1},1,0,
46991,2,{'test': 2},2,0,
46992,1,{'test': 1},1,0,
46993,1,{'test': 1},1,0,
46999,3,{'test': 3},1,2,DUPLICATE_NEAR
46997,3,{'test': 3},1,2,DUPLICATE_NEAR
47000,1,{'test': 1},1,0,
47001,1,{'test': 1},1,0,
47002,1,{'test': 1},1,0,
47004,2,{'test': 2},2,0,
47008,4,{'test': 4},1,3,DUPLICATE_NEAR
47009,1,{'test': 1},1,0,
47010,1,{'test': 1},1,0,
47014,2,{'test': 2},2,0,
47013,2,{'test': 2},2,0,
47015,1,{'test': 1},1,0,
47016,1,{'test': 1},1,0,
47017,1,{'test': 1},1,0,
47018,1,{'test': 1},1,0,
47020,2,{'test': 2},2,0,
47022,2,{'test': 2},2,0,
47023,1,{'test': 1},1,0,
47024,1,{'test': 1},1,0,
47025,1,{'test': 1},1,0,
47026,1,{'test': 1},1,0,
47027,1,{'test': 1},1,0,
47032,1,{'test': 1},1,0,
47035,1,{'test': 1},1,0,
47036,1,{'test': 1},1,0,
47037,1,{'test': 1},1,0,
47039,2,{'test': 2},2,0,
47040,1,{'test': 1},1,0,
47041,1,{'test': 1},1,0,
47043,3,{'test': 3},1,2,DUPLICATE_NEAR
47046,3,{'test': 3},1,2,DUPLICATE_NEAR
47048,1,{'test': 1},1,0,
47049,1,{'test': 1},1,0,
47053,2,{'test': 2},2,0,
47051,1,{'test': 1},1,0,
47052,1,{'test': 1},1,0,
47054,1,{'test': 1},1,0,
47055,1,{'test': 1},1,0,
47057,2,{'test': 2},2,0,
47058,1,{'test': 1},1,0,
47064,1,{'test': 1},1,0,
47068,3,{'test': 3},1,2,DUPLICATE_NEAR
47067,1,{'test': 1},1,0,
47069,1,{'test': 1},1,0,
47073,3,{'test': 3},1,2,DUPLICATE_NEAR
47074,2,{'test': 2},2,0,
47081,1,{'test': 1},1,0,
47082,1,{'test': 1},1,0,
47083,1,{'test': 1},1,0,
47087,2,{'test': 2},2,0,
47088,2,{'test': 2},2,0,
47086,1,{'test': 1},1,0,
47090,1,{'test': 1},1,0,
47091,1,{'test': 1},1,0,
47092,1,{'test': 1},1,0,
47095,2,{'test': 2},2,0,
47094,1,{'test': 1},1,0,
47096,1,{'test': 1},1,0,
47097,1,{'test': 1},1,0,
47098,1,{'test': 1},1,0,
47100,2,{'test': 2},2,0,
47106,4,{'test': 4},1,3,DUPLICATE_NEAR
47105,2,{'test': 2},2,0,
47107,1,{'test': 1},1,0,
47108,1,{'test': 1},1,0,
47109,1,{'test': 1},1,0,
47110,1,{'test': 1},1,0,
47111,1,{'test': 1},1,0,
47112,1,{'test': 1},1,0,
47114,2,{'test': 2},2,0,
47115,1,{'test': 1},1,0,
47116,1,{'test': 1},1,0,
47117,1,{'test': 1},1,0,
47122,2,{'test': 2},2,0,
47123,2,{'test': 2},2,0,
47124,2,{'test': 2},2,0,
47125,1,{'test': 1},1,0,
47126,1,{'test': 1},1,0,
47133,3,{'test': 3},1,2,DUPLICATE_NEAR
47130,1,{'test': 1},1,0,
47132,2,{'test': 2},2,0,
47134,1,{'test': 1},1,0,
47137,2,{'test': 2},2,0,
47136,1,{'test': 1},1,0,
47138,1,{'test': 1},1,0,
47144,1,{'test': 1},1,0,
47146,2,{'test': 2},2,0,
47147,1,{'test': 1},1,0,
47154,4,{'test': 4},1,3,DUPLICATE_NEAR
47155,2,{'test': 2},2,0,
47151,1,{'test': 1},1,0,
47156,1,{'test': 1},1,0,
47157,1,{'test': 1},1,0,
47158,1,{'test': 1},1,0,
47159,1,{'test': 1},1,0,
47162,1,{'test': 1},1,0,
47163,1,{'test': 1},1,0,
47164,1,{'test': 1},1,0,
47165,1,{'test': 1},1,0,
47167,1,{'test': 1},1,0,
47168,1,{'test': 1},1,0,
47172,3,{'test': 3},1,2,DUPLICATE_NEAR
47171,1,{'test': 1},1,0,
47179,4,{'test': 4},1,3,DUPLICATE_NEAR
47174,1,{'test': 1},1,0,
47176,2,{'test': 2},2,0,
47180,1,{'test': 1},1,0,
47181,1,{'test': 1},1,0,
47185,3,{'test': 3},1,2,DUPLICATE_NEAR
47184,1,{'test': 1},1,0,
47187,1,{'test': 1},1,0,
47193,2,{'test': 2},2,0,
47195,1,{'test': 1},1,0,
47199,3,{'test': 3},1,2,DUPLICATE_NEAR
47197,1,{'test': 1},1,0,
47200,1,{'test': 1},1,0,
47201,1,{'test': 1},1,0,
47202,1,{'test': 1},1,0,
47203,1,{'test': 1},1,0,
47204,1,{'test': 1},1,0,
47205,1,{'test': 1},1,0,
47206,1,{'test': 1},1,0,
47207,1,{'test': 1},1,0,
47208,1,{'test': 1},1,0,
47209,1,{'test': 1},1,0,
47211,2,{'test': 2},2,0,
47215,2,{'test': 2},2,0,
47217,3,{'test': 3},1,2,DUPLICATE_NEAR
47214,1,{'test': 1},1,0,
47218,1,{'test': 1},1,0,
47219,1,{'test': 1},1,0,
47221,2,{'test': 2},2,0,
47222,1,{'test': 1},1,0,
47223,1,{'test': 1},1,0,
47224,1,{'test': 1},1,0,
47225,1,{'test': 1},1,0,
47226,1,{'test': 1},1,0,
47230,4,{'test': 4},1,3,DUPLICATE_NEAR
47231,1,{'test': 1},1,0,
47233,2,{'test': 2},2,0,
47234,1,{'test': 1},1,0,
47236,1,{'test': 1},1,0,
47241,2,{'test': 2},2,0,
47239,1,{'test': 1},1,0,
47240,1,{'test': 1},1,0,
47244,2,{'test': 2},2,0,
47245,1,{'test': 1},1,0,
47249,1,{'test': 1},1,0,
47250,1,{'test': 1},1,0,
47251,1,{'test': 1},1,0,
47258,3,{'test': 3},1,2,DUPLICATE_NEAR
47255,1,{'test': 1},1,0,
47257,1,{'test': 1},1,0,
47263,3,{'test': 3},1,2,DUPLICATE_NEAR
47262,1,{'test': 1},1,0,
47266,2,{'test': 2},2,0,
47265,1,{'test': 1},1,0,
47268,2,{'test': 2},2,0,
47269,1,{'test': 1},1,0,
47271,1,{'test': 1},1,0,
47273,1,{'test': 1},1,0,
47274,1,{'test': 1},1,0,
47275,1,{'test': 1},1,0,
47276,1,{'test': 1},1,0,
47277,1,{'test': 1},1,0,
47283,3,{'test': 3},1,2,DUPLICATE_NEAR
47281,1,{'test': 1},1,0,
47284,1,{'test': 1},1,0,
47285,1,{'test': 1},1,0,
47286,1,{'test': 1},1,0,
47287,1,{'test': 1},1,0,
47290,2,{'test': 2},2,0,
47289,1,{'test': 1},1,0,
47294,3,{'test': 3},1,2,DUPLICATE_NEAR
47295,2,{'test': 2},2,0,
47296,1,{'test': 1},1,0,
47297,1,{'test': 1},1,0,
47298,1,{'test': 1},1,0,
47299,1,{'test': 1},1,0,
47300,1,{'test': 1},1,0,
47301,1,{'test': 1},1,0,
47302,1,{'test': 1},1,0,
47303,1,{'test': 1},1,0,
47304,1,{'test': 1},1,0,
47305,1,{'test': 1},1,0,
47306,1,{'test': 1},1,0,
47307,1,{'test': 1},1,0,
47308,1,{'test': 1},1,0,
47310,1,{'test': 1},1,0,
47314,2,{'test': 2},2,0,
47316,2,{'test': 2},2,0,
47317,1,{'test': 1},1,0,
47318,1,{'test': 1},1,0,
47325,2,{'test': 2},2,0,
47321,1,{'test': 1},1,0,
47326,1,{'test': 1},1,0,
47327,1,{'test': 1},1,0,
47328,1,{'test': 1},1,0,
47329,1,{'test': 1},1,0,
47330,1,{'test': 1},1,0,
47331,1,{'test': 1},1,0,
47332,1,{'test': 1},1,0,
47333,1,{'test': 1},1,0,
47334,1,{'test': 1},1,0,
47335,1,{'test': 1},1,0,
47336,1,{'test': 1},1,0,
47342,2,{'test': 2},2,0,
47340,2,{'test': 2},2,0,
47343,1,{'test': 1},1,0,
47344,1,{'test': 1},1,0,
47345,1,{'test': 1},1,0,
47346,1,{'test': 1},1,0,
47347,1,{'test': 1},1,0,
47348,1,{'test': 1},1,0,
47355,4,{'test': 4},1,3,DUPLICATE_NEAR
47356,1,{'test': 1},1,0,
47360,2,{'test': 2},2,0,
47363,1,{'test': 1},1,0,
47364,1,{'test': 1},1,0,
47367,1,{'test': 1},1,0,
47369,1,{'test': 1},1,0,
47372,2,{'test': 2},2,0,
47371,1,{'test': 1},1,0,
47373,1,{'test': 1},1,0,
47374,1,{'test': 1},1,0,
47376,1,{'test': 1},1,0,
47379,1,{'test': 1},1,0,
47380,1,{'test': 1},1,0,
47381,1,{'test': 1},1,0,
47382,1,{'test': 1},1,0,
47383,1,{'test': 1},1,0,
47384,1,{'test': 1},1,0,
47385,1,{'test': 1},1,0,
47386,1,{'test': 1},1,0,
47387,1,{'test': 1},1,0,
47388,1,{'test': 1},1,0,
47389,1,{'test': 1},1,0,
47390,1,{'test': 1},1,0,
47391,1,{'test': 1},1,0,
47392,1,{'test': 1},1,0,
47393,1,{'test': 1},1,0,
47394,1,{'test': 1},1,0,
47395,1,{'test': 1},1,0,
47400,1,{'test': 1},1,0,
47402,1,{'test': 1},1,0,
47403,1,{'test': 1},1,0,
47409,2,{'test': 2},2,0,
47406,1,{'test': 1},1,0,
47407,1,{'test': 1},1,0,
47408,1,{'test': 1},1,0,
47410,1,{'test': 1},1,0,
47412,1,{'test': 1},1,0,
47414,1,{'test': 1},1,0,
47417,1,{'test': 1},1,0,
47418,1,{'test': 1},1,0,
47419,1,{'test': 1},1,0,
47420,1,{'test': 1},1,0,
47422,1,{'test': 1},1,0,
47423,1,{'test': 1},1,0,
47425,1,{'test': 1},1,0,
47426,1,{'test': 1},1,0,
47427,1,{'test': 1},1,0,
47430,2,{'test': 2},2,0,
47429,1,{'test': 1},1,0,
47431,1,{'test': 1},1,0,
47434,2,{'test': 2},2,0,
47433,1,{'test': 1},1,0,
47435,1,{'test': 1},1,0,
47438,1,{'test': 1},1,0,
47439,1,{'test': 1},1,0,
47440,1,{'test': 1},1,0,
47446,2,{'test': 2},2,0,
47447,1,{'test': 1},1,0,
47450,2,{'test': 2},2,0,
47451,1,{'test': 1},1,0,
47458,1,{'test': 1},1,0,
47462,4,{'test': 4},1,3,DUPLICATE_NEAR
47464,2,{'test': 2},2,0,
47465,1,{'test': 1},1,0,
47466,1,{'test': 1},1,0,
47467,1,{'test': 1},1,0,
47469,2,{'test': 2},2,0,
47475,3,{'test': 3},1,2,DUPLICATE_NEAR
47477,2,{'test': 2},2,0,
47478,1,{'test': 1},1,0,
47479,1,{'test': 1},1,0,
47480,1,{'test': 1},1,0,
47481,1,{'test': 1},1,0,
47482,1,{'test': 1},1,0,
47483,1,{'test': 1},1,0,
47484,1,{'test': 1},1,0,
47492,3,{'test': 3},1,2,DUPLICATE_NEAR
47486,1,{'test': 1},1,0,
47488,1,{'test': 1},1,0,
47489,1,{'test': 1},1,0,
47490,1,{'test': 1},1,0,
47491,1,{'test': 1},1,0,
47495,1,{'test': 1},1,0,
47496,1,{'test': 1},1,0,
47499,2,{'test': 2},2,0,
47498,1,{'test': 1},1,0,
47500,1,{'test': 1},1,0,
47501,1,{'test': 1},1,0,
47505,4,{'test': 4},1,3,DUPLICATE_NEAR
47511,2,{'test': 2},2,0,
47510,1,{'test': 1},1,0,
47512,1,{'test': 1},1,0,
47513,1,{'test': 1},1,0,
47514,1,{'test': 1},1,0,
47515,1,{'test': 1},1,0,
47517,2,{'test': 2},2,0,
47518,1,{'test': 1},1,0,
47521,2,{'test': 2},2,0,
47524,1,{'test': 1},1,0,
47525,1,{'test': 1},1,0,
47533,4,{'test': 4},1,3,DUPLICATE_NEAR
47527,1,{'test': 1},1,0,
47530,2,{'test': 2},2,0,
47532,1,{'test': 1},1,0,
47535,2,{'test': 2},2,0,
47537,2,{'test': 2},2,0,
47538,1,{'test': 1},1,0,
47539,1,{'test': 1},1,0,
47540,1,{'test': 1},1,0,
47541,1,{'test': 1},1,0,
47547,3,{'test': 3},1,2,DUPLICATE_NEAR
47545,3,{'test': 3},1,2,DUPLICATE_NEAR
47548,1,{'test': 1},1,0,
47551,3,{'test': 3},1,2,DUPLICATE_NEAR
47554,1,{'test': 1},1,0,
47555,1,{'test': 1},1,0,
47556,1,{'test': 1},1,0,
47561,2,{'test': 2},2,0,
47558,1,{'test': 1},1,0,
47559,1,{'test': 1},1,0,
47560,1,{'test': 1},1,0,
47562,1,{'test': 1},1,0,
47563,1,{'test': 1},1,0,
47565,1,{'test': 1},1,0,
47566,1,{'test': 1},1,0,
47567,1,{'test': 1},1,0,
47568,1,{'test': 1},1,0,
47569,1,{'test': 1},1,0,
47570,1,{'test': 1},1,0,
47571,1,{'test': 1},1,0,
47572,1,{'test': 1},1,0,
47573,1,{'test': 1},1,0,
47576,2,{'test': 2},2,0,
47575,1,{'test': 1},1,0,
47578,1,{'test': 1},1,0,
47582,2,{'test': 2},2,0,
47583,1,{'test': 1},1,0,
47584,1,{'test': 1},1,0,
47585,1,{'test': 1},1,0,
47586,1,{'test': 1},1,0,
47588,1,{'test': 1},1,0,
47590,1,{'test': 1},1,0,
47593,2,{'test': 2},2,0,
47592,1,{'test': 1},1,0,
47594,1,{'test': 1},1,0,
47599,1,{'test': 1},1,0,
47600,1,{'test': 1},1,0,
47601,1,{'test': 1},1,0,
47606,6,{'test': 6},1,5,DUPLICATE_NEAR
47608,1,{'test': 1},1,0,
47614,4,{'test': 4},1,3,DUPLICATE_NEAR
47613,2,{'test': 2},2,0,
47615,1,{'test': 1},1,0,
47616,1,{'test': 1},1,0,
47618,2,{'test': 2},2,0,
47619,1,{'test': 1},1,0,
47620,1,{'test': 1},1,0,
47621,1,{'test': 1},1,0,
47622,1,{'test': 1},1,0,
47623,1,{'test': 1},1,0,
47624,1,{'test': 1},1,0,
47625,1,{'test': 1},1,0,
47626,1,{'test': 1},1,0,
47630,2,{'test': 2},2,0,
47628,1,{'test': 1},1,0,
47629,1,{'test': 1},1,0,
47631,1,{'test': 1},1,0,
47643,3,{'test': 3},1,2,DUPLICATE_NEAR
47633,1,{'test': 1},1,0,
47641,2,{'test': 2},2,0,
47636,1,{'test': 1},1,0,
47637,1,{'test': 1},1,0,
47638,1,{'test': 1},1,0,
47639,1,{'test': 1},1,0,
47640,1,{'test': 1},1,0,
47642,1,{'test': 1},1,0,
47644,1,{'test': 1},1,0,
47645,1,{'test': 1},1,0,
47649,1,{'test': 1},1,0,
47652,2,{'test': 2},2,0,
47653,1,{'test': 1},1,0,
47654,1,{'test': 1},1,0,
47655,1,{'test': 1},1,0,
47656,1,{'test': 1},1,0,
47657,1,{'test': 1},1,0,
47658,1,{'test': 1},1,0,
47659,1,{'test': 1},1,0,
47661,1,{'test': 1},1,0,
47663,1,{'test': 1},1,0,
47664,1,{'test': 1},1,0,
47665,1,{'test': 1},1,0,
47666,1,{'test': 1},1,0,
47667,1,{'test': 1},1,0,
47671,4,{'test': 4},1,3,DUPLICATE_NEAR
47672,1,{'test': 1},1,0,
47673,1,{'test': 1},1,0,
47674,1,{'test': 1},1,0,
47675,1,{'test': 1},1,0,
47676,1,{'test': 1},1,0,
47677,1,{'test': 1},1,0,
47681,2,{'test': 2},2,0,
47680,1,{'test': 1},1,0,
47682,1,{'test': 1},1,0,
47684,2,{'test': 2},2,0,
47686,1,{'test': 1},1,0,
47688,1,{'test': 1},1,0,
47689,1,{'test': 1},1,0,
47690,1,{'test': 1},1,0,
47691,1,{'test': 1},1,0,
47692,1,{'test': 1},1,0,
47693,1,{'test': 1},1,0,
47695,1,{'test': 1},1,0,
47699,2,{'test': 2},2,0,
47697,1,{'test': 1},1,0,
47698,1,{'test': 1},1,0,
47700,1,{'test': 1},1,0,
47705,3,{'test': 3},1,2,DUPLICATE_NEAR
47706,1,{'test': 1},1,0,
47708,1,{'test': 1},1,0,
47709,1,{'test': 1},1,0,
47710,1,{'test': 1},1,0,
47712,1,{'test': 1},1,0,
47715,2,{'test': 2},2,0,
47717,3,{'test': 3},1,2,DUPLICATE_NEAR
47718,1,{'test': 1},1,0,
47720,1,{'test': 1},1,0,
47721,1,{'test': 1},1,0,
47725,2,{'test': 2},2,0,
47728,1,{'test': 1},1,0,
47729,1,{'test': 1},1,0,
47730,1,{'test': 1},1,0,
47731,1,{'test': 1},1,0,
47734,1,{'test': 1},1,0,
47735,1,{'test': 1},1,0,
47736,1,{'test': 1},1,0,
47737,1,{'test': 1},1,0,
47738,1,{'test': 1},1,0,
47739,1,{'test': 1},1,0,
47740,1,{'test': 1},1,0,
47741,1,{'test': 1},1,0,
47742,1,{'test': 1},1,0,
47743,1,{'test': 1},1,0,
47744,1,{'test': 1},1,0,
47745,1,{'test': 1},1,0,
47746,1,{'test': 1},1,0,
47749,2,{'test': 2},2,0,
47750,1,{'test': 1},1,0,
47751,1,{'test': 1},1,0,
47752,1,{'test': 1},1,0,
47753,1,{'test': 1},1,0,
47758,3,{'test': 3},1,2,DUPLICATE_NEAR
47757,2,{'test': 2},2,0,
47759,1,{'test': 1},1,0,
47761,2,{'test': 2},2,0,
47762,1,{'test': 1},1,0,
47763,1,{'test': 1},1,0,
47764,1,{'test': 1},1,0,
47765,1,{'test': 1},1,0,
47766,1,{'test': 1},1,0,
47767,1,{'test': 1},1,0,
47770,1,{'test': 1},1,0,
47771,1,{'test': 1},1,0,
47775,2,{'test': 2},2,0,
47774,1,{'test': 1},1,0,
47776,1,{'test': 1},1,0,
47778,2,{'test': 2},2,0,
47779,1,{'test': 1},1,0,
47783,1,{'test': 1},1,0,
47785,2,{'test': 2},2,0,
47786,1,{'test': 1},1,0,
47787,1,{'test': 1},1,0,
47789,1,{'test': 1},1,0,
47790,1,{'test': 1},1,0,
47792,2,{'test': 2},2,0,
47794,3,{'test': 3},1,2,DUPLICATE_NEAR
47796,1,{'test': 1},1,0,
47797,1,{'test': 1},1,0,
47799,2,{'test': 2},2,0,
47801,1,{'test': 1},1,0,
47804,1,{'test': 1},1,0,
47806,2,{'test': 2},2,0,
47807,1,{'test': 1},1,0,
47808,1,{'test': 1},1,0,
47809,1,{'test': 1},1,0,
47810,1,{'test': 1},1,0,
47811,1,{'test': 1},1,0,
47812,1,{'test': 1},1,0,
47814,2,{'test': 2},2,0,
47819,1,{'test': 1},1,0,
47820,1,{'test': 1},1,0,
47822,1,{'test': 1},1,0,
47823,1,{'test': 1},1,0,
47824,1,{'test': 1},1,0,
47825,1,{'test': 1},1,0,
47826,1,{'test': 1},1,0,
47832,4,{'test': 4},1,3,DUPLICATE_NEAR
47831,2,{'test': 2},2,0,
47833,1,{'test': 1},1,0,
47838,2,{'test': 2},2,0,
47848,2,{'test': 2},2,0,
47847,3,{'test': 3},1,2,DUPLICATE_NEAR
47839,1,{'test': 1},1,0,
47840,1,{'test': 1},1,0,
47842,2,{'test': 2},2,0,
47849,2,{'test': 2},2,0,
47845,1,{'test': 1},1,0,
47851,1,{'test': 1},1,0,
47855,3,{'test': 3},1,2,DUPLICATE_NEAR
47854,1,{'test': 1},1,0,
47856,1,{'test': 1},1,0,
47857,1,{'test': 1},1,0,
47864,3,{'test': 3},1,2,DUPLICATE_NEAR
47863,3,{'test': 3},1,2,DUPLICATE_NEAR
47865,1,{'test': 1},1,0,
47866,1,{'test': 1},1,0,
47867,1,{'test': 1},1,0,
47868,1,{'test': 1},1,0,
47871,2,{'test': 2},2,0,
47870,1,{'test': 1},1,0,
47874,1,{'test': 1},1,0,
47876,2,{'test': 2},2,0,
47877,1,{'test': 1},1,0,
47878,1,{'test': 1},1,0,
47880,2,{'test': 2},2,0,
47885,2,{'test': 2},2,0,
47883,1,{'test': 1},1,0,
47887,2,{'test': 2},2,0,
47888,1,{'test': 1},1,0,
47891,2,{'test': 2},2,0,
47892,1,{'test': 1},1,0,
47893,1,{'test': 1},1,0,
47900,3,{'test': 3},1,2,DUPLICATE_NEAR
47901,1,{'test': 1},1,0,
47902,1,{'test': 1},1,0,
47903,1,{'test': 1},1,0,
47913,2,{'test': 2},2,0,
47906,2,{'test': 2},2,0,
47907,1,{'test': 1},1,0,
47909,2,{'test': 2},2,0,
47910,1,{'test': 1},1,0,
47911,1,{'test': 1},1,0,
47912,1,{'test': 1},1,0,
47914,1,{'test': 1},1,0,
47916,1,{'test': 1},1,0,
47920,2,{'test': 2},2,0,
47921,1,{'test': 1},1,0,
47922,1,{'test': 1},1,0,
47924,1,{'test': 1},1,0,
47926,1,{'test': 1},1,0,
47927,1,{'test': 1},1,0,
47978,2,{'test': 2},2,0,
47929,1,{'test': 1},1,0,
47930,1,{'test': 1},1,0,
47931,1,{'test': 1},1,0,
47932,1,{'test': 1},1,0,
47933,1,{'test': 1},1,0,
47934,1,{'test': 1},1,0,
47940,5,{'test': 5},1,4,DUPLICATE_NEAR
47938,1,{'test': 1},1,0,
47941,1,{'test': 1},1,0,
47942,1,{'test': 1},1,0,
47943,1,{'test': 1},1,0,
47944,1,{'test': 1},1,0,
47950,2,{'test': 2},2,0,
47951,3,{'test': 3},1,2,DUPLICATE_NEAR
47947,1,{'test': 1},1,0,
47948,1,{'test': 1},1,0,
47952,1,{'test': 1},1,0,
47953,1,{'test': 1},1,0,
47954,1,{'test': 1},1,0,
47955,1,{'test': 1},1,0,
47956,1,{'test': 1},1,0,
47959,2,{'test': 2},2,0,
47962,3,{'test': 3},1,2,DUPLICATE_NEAR
47963,1,{'test': 1},1,0,
47964,1,{'test': 1},1,0,
47965,1,{'test': 1},1,0,
47968,2,{'test': 2},2,0,
47967,1,{'test': 1},1,0,
47969,1,{'test': 1},1,0,
47970,1,{'test': 1},1,0,
47971,1,{'test': 1},1,0,
47972,1,{'test': 1},1,0,
47973,1,{'test': 1},1,0,
47974,1,{'test': 1},1,0,
47976,1,{'test': 1},1,0,
47982,2,{'test': 2},2,0,
47981,1,{'test': 1},1,0,
47984,1,{'test': 1},1,0,
47985,1,{'test': 1},1,0,
47986,1,{'test': 1},1,0,
47988,2,{'test': 2},2,0,
47989,1,{'test': 1},1,0,
47992,2,{'test': 2},2,0,
